subset,task_id,algorithm,original_width,original_depth,original_gates,algiers_depth,algiers_width,algiers_gates,almaden_depth,almaden_width,almaden_gates,armonk_depth,armonk_width,armonk_gates,athens_depth,athens_width,athens_gates,auckland_depth,auckland_width,auckland_gates,belem_depth,belem_width,belem_gates,boeblingen_depth,boeblingen_width,boeblingen_gates,bogota_depth,bogota_width,bogota_gates,brisbane_depth,brisbane_width,brisbane_gates,brooklyn_depth,brooklyn_width,brooklyn_gates,burlington_depth,burlington_width,burlington_gates,cairo_depth,cairo_width,cairo_gates,cambridge_depth,cambridge_width,cambridge_gates,casablanca_depth,casablanca_width,casablanca_gates,cusco_depth,cusco_width,cusco_gates,essex_depth,essex_width,essex_gates,fractional_depth,fractional_width,fractional_gates,geneva_depth,geneva_width,geneva_gates,guadalupe_depth,guadalupe_width,guadalupe_gates,hanoi_depth,hanoi_width,hanoi_gates,jakarta_depth,jakarta_width,jakarta_gates,johannesburg_depth,johannesburg_width,johannesburg_gates,kawasaki_depth,kawasaki_width,kawasaki_gates,kolkata_depth,kolkata_width,kolkata_gates,kyiv_depth,kyiv_width,kyiv_gates,kyoto_depth,kyoto_width,kyoto_gates,lagos_depth,lagos_width,lagos_gates,lima_depth,lima_width,lima_gates,london_depth,london_width,london_gates,manhattan_depth,manhattan_width,manhattan_gates,manila_depth,manila_width,manila_gates,melbourne_depth,melbourne_width,melbourne_gates,montreal_depth,montreal_width,montreal_gates,mumbai_depth,mumbai_width,mumbai_gates,nairobi_depth,nairobi_width,nairobi_gates,osaka_depth,osaka_width,osaka_gates,oslo_depth,oslo_width,oslo_gates,ourense_depth,ourense_width,ourense_gates,paris_depth,paris_width,paris_gates,peekskill_depth,peekskill_width,peekskill_gates,perth_depth,perth_width,perth_gates,prague_depth,prague_width,prague_gates,poughkeepsie_depth,poughkeepsie_width,poughkeepsie_gates,quebec_depth,quebec_width,quebec_gates,quito_depth,quito_width,quito_gates,rochester_depth,rochester_width,rochester_gates,rome_depth,rome_width,rome_gates,santiago_depth,santiago_width,santiago_gates,sherbrooke_depth,sherbrooke_width,sherbrooke_gates,singapore_depth,singapore_width,singapore_gates,sydney_depth,sydney_width,sydney_gates,torino_depth,torino_width,torino_gates,toronto_depth,toronto_width,toronto_gates,valencia_depth,valencia_width,valencia_gates,vigo_depth,vigo_width,vigo_gates,washington_depth,washington_width,washington_gates,yorktown_depth,yorktown_width,yorktown_gates
1,675,qaoa,8,9,"{'rzz': 16, 'rx': 16, 'h': 8, 'measure': 8, 'barrier': 1}",40,27,"{'rz': 8, 'sx': 8, 'cx': 14, 'measure': 8}",26,20,"{'u2': 8, 'cx': 10, 'u1': 6, 'u3': 8, 'measure': 8}",-1,-1,{},-1,-1,{},40,27,"{'rz': 8, 'sx': 8, 'cx': 14, 'measure': 8}",-1,-1,{},26,20,"{'u2': 8, 'cx': 10, 'u1': 7, 'u3': 8, 'measure': 8}",-1,-1,{},74,127,"{'rz': 8, 'sx': 8, 'ecr': 7, 'x': 6, 'measure': 8}",40,65,"{'rz': 8, 'sx': 8, 'cx': 14, 'measure': 8}",-1,-1,{},73,27,"{'rz': 8, 'sx': 8, 'cx': 2, 'ecr': 5, 'x': 4, 'measure': 8}",26,28,"{'u2': 8, 'cx': 14, 'u1': 8, 'u3': 8, 'measure': 8}",-1,-1,{},73,127,"{'rz': 8, 'sx': 8, 'ecr': 7, 'x': 4, 'measure': 8}",-1,-1,{},-1,-1,{},40,27,"{'rz': 8, 'sx': 8, 'cx': 14, 'measure': 8}",40,16,"{'rz': 8, 'sx': 8, 'cx': 14, 'measure': 8}",40,27,"{'rz': 8, 'sx': 8, 'cx': 14, 'measure': 8}",-1,-1,{},26,20,"{'u2': 8, 'cx': 10, 'u1': 6, 'u3': 8, 'measure': 8}",74,127,"{'rz': 8, 'sx': 8, 'ecr': 7, 'x': 5, 'measure': 8}",40,27,"{'rz': 8, 'sx': 8, 'cx': 14, 'measure': 8}",74,127,"{'rz': 8, 'sx': 8, 'ecr': 7, 'x': 4, 'measure': 8}",73,127,"{'rz': 8, 'sx': 8, 'ecr': 7, 'x': 2, 'measure': 8}",-1,-1,{},-1,-1,{},-1,-1,{},40,65,"{'rz': 8, 'sx': 8, 'cx': 14, 'measure': 8}",-1,-1,{},29,15,"{'rz': 8, 'sx': 8, 'cx': 8, 'measure': 8}",40,27,"{'rz': 8, 'sx': 8, 'cx': 14, 'measure': 8}",40,27,"{'rz': 8, 'sx': 8, 'cx': 14, 'measure': 8}",-1,-1,{},74,127,"{'rz': 8, 'sx': 8, 'ecr': 7, 'x': 3, 'measure': 8}",-1,-1,{},-1,-1,{},40,27,"{'rz': 8, 'sx': 8, 'cx': 14, 'measure': 8}",74,27,"{'rz': 8, 'sx': 8, 'ecr': 7, 'x': 6, 'measure': 8}",-1,-1,{},64,33,"{'rz': 8, 'sx': 8, 'cz': 10, 'x': 6, 'measure': 8}",31,20,"{'u2': 8, 'cx': 10, 'u1': 6, 'u3': 8, 'measure': 8}",75,127,"{'rz': 8, 'sx': 8, 'ecr': 7, 'x': 3, 'measure': 8}",-1,-1,{},26,53,"{'u2': 8, 'cx': 14, 'u1': 8, 'u3': 8, 'measure': 8}",-1,-1,{},-1,-1,{},72,127,"{'rz': 8, 'sx': 8, 'ecr': 7, 'x': 3, 'measure': 8}",26,20,"{'u2': 8, 'cx': 10, 'u1': 6, 'u3': 8, 'measure': 8}",40,27,"{'rz': 8, 'sx': 8, 'cx': 14, 'measure': 8}",66,133,"{'rz': 8, 'sx': 8, 'cz': 9, 'x': 6, 'measure': 8}",40,27,"{'rz': 8, 'sx': 8, 'cx': 14, 'measure': 8}",-1,-1,{},-1,-1,{},40,127,"{'rz': 8, 'sx': 8, 'cx': 14, 'measure': 8}",-1,-1,{}
1,652,ghz,57,58,"{'measure': 57, 'cx': 56, 'h': 1, 'barrier': 1}",-1,-1,{},-1,-1,{},-1,-1,{},-1,-1,{},-1,-1,{},-1,-1,{},-1,-1,{},-1,-1,{},278,127,"{'rz': 57, 'sx': 57, 'ecr': 56, 'x': 11, 'measure': 57}",60,65,"{'rz': 1, 'sx': 1, 'cx': 56, 'measure': 57}",-1,-1,{},-1,-1,{},-1,-1,{},-1,-1,{},252,127,"{'rz': 57, 'sx': 57, 'ecr': 56, 'x': 19, 'measure': 57}",-1,-1,{},-1,-1,{},-1,-1,{},-1,-1,{},-1,-1,{},-1,-1,{},-1,-1,{},269,127,"{'rz': 57, 'sx': 57, 'ecr': 56, 'x': 14, 'measure': 57}",-1,-1,{},263,127,"{'rz': 57, 'sx': 57, 'ecr': 56, 'x': 11, 'measure': 57}",267,127,"{'rz': 57, 'sx': 57, 'ecr': 56, 'x': 19, 'measure': 57}",-1,-1,{},-1,-1,{},-1,-1,{},60,65,"{'rz': 1, 'sx': 1, 'cx': 56, 'measure': 57}",-1,-1,{},-1,-1,{},-1,-1,{},-1,-1,{},-1,-1,{},247,127,"{'rz': 57, 'sx': 57, 'ecr': 56, 'x': 27, 'measure': 57}",-1,-1,{},-1,-1,{},-1,-1,{},-1,-1,{},-1,-1,{},-1,-1,{},-1,-1,{},277,127,"{'rz': 57, 'sx': 57, 'ecr': 56, 'x': 15, 'measure': 57}",-1,-1,{},-1,-1,{},-1,-1,{},-1,-1,{},255,127,"{'rz': 57, 'sx': 57, 'ecr': 56, 'x': 19, 'measure': 57}",-1,-1,{},-1,-1,{},172,133,"{'rz': 57, 'sx': 57, 'cz': 56, 'measure': 57}",-1,-1,{},-1,-1,{},-1,-1,{},60,127,"{'rz': 1, 'sx': 1, 'cx': 56, 'measure': 57}",-1,-1,{}
1,251,qnn,92,915,"{'cx': 16835, 'p': 8372, 'u2': 184, 'ry': 184, 'measure': 92, 'barrier': 1}",-1,-1,{},-1,-1,{},-1,-1,{},-1,-1,{},-1,-1,{},-1,-1,{},-1,-1,{},-1,-1,{},20770,127,"{'rz': 92, 'sx': 92, 'ecr': 98, 'x': 92, 'measure': 92}",-1,-1,{},-1,-1,{},-1,-1,{},-1,-1,{},-1,-1,{},21525,127,"{'rz': 92, 'sx': 92, 'ecr': 96, 'x': 92, 'measure': 92}",-1,-1,{},-1,-1,{},-1,-1,{},-1,-1,{},-1,-1,{},-1,-1,{},-1,-1,{},29711,127,"{'rz': 98, 'sx': 98, 'ecr': 109, 'x': 98, 'measure': 92}",-1,-1,{},19852,127,"{'rz': 94, 'sx': 94, 'ecr': 101, 'x': 94, 'measure': 92}",23542,127,"{'rz': 99, 'sx': 99, 'ecr': 108, 'x': 99, 'measure': 92}",-1,-1,{},-1,-1,{},-1,-1,{},-1,-1,{},-1,-1,{},-1,-1,{},-1,-1,{},-1,-1,{},-1,-1,{},26970,127,"{'rz': 98, 'sx': 98, 'ecr': 110, 'x': 98, 'measure': 92}",-1,-1,{},-1,-1,{},-1,-1,{},-1,-1,{},-1,-1,{},-1,-1,{},-1,-1,{},22409,127,"{'rz': 96, 'sx': 96, 'ecr': 105, 'x': 96, 'measure': 92}",-1,-1,{},-1,-1,{},-1,-1,{},-1,-1,{},27615,127,"{'rz': 97, 'sx': 97, 'ecr': 107, 'x': 97, 'measure': 92}",-1,-1,{},-1,-1,{},12057,133,"{'rz': 93, 'sx': 95, 'cz': 203, 'x': 26, 'measure': 92}",-1,-1,{},-1,-1,{},-1,-1,{},10521,127,"{'rz': 94, 'sx': 94, 'cx': 210, 'x': 94, 'measure': 92}",-1,-1,{}
1,183,ghz,80,81,"{'measure': 80, 'cx': 79, 'h': 1, 'barrier': 1}",-1,-1,{},-1,-1,{},-1,-1,{},-1,-1,{},-1,-1,{},-1,-1,{},-1,-1,{},-1,-1,{},362,127,"{'rz': 80, 'sx': 80, 'ecr': 79, 'x': 29, 'measure': 80}",-1,-1,{},-1,-1,{},-1,-1,{},-1,-1,{},-1,-1,{},372,127,"{'rz': 80, 'sx': 80, 'ecr': 79, 'x': 25, 'measure': 80}",-1,-1,{},-1,-1,{},-1,-1,{},-1,-1,{},-1,-1,{},-1,-1,{},-1,-1,{},372,127,"{'rz': 80, 'sx': 80, 'ecr': 79, 'x': 22, 'measure': 80}",-1,-1,{},357,127,"{'rz': 80, 'sx': 80, 'ecr': 79, 'x': 27, 'measure': 80}",380,127,"{'rz': 80, 'sx': 80, 'ecr': 79, 'x': 21, 'measure': 80}",-1,-1,{},-1,-1,{},-1,-1,{},-1,-1,{},-1,-1,{},-1,-1,{},-1,-1,{},-1,-1,{},-1,-1,{},385,127,"{'rz': 80, 'sx': 80, 'ecr': 79, 'x': 21, 'measure': 80}",-1,-1,{},-1,-1,{},-1,-1,{},-1,-1,{},-1,-1,{},-1,-1,{},-1,-1,{},351,127,"{'rz': 80, 'sx': 80, 'ecr': 79, 'x': 31, 'measure': 80}",-1,-1,{},-1,-1,{},-1,-1,{},-1,-1,{},361,127,"{'rz': 80, 'sx': 80, 'ecr': 79, 'x': 27, 'measure': 80}",-1,-1,{},-1,-1,{},241,133,"{'rz': 80, 'sx': 80, 'cz': 79, 'measure': 80}",-1,-1,{},-1,-1,{},-1,-1,{},83,127,"{'rz': 1, 'sx': 1, 'cx': 79, 'measure': 80}",-1,-1,{}
1,426,ghz,53,54,"{'measure': 53, 'cx': 52, 'h': 1, 'barrier': 1}",-1,-1,{},-1,-1,{},-1,-1,{},-1,-1,{},-1,-1,{},-1,-1,{},-1,-1,{},-1,-1,{},213,127,"{'rz': 53, 'sx': 53, 'ecr': 52, 'x': 25, 'measure': 53}",56,65,"{'rz': 1, 'sx': 1, 'cx': 52, 'measure': 53}",-1,-1,{},-1,-1,{},-1,-1,{},-1,-1,{},223,127,"{'rz': 53, 'sx': 53, 'ecr': 52, 'x': 21, 'measure': 53}",-1,-1,{},-1,-1,{},-1,-1,{},-1,-1,{},-1,-1,{},-1,-1,{},-1,-1,{},252,127,"{'rz': 53, 'sx': 53, 'ecr': 52, 'x': 13, 'measure': 53}",-1,-1,{},220,127,"{'rz': 53, 'sx': 53, 'ecr': 52, 'x': 23, 'measure': 53}",262,127,"{'rz': 53, 'sx': 53, 'ecr': 52, 'x': 12, 'measure': 53}",-1,-1,{},-1,-1,{},-1,-1,{},56,65,"{'rz': 1, 'sx': 1, 'cx': 52, 'measure': 53}",-1,-1,{},-1,-1,{},-1,-1,{},-1,-1,{},-1,-1,{},249,127,"{'rz': 53, 'sx': 53, 'ecr': 52, 'x': 16, 'measure': 53}",-1,-1,{},-1,-1,{},-1,-1,{},-1,-1,{},-1,-1,{},-1,-1,{},-1,-1,{},221,127,"{'rz': 53, 'sx': 53, 'ecr': 52, 'x': 23, 'measure': 53}",-1,-1,{},160,53,"{'u3': 10, 'u1': 7, 'u2': 18, 'cx': 72, 'measure': 53}",-1,-1,{},-1,-1,{},241,127,"{'rz': 53, 'sx': 53, 'ecr': 52, 'x': 18, 'measure': 53}",-1,-1,{},-1,-1,{},160,133,"{'rz': 53, 'sx': 53, 'cz': 52, 'measure': 53}",-1,-1,{},-1,-1,{},-1,-1,{},56,127,"{'rz': 1, 'sx': 1, 'cx': 52, 'measure': 53}",-1,-1,{}
1,508,qpeinexact,57,170,"{'cp': 1596, 'h': 112, 'measure': 56, 'swap': 28, 'x': 1, 'barrier': 1}",-1,-1,{},-1,-1,{},-1,-1,{},-1,-1,{},-1,-1,{},-1,-1,{},-1,-1,{},-1,-1,{},5859,127,"{'rz': 58, 'sx': 58, 'ecr': 61, 'x': 43, 'measure': 56}",2331,65,"{'rz': 58, 'sx': 58, 'cx': 122, 'x': 40, 'measure': 56}",-1,-1,{},-1,-1,{},-1,-1,{},-1,-1,{},4752,127,"{'rz': 59, 'sx': 59, 'ecr': 61, 'x': 44, 'measure': 56}",-1,-1,{},-1,-1,{},-1,-1,{},-1,-1,{},-1,-1,{},-1,-1,{},-1,-1,{},5584,127,"{'rz': 61, 'sx': 61, 'ecr': 66, 'x': 48, 'measure': 56}",-1,-1,{},5959,127,"{'rz': 58, 'sx': 58, 'ecr': 62, 'x': 40, 'measure': 56}",5960,127,"{'rz': 66, 'sx': 66, 'ecr': 70, 'x': 46, 'measure': 56}",-1,-1,{},-1,-1,{},-1,-1,{},1875,65,"{'rz': 58, 'sx': 57, 'cx': 123, 'x': 37, 'measure': 56}",-1,-1,{},-1,-1,{},-1,-1,{},-1,-1,{},-1,-1,{},6354,127,"{'rz': 60, 'sx': 60, 'ecr': 63, 'x': 42, 'measure': 56}",-1,-1,{},-1,-1,{},-1,-1,{},-1,-1,{},-1,-1,{},-1,-1,{},-1,-1,{},6313,127,"{'rz': 57, 'sx': 57, 'ecr': 60, 'x': 41, 'measure': 56}",-1,-1,{},-1,-1,{},-1,-1,{},-1,-1,{},5303,127,"{'rz': 60, 'sx': 60, 'ecr': 62, 'x': 47, 'measure': 56}",-1,-1,{},-1,-1,{},4649,133,"{'sx': 61, 'rz': 60, 'cz': 113, 'x': 19, 'measure': 56}",-1,-1,{},-1,-1,{},-1,-1,{},2338,127,"{'rz': 57, 'sx': 57, 'cx': 117, 'x': 34, 'measure': 56}",-1,-1,{}
1,24,ae,45,264,"{'cp': 946, 'cx': 88, 'u': 45, 'measure': 45, 'u2': 44, 'u3': 44, 'h': 44, 'barrier': 1}",-1,-1,{},-1,-1,{},-1,-1,{},-1,-1,{},-1,-1,{},-1,-1,{},-1,-1,{},-1,-1,{},3965,127,"{'rz': 45, 'sx': 45, 'ecr': 46, 'x': 35, 'measure': 45}",2143,65,"{'rz': 45, 'sx': 45, 'cx': 112, 'x': 28, 'measure': 45}",-1,-1,{},-1,-1,{},-1,-1,{},-1,-1,{},4370,127,"{'rz': 45, 'sx': 45, 'ecr': 45, 'x': 35, 'measure': 45}",-1,-1,{},-1,-1,{},-1,-1,{},-1,-1,{},-1,-1,{},-1,-1,{},-1,-1,{},3674,127,"{'rz': 46, 'sx': 46, 'ecr': 46, 'x': 35, 'measure': 45}",-1,-1,{},4086,127,"{'rz': 45, 'sx': 45, 'ecr': 48, 'x': 39, 'measure': 45}",4195,127,"{'rz': 47, 'sx': 47, 'ecr': 50, 'x': 38, 'measure': 45}",-1,-1,{},-1,-1,{},-1,-1,{},1917,65,"{'rz': 47, 'sx': 45, 'cx': 99, 'x': 26, 'measure': 45}",-1,-1,{},-1,-1,{},-1,-1,{},-1,-1,{},-1,-1,{},4577,127,"{'rz': 49, 'sx': 49, 'ecr': 52, 'x': 40, 'measure': 45}",-1,-1,{},-1,-1,{},-1,-1,{},-1,-1,{},-1,-1,{},-1,-1,{},-1,-1,{},3515,127,"{'rz': 47, 'sx': 47, 'ecr': 49, 'x': 35, 'measure': 45}",-1,-1,{},1783,53,"{'u2': 46, 'u3': 41, 'cx': 102, 'u1': 39, 'measure': 45}",-1,-1,{},-1,-1,{},4641,127,"{'rz': 46, 'sx': 46, 'ecr': 49, 'x': 34, 'measure': 45}",-1,-1,{},-1,-1,{},3889,133,"{'rz': 45, 'sx': 45, 'cz': 78, 'x': 22, 'measure': 45}",-1,-1,{},-1,-1,{},-1,-1,{},2047,127,"{'rz': 46, 'sx': 46, 'cx': 106, 'x': 31, 'measure': 45}",-1,-1,{}
1,33,ae,53,312,"{'cp': 1326, 'cx': 104, 'u': 53, 'measure': 53, 'u2': 52, 'u3': 52, 'h': 52, 'barrier': 1}",-1,-1,{},-1,-1,{},-1,-1,{},-1,-1,{},-1,-1,{},-1,-1,{},-1,-1,{},-1,-1,{},5822,127,"{'rz': 60, 'sx': 60, 'ecr': 63, 'x': 45, 'measure': 53}",2286,65,"{'rz': 53, 'sx': 53, 'cx': 114, 'x': 31, 'measure': 53}",-1,-1,{},-1,-1,{},-1,-1,{},-1,-1,{},5266,127,"{'rz': 56, 'sx': 56, 'ecr': 58, 'x': 44, 'measure': 53}",-1,-1,{},-1,-1,{},-1,-1,{},-1,-1,{},-1,-1,{},-1,-1,{},-1,-1,{},5248,127,"{'rz': 55, 'sx': 55, 'ecr': 59, 'x': 41, 'measure': 53}",-1,-1,{},5937,127,"{'rz': 53, 'sx': 53, 'ecr': 54, 'x': 43, 'measure': 53}",4311,127,"{'rz': 54, 'sx': 54, 'ecr': 56, 'x': 44, 'measure': 53}",-1,-1,{},-1,-1,{},-1,-1,{},2395,65,"{'rz': 54, 'sx': 53, 'cx': 114, 'x': 34, 'measure': 53}",-1,-1,{},-1,-1,{},-1,-1,{},-1,-1,{},-1,-1,{},5782,127,"{'rz': 60, 'sx': 60, 'ecr': 64, 'x': 47, 'measure': 53}",-1,-1,{},-1,-1,{},-1,-1,{},-1,-1,{},-1,-1,{},-1,-1,{},-1,-1,{},5569,127,"{'rz': 54, 'sx': 54, 'ecr': 56, 'x': 40, 'measure': 53}",-1,-1,{},1767,53,"{'u2': 53, 'u3': 37, 'cx': 116, 'u1': 38, 'measure': 53}",-1,-1,{},-1,-1,{},5332,127,"{'rz': 53, 'sx': 53, 'ecr': 56, 'x': 43, 'measure': 53}",-1,-1,{},-1,-1,{},3912,133,"{'rz': 56, 'sx': 60, 'cz': 107, 'x': 24, 'measure': 53}",-1,-1,{},-1,-1,{},-1,-1,{},2392,127,"{'rz': 54, 'sx': 53, 'cx': 115, 'x': 38, 'measure': 53}",-1,-1,{}
1,20,ae,41,240,"{'cp': 780, 'cx': 80, 'u': 41, 'measure': 41, 'u2': 40, 'u3': 40, 'h': 40, 'barrier': 1}",-1,-1,{},-1,-1,{},-1,-1,{},-1,-1,{},-1,-1,{},-1,-1,{},-1,-1,{},-1,-1,{},3896,127,"{'rz': 46, 'sx': 46, 'ecr': 46, 'x': 35, 'measure': 41}",1661,65,"{'rz': 42, 'sx': 42, 'cx': 92, 'x': 24, 'measure': 41}",-1,-1,{},-1,-1,{},-1,-1,{},-1,-1,{},3508,127,"{'rz': 47, 'sx': 47, 'ecr': 48, 'x': 37, 'measure': 41}",-1,-1,{},-1,-1,{},-1,-1,{},-1,-1,{},-1,-1,{},-1,-1,{},-1,-1,{},4638,127,"{'rz': 45, 'sx': 45, 'ecr': 48, 'x': 39, 'measure': 41}",-1,-1,{},3371,127,"{'rz': 41, 'sx': 41, 'ecr': 42, 'x': 32, 'measure': 41}",4050,127,"{'rz': 41, 'sx': 41, 'ecr': 43, 'x': 34, 'measure': 41}",-1,-1,{},-1,-1,{},-1,-1,{},1817,65,"{'rz': 43, 'sx': 43, 'cx': 96, 'x': 30, 'measure': 41}",-1,-1,{},-1,-1,{},-1,-1,{},-1,-1,{},-1,-1,{},3104,127,"{'rz': 41, 'sx': 41, 'ecr': 42, 'x': 30, 'measure': 41}",-1,-1,{},-1,-1,{},-1,-1,{},-1,-1,{},-1,-1,{},-1,-1,{},-1,-1,{},4281,127,"{'rz': 41, 'sx': 41, 'ecr': 43, 'x': 33, 'measure': 41}",-1,-1,{},1406,53,"{'u2': 39, 'cx': 87, 'u3': 32, 'u1': 35, 'measure': 41}",-1,-1,{},-1,-1,{},3974,127,"{'rz': 44, 'sx': 44, 'ecr': 45, 'x': 33, 'measure': 41}",-1,-1,{},-1,-1,{},3012,133,"{'rz': 42, 'sx': 43, 'cz': 79, 'x': 20, 'measure': 41}",-1,-1,{},-1,-1,{},-1,-1,{},1737,127,"{'rz': 44, 'sx': 43, 'cx': 95, 'x': 29, 'measure': 41}",-1,-1,{}
1,437,graphstate,34,9,"{'h': 34, 'cz': 34, 'measure': 34, 'barrier': 1}",-1,-1,{},-1,-1,{},-1,-1,{},-1,-1,{},-1,-1,{},-1,-1,{},-1,-1,{},-1,-1,{},147,127,"{'rz': 42, 'sx': 42, 'ecr': 40, 'x': 20, 'measure': 34}",38,65,"{'rz': 35, 'sx': 35, 'cx': 57, 'x': 1, 'measure': 34}",-1,-1,{},-1,-1,{},-1,-1,{},-1,-1,{},72,127,"{'rz': 43, 'sx': 43, 'ecr': 44, 'x': 15, 'measure': 34}",-1,-1,{},-1,-1,{},-1,-1,{},-1,-1,{},-1,-1,{},-1,-1,{},-1,-1,{},164,127,"{'rz': 34, 'sx': 34, 'ecr': 36, 'x': 17, 'measure': 34}",-1,-1,{},128,127,"{'rz': 39, 'sx': 39, 'ecr': 37, 'x': 17, 'measure': 34}",84,127,"{'rz': 41, 'sx': 41, 'ecr': 42, 'x': 19, 'measure': 34}",-1,-1,{},-1,-1,{},-1,-1,{},37,65,"{'rz': 35, 'sx': 35, 'cx': 57, 'x': 1, 'measure': 34}",-1,-1,{},-1,-1,{},-1,-1,{},-1,-1,{},-1,-1,{},146,127,"{'rz': 47, 'sx': 47, 'ecr': 49, 'x': 23, 'measure': 34}",-1,-1,{},-1,-1,{},-1,-1,{},-1,-1,{},-1,-1,{},-1,-1,{},-1,-1,{},94,127,"{'rz': 42, 'sx': 42, 'ecr': 42, 'x': 17, 'measure': 34}",-1,-1,{},40,53,"{'u2': 35, 'cx': 71, 'u1': 1, 'u3': 1, 'measure': 34}",-1,-1,{},-1,-1,{},90,127,"{'rz': 49, 'sx': 49, 'ecr': 48, 'x': 15, 'measure': 34}",-1,-1,{},-1,-1,{},79,133,"{'rz': 34, 'sx': 44, 'cz': 53, 'measure': 34}",-1,-1,{},-1,-1,{},-1,-1,{},45,127,"{'rz': 36, 'sx': 36, 'cx': 64, 'x': 1, 'measure': 34}",-1,-1,{}
1,477,qnn,62,615,"{'cx': 7625, 'p': 3782, 'u2': 124, 'ry': 124, 'measure': 62, 'barrier': 1}",-1,-1,{},-1,-1,{},-1,-1,{},-1,-1,{},-1,-1,{},-1,-1,{},-1,-1,{},-1,-1,{},7737,127,"{'rz': 63, 'sx': 63, 'ecr': 65, 'x': 63, 'measure': 62}",3664,65,"{'rz': 62, 'sx': 62, 'cx': 128, 'x': 59, 'measure': 62}",-1,-1,{},-1,-1,{},-1,-1,{},-1,-1,{},8211,127,"{'rz': 63, 'sx': 63, 'ecr': 63, 'x': 62, 'measure': 62}",-1,-1,{},-1,-1,{},-1,-1,{},-1,-1,{},-1,-1,{},-1,-1,{},-1,-1,{},7842,127,"{'rz': 62, 'sx': 62, 'ecr': 62, 'x': 62, 'measure': 62}",-1,-1,{},7391,127,"{'rz': 62, 'sx': 62, 'ecr': 63, 'x': 62, 'measure': 62}",6019,127,"{'rz': 66, 'sx': 66, 'ecr': 69, 'x': 64, 'measure': 62}",-1,-1,{},-1,-1,{},-1,-1,{},2647,65,"{'rz': 64, 'sx': 64, 'cx': 134, 'x': 56, 'measure': 62}",-1,-1,{},-1,-1,{},-1,-1,{},-1,-1,{},-1,-1,{},7542,127,"{'rz': 62, 'sx': 62, 'ecr': 64, 'x': 62, 'measure': 62}",-1,-1,{},-1,-1,{},-1,-1,{},-1,-1,{},-1,-1,{},-1,-1,{},-1,-1,{},10318,127,"{'rz': 63, 'sx': 63, 'ecr': 69, 'x': 63, 'measure': 62}",-1,-1,{},-1,-1,{},-1,-1,{},-1,-1,{},9093,127,"{'rz': 63, 'sx': 63, 'ecr': 66, 'x': 63, 'measure': 62}",-1,-1,{},-1,-1,{},6591,133,"{'rz': 63, 'sx': 63, 'cz': 128, 'x': 28, 'measure': 62}",-1,-1,{},-1,-1,{},-1,-1,{},4060,127,"{'rz': 62, 'sx': 62, 'cx': 132, 'x': 56, 'measure': 62}",-1,-1,{}
1,81,random,75,984,"{'cx': 3511, 'u2': 1663, 'cu1': 1348, 'u1': 982, 'h': 873, 'u3': 627, 'ry': 579, 's': 337, 'ccx': 264, 'rxx': 237, 'cu3': 217, 'sdg': 197, 'tdg': 172, 'rz': 169, 't': 153, 'crz': 150, 'cswap': 144, 'cy': 141, 'cry': 129, 'sx': 127, 'ch': 126, 'cp': 126, 'rzz': 123, 'cz': 123, 'x': 121, 'crx': 114, 'swap': 113, 'p': 109, 'measure': 75, 'z': 61, 'u': 54, 'rx': 43, 'y': 40, 'sxdg': 38, 'barrier': 1}",-1,-1,{},-1,-1,{},-1,-1,{},-1,-1,{},-1,-1,{},-1,-1,{},-1,-1,{},-1,-1,{},60964,127,"{'rz': 92, 'sx': 92, 'ecr': 104, 'x': 86, 'measure': 75}",-1,-1,{},-1,-1,{},-1,-1,{},-1,-1,{},-1,-1,{},60706,127,"{'rz': 83, 'sx': 83, 'ecr': 93, 'x': 80, 'measure': 75}",-1,-1,{},-1,-1,{},-1,-1,{},-1,-1,{},-1,-1,{},-1,-1,{},-1,-1,{},59902,127,"{'rz': 92, 'sx': 92, 'x': 88, 'ecr': 104, 'measure': 75}",-1,-1,{},60361,127,"{'rz': 75, 'sx': 75, 'ecr': 84, 'x': 74, 'measure': 75}",62007,127,"{'rz': 82, 'sx': 82, 'ecr': 92, 'x': 80, 'measure': 75}",-1,-1,{},-1,-1,{},-1,-1,{},-1,-1,{},-1,-1,{},-1,-1,{},-1,-1,{},-1,-1,{},-1,-1,{},61232,127,"{'rz': 75, 'sx': 75, 'ecr': 84, 'x': 75, 'measure': 75}",-1,-1,{},-1,-1,{},-1,-1,{},-1,-1,{},-1,-1,{},-1,-1,{},-1,-1,{},59497,127,"{'rz': 76, 'sx': 76, 'ecr': 85, 'x': 75, 'measure': 75}",-1,-1,{},-1,-1,{},-1,-1,{},-1,-1,{},61370,127,"{'rz': 83, 'sx': 83, 'x': 83, 'ecr': 93, 'measure': 75}",-1,-1,{},-1,-1,{},36715,133,"{'rz': 75, 'sx': 75, 'cz': 168, 'x': 74, 'measure': 75}",-1,-1,{},-1,-1,{},-1,-1,{},19287,127,"{'rz': 79, 'sx': 79, 'cx': 180, 'x': 77, 'measure': 75}",-1,-1,{}
1,389,qpeexact,75,224,"{'cp': 2775, 'h': 148, 'measure': 74, 'swap': 37, 'x': 1, 'barrier': 1}",-1,-1,{},-1,-1,{},-1,-1,{},-1,-1,{},-1,-1,{},-1,-1,{},-1,-1,{},-1,-1,{},9281,127,"{'rz': 78, 'sx': 78, 'ecr': 85, 'x': 60, 'measure': 74}",-1,-1,{},-1,-1,{},-1,-1,{},-1,-1,{},-1,-1,{},7852,127,"{'rz': 77, 'sx': 77, 'ecr': 79, 'x': 56, 'measure': 74}",-1,-1,{},-1,-1,{},-1,-1,{},-1,-1,{},-1,-1,{},-1,-1,{},-1,-1,{},8347,127,"{'rz': 80, 'sx': 80, 'ecr': 87, 'x': 59, 'measure': 74}",-1,-1,{},9252,127,"{'rz': 81, 'sx': 81, 'ecr': 88, 'x': 57, 'measure': 74}",8219,127,"{'rz': 78, 'sx': 78, 'ecr': 84, 'x': 57, 'measure': 74}",-1,-1,{},-1,-1,{},-1,-1,{},-1,-1,{},-1,-1,{},-1,-1,{},-1,-1,{},-1,-1,{},-1,-1,{},8163,127,"{'rz': 83, 'sx': 83, 'ecr': 88, 'x': 61, 'measure': 74}",-1,-1,{},-1,-1,{},-1,-1,{},-1,-1,{},-1,-1,{},-1,-1,{},-1,-1,{},8266,127,"{'rz': 75, 'sx': 75, 'ecr': 79, 'x': 52, 'measure': 74}",-1,-1,{},-1,-1,{},-1,-1,{},-1,-1,{},6697,127,"{'rz': 81, 'sx': 81, 'ecr': 87, 'x': 58, 'measure': 74}",-1,-1,{},-1,-1,{},6561,133,"{'rz': 78, 'sx': 78, 'cz': 145, 'x': 30, 'measure': 74}",-1,-1,{},-1,-1,{},-1,-1,{},3275,127,"{'rz': 75, 'sx': 74, 'cx': 170, 'x': 46, 'measure': 74}",-1,-1,{}
1,94,qftentangled,126,255,"{'cp': 7875, 'h': 127, 'measure': 126, 'cx': 125, 'swap': 63, 'barrier': 1}",-1,-1,{},-1,-1,{},-1,-1,{},-1,-1,{},-1,-1,{},-1,-1,{},-1,-1,{},-1,-1,{},15299,127,"{'rz': 126, 'sx': 126, 'ecr': 142, 'x': 100, 'measure': 126}",-1,-1,{},-1,-1,{},-1,-1,{},-1,-1,{},-1,-1,{},16006,127,"{'rz': 127, 'sx': 127, 'ecr': 143, 'x': 97, 'measure': 126}",-1,-1,{},-1,-1,{},-1,-1,{},-1,-1,{},-1,-1,{},-1,-1,{},-1,-1,{},13732,127,"{'rz': 127, 'sx': 127, 'ecr': 143, 'x': 108, 'measure': 126}",-1,-1,{},12920,127,"{'rz': 127, 'sx': 127, 'ecr': 142, 'x': 96, 'measure': 126}",14029,127,"{'rz': 126, 'sx': 126, 'ecr': 142, 'x': 107, 'measure': 126}",-1,-1,{},-1,-1,{},-1,-1,{},-1,-1,{},-1,-1,{},-1,-1,{},-1,-1,{},-1,-1,{},-1,-1,{},12628,127,"{'rz': 126, 'sx': 126, 'ecr': 142, 'x': 96, 'measure': 126}",-1,-1,{},-1,-1,{},-1,-1,{},-1,-1,{},-1,-1,{},-1,-1,{},-1,-1,{},16506,127,"{'rz': 126, 'sx': 126, 'ecr': 142, 'x': 92, 'measure': 126}",-1,-1,{},-1,-1,{},-1,-1,{},-1,-1,{},13258,127,"{'rz': 126, 'sx': 126, 'ecr': 142, 'x': 95, 'measure': 126}",-1,-1,{},-1,-1,{},10630,133,"{'sx': 129, 'rz': 124, 'cz': 277, 'x': 11, 'measure': 126}",-1,-1,{},-1,-1,{},-1,-1,{},4946,127,"{'rz': 122, 'cx': 282, 'x': 83, 'sx': 111, 'measure': 126}",-1,-1,{}
1,317,ghz,81,82,"{'measure': 81, 'cx': 80, 'h': 1, 'barrier': 1}",-1,-1,{},-1,-1,{},-1,-1,{},-1,-1,{},-1,-1,{},-1,-1,{},-1,-1,{},-1,-1,{},344,127,"{'rz': 81, 'sx': 81, 'ecr': 80, 'x': 35, 'measure': 81}",-1,-1,{},-1,-1,{},-1,-1,{},-1,-1,{},-1,-1,{},376,127,"{'rz': 81, 'sx': 81, 'ecr': 80, 'x': 30, 'measure': 81}",-1,-1,{},-1,-1,{},-1,-1,{},-1,-1,{},-1,-1,{},-1,-1,{},-1,-1,{},351,127,"{'rz': 81, 'sx': 81, 'ecr': 80, 'x': 32, 'measure': 81}",-1,-1,{},362,127,"{'rz': 81, 'sx': 81, 'ecr': 80, 'x': 26, 'measure': 81}",356,127,"{'rz': 81, 'sx': 81, 'ecr': 80, 'x': 35, 'measure': 81}",-1,-1,{},-1,-1,{},-1,-1,{},-1,-1,{},-1,-1,{},-1,-1,{},-1,-1,{},-1,-1,{},-1,-1,{},357,127,"{'rz': 81, 'sx': 81, 'ecr': 80, 'x': 37, 'measure': 81}",-1,-1,{},-1,-1,{},-1,-1,{},-1,-1,{},-1,-1,{},-1,-1,{},-1,-1,{},366,127,"{'rz': 81, 'sx': 81, 'ecr': 80, 'x': 28, 'measure': 81}",-1,-1,{},-1,-1,{},-1,-1,{},-1,-1,{},375,127,"{'rz': 81, 'sx': 81, 'ecr': 80, 'x': 22, 'measure': 81}",-1,-1,{},-1,-1,{},244,133,"{'rz': 81, 'sx': 81, 'cz': 80, 'measure': 81}",-1,-1,{},-1,-1,{},-1,-1,{},84,127,"{'rz': 1, 'sx': 1, 'cx': 80, 'measure': 81}",-1,-1,{}
2,183,ghz,80,81,"{'measure': 80, 'cx': 79, 'h': 1, 'barrier': 1}",-1,-1,{},-1,-1,{},-1,-1,{},-1,-1,{},-1,-1,{},-1,-1,{},-1,-1,{},-1,-1,{},362,127,"{'rz': 80, 'sx': 80, 'ecr': 79, 'x': 29, 'measure': 80}",-1,-1,{},-1,-1,{},-1,-1,{},-1,-1,{},-1,-1,{},372,127,"{'rz': 80, 'sx': 80, 'ecr': 79, 'x': 25, 'measure': 80}",-1,-1,{},-1,-1,{},-1,-1,{},-1,-1,{},-1,-1,{},-1,-1,{},-1,-1,{},372,127,"{'rz': 80, 'sx': 80, 'ecr': 79, 'x': 22, 'measure': 80}",-1,-1,{},357,127,"{'rz': 80, 'sx': 80, 'ecr': 79, 'x': 27, 'measure': 80}",380,127,"{'rz': 80, 'sx': 80, 'ecr': 79, 'x': 21, 'measure': 80}",-1,-1,{},-1,-1,{},-1,-1,{},-1,-1,{},-1,-1,{},-1,-1,{},-1,-1,{},-1,-1,{},-1,-1,{},385,127,"{'rz': 80, 'sx': 80, 'ecr': 79, 'x': 21, 'measure': 80}",-1,-1,{},-1,-1,{},-1,-1,{},-1,-1,{},-1,-1,{},-1,-1,{},-1,-1,{},351,127,"{'rz': 80, 'sx': 80, 'ecr': 79, 'x': 31, 'measure': 80}",-1,-1,{},-1,-1,{},-1,-1,{},-1,-1,{},361,127,"{'rz': 80, 'sx': 80, 'ecr': 79, 'x': 27, 'measure': 80}",-1,-1,{},-1,-1,{},241,133,"{'rz': 80, 'sx': 80, 'cz': 79, 'measure': 80}",-1,-1,{},-1,-1,{},-1,-1,{},83,127,"{'rz': 1, 'sx': 1, 'cx': 79, 'measure': 80}",-1,-1,{}
2,534,ghz,112,113,"{'measure': 112, 'cx': 111, 'h': 1, 'barrier': 1}",-1,-1,{},-1,-1,{},-1,-1,{},-1,-1,{},-1,-1,{},-1,-1,{},-1,-1,{},-1,-1,{},1769,127,"{'rz': 119, 'sx': 119, 'ecr': 127, 'x': 54, 'measure': 112}",-1,-1,{},-1,-1,{},-1,-1,{},-1,-1,{},-1,-1,{},1994,127,"{'rz': 119, 'sx': 119, 'ecr': 125, 'x': 59, 'measure': 112}",-1,-1,{},-1,-1,{},-1,-1,{},-1,-1,{},-1,-1,{},-1,-1,{},-1,-1,{},1998,127,"{'rz': 117, 'sx': 117, 'ecr': 124, 'x': 55, 'measure': 112}",-1,-1,{},2210,127,"{'rz': 115, 'sx': 115, 'ecr': 127, 'x': 59, 'measure': 112}",1800,127,"{'rz': 112, 'sx': 112, 'ecr': 115, 'x': 48, 'measure': 112}",-1,-1,{},-1,-1,{},-1,-1,{},-1,-1,{},-1,-1,{},-1,-1,{},-1,-1,{},-1,-1,{},-1,-1,{},2391,127,"{'rz': 118, 'sx': 118, 'ecr': 129, 'x': 65, 'measure': 112}",-1,-1,{},-1,-1,{},-1,-1,{},-1,-1,{},-1,-1,{},-1,-1,{},-1,-1,{},2344,127,"{'rz': 115, 'sx': 115, 'ecr': 125, 'x': 58, 'measure': 112}",-1,-1,{},-1,-1,{},-1,-1,{},-1,-1,{},2104,127,"{'rz': 115, 'sx': 115, 'ecr': 120, 'x': 52, 'measure': 112}",-1,-1,{},-1,-1,{},1212,133,"{'sx': 120, 'rz': 88, 'cz': 201, 'x': 3, 'measure': 112}",-1,-1,{},-1,-1,{},-1,-1,{},639,127,"{'x': 8, 'rz': 40, 'cx': 203, 'sx': 40, 'measure': 112}",-1,-1,{}
2,685,qft,51,103,"{'cp': 1275, 'h': 51, 'measure': 51, 'swap': 25, 'barrier': 1}",-1,-1,{},-1,-1,{},-1,-1,{},-1,-1,{},-1,-1,{},-1,-1,{},-1,-1,{},-1,-1,{},4785,127,"{'rz': 51, 'sx': 51, 'x': 30, 'ecr': 52, 'measure': 51}",1704,65,"{'rz': 51, 'sx': 42, 'cx': 106, 'x': 32, 'measure': 51}",-1,-1,{},-1,-1,{},-1,-1,{},-1,-1,{},4430,127,"{'rz': 52, 'sx': 52, 'x': 37, 'ecr': 56, 'measure': 51}",-1,-1,{},-1,-1,{},-1,-1,{},-1,-1,{},-1,-1,{},-1,-1,{},-1,-1,{},5320,127,"{'x': 38, 'rz': 51, 'sx': 51, 'ecr': 53, 'measure': 51}",-1,-1,{},4253,127,"{'rz': 53, 'sx': 53, 'ecr': 56, 'x': 36, 'measure': 51}",4135,127,"{'rz': 51, 'sx': 51, 'ecr': 54, 'x': 41, 'measure': 51}",-1,-1,{},-1,-1,{},-1,-1,{},1434,65,"{'sx': 42, 'rz': 51, 'cx': 108, 'x': 30, 'measure': 51}",-1,-1,{},-1,-1,{},-1,-1,{},-1,-1,{},-1,-1,{},4841,127,"{'rz': 51, 'sx': 51, 'x': 37, 'ecr': 52, 'measure': 51}",-1,-1,{},-1,-1,{},-1,-1,{},-1,-1,{},-1,-1,{},-1,-1,{},-1,-1,{},4362,127,"{'rz': 56, 'sx': 56, 'ecr': 60, 'x': 41, 'measure': 51}",-1,-1,{},1704,53,"{'u1': 51, 'cx': 112, 'u3': 34, 'u2': 41, 'measure': 51}",-1,-1,{},-1,-1,{},4172,127,"{'rz': 51, 'sx': 51, 'ecr': 53, 'x': 39, 'measure': 51}",-1,-1,{},-1,-1,{},3083,133,"{'rz': 53, 'sx': 53, 'cz': 100, 'x': 6, 'measure': 51}",-1,-1,{},-1,-1,{},-1,-1,{},1493,127,"{'rz': 52, 'sx': 41, 'cx': 115, 'x': 29, 'measure': 51}",-1,-1,{}
2,411,random,101,1424,"{'cx': 6666, 'u2': 3042, 'cu1': 2719, 'u1': 1792, 'h': 1645, 'u3': 1152, 'ry': 1008, 's': 622, 'ccx': 472, 'rxx': 462, 'cu3': 458, 'sdg': 327, 'tdg': 318, 't': 312, 'rz': 296, 'cp': 233, 'cz': 233, 'cy': 230, 'ch': 229, 'crz': 224, 'crx': 223, 'swap': 221, 'cswap': 221, 'cry': 217, 'sx': 213, 'p': 211, 'rzz': 209, 'x': 205, 'measure': 101, 'sxdg': 82, 'rx': 76, 'u': 75, 'z': 66, 'y': 62, 'barrier': 1}",-1,-1,{},-1,-1,{},-1,-1,{},-1,-1,{},-1,-1,{},-1,-1,{},-1,-1,{},-1,-1,{},120055,127,"{'rz': 102, 'sx': 102, 'ecr': 115, 'x': 102, 'measure': 101}",-1,-1,{},-1,-1,{},-1,-1,{},-1,-1,{},-1,-1,{},122660,127,"{'x': 102, 'rz': 102, 'sx': 102, 'ecr': 115, 'measure': 101}",-1,-1,{},-1,-1,{},-1,-1,{},-1,-1,{},-1,-1,{},-1,-1,{},-1,-1,{},123001,127,"{'rz': 112, 'sx': 112, 'ecr': 126, 'x': 112, 'measure': 101}",-1,-1,{},123345,127,"{'x': 111, 'rz': 112, 'sx': 112, 'ecr': 127, 'measure': 101}",122630,127,"{'rz': 102, 'sx': 102, 'x': 102, 'ecr': 115, 'measure': 101}",-1,-1,{},-1,-1,{},-1,-1,{},-1,-1,{},-1,-1,{},-1,-1,{},-1,-1,{},-1,-1,{},-1,-1,{},117523,127,"{'rz': 102, 'sx': 102, 'x': 101, 'ecr': 115, 'measure': 101}",-1,-1,{},-1,-1,{},-1,-1,{},-1,-1,{},-1,-1,{},-1,-1,{},-1,-1,{},121749,127,"{'rz': 106, 'sx': 106, 'ecr': 120, 'x': 106, 'measure': 101}",-1,-1,{},-1,-1,{},-1,-1,{},-1,-1,{},123538,127,"{'rz': 112, 'sx': 112, 'ecr': 127, 'x': 112, 'measure': 101}",-1,-1,{},-1,-1,{},72426,133,"{'sx': 106, 'rz': 105, 'cz': 240, 'x': 101, 'measure': 101}",-1,-1,{},-1,-1,{},-1,-1,{},39683,127,"{'rz': 104, 'sx': 103, 'cx': 244, 'x': 104, 'measure': 101}",-1,-1,{}
2,65,ae,82,486,"{'cp': 3240, 'cx': 162, 'u': 82, 'measure': 82, 'u2': 81, 'u3': 81, 'h': 81, 'barrier': 1}",-1,-1,{},-1,-1,{},-1,-1,{},-1,-1,{},-1,-1,{},-1,-1,{},-1,-1,{},-1,-1,{},7918,127,"{'rz': 87, 'sx': 87, 'ecr': 95, 'x': 68, 'measure': 82}",-1,-1,{},-1,-1,{},-1,-1,{},-1,-1,{},-1,-1,{},7853,127,"{'rz': 85, 'sx': 85, 'ecr': 90, 'x': 67, 'measure': 82}",-1,-1,{},-1,-1,{},-1,-1,{},-1,-1,{},-1,-1,{},-1,-1,{},-1,-1,{},9655,127,"{'rz': 85, 'sx': 85, 'ecr': 94, 'x': 67, 'measure': 82}",-1,-1,{},7844,127,"{'rz': 89, 'sx': 89, 'ecr': 98, 'x': 70, 'measure': 82}",8706,127,"{'rz': 84, 'sx': 84, 'ecr': 92, 'x': 62, 'measure': 82}",-1,-1,{},-1,-1,{},-1,-1,{},-1,-1,{},-1,-1,{},-1,-1,{},-1,-1,{},-1,-1,{},-1,-1,{},9162,127,"{'rz': 89, 'sx': 89, 'ecr': 98, 'x': 64, 'measure': 82}",-1,-1,{},-1,-1,{},-1,-1,{},-1,-1,{},-1,-1,{},-1,-1,{},-1,-1,{},7936,127,"{'rz': 86, 'sx': 86, 'ecr': 93, 'x': 66, 'measure': 82}",-1,-1,{},-1,-1,{},-1,-1,{},-1,-1,{},10927,127,"{'rz': 82, 'sx': 82, 'ecr': 89, 'x': 62, 'measure': 82}",-1,-1,{},-1,-1,{},6195,133,"{'rz': 83, 'sx': 83, 'cz': 162, 'x': 35, 'measure': 82}",-1,-1,{},-1,-1,{},-1,-1,{},3159,127,"{'rz': 82, 'sx': 82, 'cx': 182, 'x': 55, 'measure': 82}",-1,-1,{}
2,421,dj,89,91,"{'h': 94, 'cx': 88, 'measure': 88, 'u2': 83, 'barrier': 1}",-1,-1,{},-1,-1,{},-1,-1,{},-1,-1,{},-1,-1,{},-1,-1,{},-1,-1,{},-1,-1,{},1194,127,"{'rz': 91, 'sx': 91, 'x': 36, 'ecr': 95, 'measure': 88}",-1,-1,{},-1,-1,{},-1,-1,{},-1,-1,{},-1,-1,{},1218,127,"{'rz': 89, 'sx': 89, 'ecr': 90, 'x': 27, 'measure': 88}",-1,-1,{},-1,-1,{},-1,-1,{},-1,-1,{},-1,-1,{},-1,-1,{},-1,-1,{},1296,127,"{'rz': 89, 'sx': 89, 'ecr': 89, 'x': 33, 'measure': 88}",-1,-1,{},1158,127,"{'rz': 89, 'sx': 89, 'ecr': 89, 'x': 25, 'measure': 88}",1261,127,"{'rz': 91, 'sx': 91, 'ecr': 92, 'x': 28, 'measure': 88}",-1,-1,{},-1,-1,{},-1,-1,{},-1,-1,{},-1,-1,{},-1,-1,{},-1,-1,{},-1,-1,{},-1,-1,{},1296,127,"{'rz': 89, 'sx': 89, 'ecr': 90, 'x': 25, 'measure': 88}",-1,-1,{},-1,-1,{},-1,-1,{},-1,-1,{},-1,-1,{},-1,-1,{},-1,-1,{},1137,127,"{'rz': 90, 'sx': 90, 'ecr': 91, 'x': 30, 'measure': 88}",-1,-1,{},-1,-1,{},-1,-1,{},-1,-1,{},1146,127,"{'rz': 89, 'sx': 89, 'ecr': 89, 'x': 27, 'measure': 88}",-1,-1,{},-1,-1,{},776,133,"{'rz': 89, 'sx': 90, 'x': 4, 'cz': 101, 'measure': 88}",-1,-1,{},-1,-1,{},-1,-1,{},583,127,"{'rz': 90, 'sx': 90, 'x': 11, 'cx': 154, 'measure': 88}",-1,-1,{}
2,557,portfoliovqe,10,42,"{'cz': 135, 'ry': 40, 'measure': 10, 'barrier': 1}",464,27,"{'sx': 10, 'rz': 10, 'cx': 18, 'x': 1, 'measure': 10}",240,20,"{'u3': 10, 'cx': 22, 'u2': 10, 'u1': 3, 'measure': 10}",-1,-1,{},-1,-1,{},435,27,"{'sx': 10, 'rz': 10, 'cx': 18, 'measure': 10}",-1,-1,{},217,20,"{'u3': 10, 'cx': 22, 'u2': 10, 'u1': 2, 'measure': 10}",-1,-1,{},1021,127,"{'rz': 10, 'sx': 10, 'ecr': 9, 'x': 8, 'measure': 10}",442,65,"{'sx': 10, 'rz': 10, 'cx': 18, 'x': 1, 'measure': 10}",-1,-1,{},736,27,"{'sx': 10, 'rz': 10, 'ecr': 7, 'x': 8, 'cx': 2, 'measure': 10}",349,28,"{'u3': 10, 'cx': 18, 'u2': 10, 'u1': 1, 'measure': 10}",-1,-1,{},1017,127,"{'rz': 10, 'sx': 10, 'ecr': 9, 'x': 9, 'measure': 10}",-1,-1,{},-1,-1,{},435,27,"{'sx': 10, 'rz': 10, 'cx': 18, 'measure': 10}",426,16,"{'sx': 10, 'rz': 10, 'cx': 18, 'measure': 10}",472,27,"{'sx': 10, 'rz': 10, 'cx': 18, 'x': 2, 'measure': 10}",-1,-1,{},232,20,"{'u3': 10, 'cx': 22, 'u2': 10, 'u1': 3, 'measure': 10}",928,127,"{'rz': 10, 'sx': 10, 'ecr': 9, 'x': 10, 'measure': 10}",419,27,"{'sx': 10, 'rz': 10, 'cx': 18, 'x': 1, 'measure': 10}",897,127,"{'rz': 10, 'sx': 10, 'ecr': 9, 'x': 9, 'measure': 10}",981,127,"{'rz': 10, 'sx': 10, 'ecr': 9, 'x': 9, 'measure': 10}",-1,-1,{},-1,-1,{},-1,-1,{},327,65,"{'sx': 10, 'rz': 10, 'cx': 18, 'measure': 10}",-1,-1,{},262,15,"{'sx': 10, 'rz': 10, 'cx': 26, 'x': 5, 'measure': 10}",441,27,"{'sx': 10, 'rz': 10, 'cx': 18, 'measure': 10}",448,27,"{'sx': 10, 'rz': 10, 'cx': 18, 'x': 2, 'measure': 10}",-1,-1,{},927,127,"{'sx': 10, 'rz': 10, 'ecr': 9, 'x': 8, 'measure': 10}",-1,-1,{},-1,-1,{},327,27,"{'sx': 10, 'rz': 10, 'cx': 18, 'measure': 10}",721,27,"{'sx': 10, 'rz': 10, 'ecr': 9, 'x': 6, 'measure': 10}",-1,-1,{},472,33,"{'rz': 10, 'sx': 10, 'cz': 18, 'x': 5, 'measure': 10}",215,20,"{'u3': 10, 'cx': 22, 'u2': 10, 'u1': 1, 'measure': 10}",1003,127,"{'rz': 10, 'sx': 10, 'ecr': 9, 'x': 9, 'measure': 10}",-1,-1,{},299,53,"{'u3': 10, 'cx': 18, 'u2': 10, 'u1': 2, 'measure': 10}",-1,-1,{},-1,-1,{},875,127,"{'sx': 10, 'rz': 10, 'ecr': 9, 'x': 10, 'measure': 10}",239,20,"{'u3': 10, 'cx': 22, 'u2': 10, 'u1': 1, 'measure': 10}",445,27,"{'sx': 12, 'rz': 12, 'cx': 28, 'x': 3, 'measure': 10}",346,133,"{'rz': 10, 'sx': 10, 'cz': 18, 'measure': 10}",418,27,"{'sx': 10, 'rz': 10, 'cx': 18, 'x': 1, 'measure': 10}",-1,-1,{},-1,-1,{},432,127,"{'sx': 10, 'rz': 10, 'cx': 18, 'x': 1, 'measure': 10}",-1,-1,{}
2,750,qpeexact,99,296,"{'cp': 4851, 'h': 196, 'measure': 98, 'swap': 49, 'x': 1, 'barrier': 1}",-1,-1,{},-1,-1,{},-1,-1,{},-1,-1,{},-1,-1,{},-1,-1,{},-1,-1,{},-1,-1,{},10086,127,"{'rz': 104, 'sx': 104, 'ecr': 114, 'x': 77, 'measure': 98}",-1,-1,{},-1,-1,{},-1,-1,{},-1,-1,{},-1,-1,{},10041,127,"{'rz': 104, 'sx': 104, 'x': 77, 'ecr': 112, 'measure': 98}",-1,-1,{},-1,-1,{},-1,-1,{},-1,-1,{},-1,-1,{},-1,-1,{},-1,-1,{},9515,127,"{'rz': 104, 'sx': 104, 'ecr': 114, 'x': 76, 'measure': 98}",-1,-1,{},10999,127,"{'rz': 100, 'sx': 100, 'ecr': 109, 'x': 68, 'measure': 98}",11572,127,"{'rz': 108, 'sx': 108, 'ecr': 120, 'x': 79, 'measure': 98}",-1,-1,{},-1,-1,{},-1,-1,{},-1,-1,{},-1,-1,{},-1,-1,{},-1,-1,{},-1,-1,{},-1,-1,{},9336,127,"{'rz': 104, 'sx': 104, 'ecr': 116, 'x': 79, 'measure': 98}",-1,-1,{},-1,-1,{},-1,-1,{},-1,-1,{},-1,-1,{},-1,-1,{},-1,-1,{},11538,127,"{'rz': 101, 'sx': 101, 'ecr': 112, 'x': 78, 'measure': 98}",-1,-1,{},-1,-1,{},-1,-1,{},-1,-1,{},10118,127,"{'rz': 104, 'sx': 104, 'ecr': 115, 'x': 79, 'measure': 98}",-1,-1,{},-1,-1,{},8647,133,"{'rz': 99, 'sx': 102, 'cz': 199, 'x': 34, 'measure': 98}",-1,-1,{},-1,-1,{},-1,-1,{},4622,127,"{'rz': 100, 'sx': 99, 'cx': 223, 'x': 55, 'measure': 98}",-1,-1,{}
2,336,qft,128,257,"{'cp': 8128, 'h': 128, 'measure': 128, 'swap': 64, 'barrier': 1}",-1,-1,{},-1,-1,{},-1,-1,{},-1,-1,{},-1,-1,{},-1,-1,{},-1,-1,{},-1,-1,{},-1,-1,{},-1,-1,{},-1,-1,{},-1,-1,{},-1,-1,{},-1,-1,{},-1,-1,{},-1,-1,{},-1,-1,{},-1,-1,{},-1,-1,{},-1,-1,{},-1,-1,{},-1,-1,{},-1,-1,{},-1,-1,{},-1,-1,{},-1,-1,{},-1,-1,{},-1,-1,{},-1,-1,{},-1,-1,{},-1,-1,{},-1,-1,{},-1,-1,{},-1,-1,{},-1,-1,{},-1,-1,{},-1,-1,{},-1,-1,{},-1,-1,{},-1,-1,{},-1,-1,{},-1,-1,{},-1,-1,{},-1,-1,{},-1,-1,{},-1,-1,{},-1,-1,{},-1,-1,{},-1,-1,{},-1,-1,{},-1,-1,{},10223,133,"{'rz': 127, 'sx': 129, 'cz': 243, 'x': 26, 'measure': 128}",-1,-1,{},-1,-1,{},-1,-1,{},-1,-1,{},-1,-1,{}
2,187,graphstate,130,9,"{'h': 130, 'cz': 130, 'measure': 130, 'barrier': 1}",-1,-1,{},-1,-1,{},-1,-1,{},-1,-1,{},-1,-1,{},-1,-1,{},-1,-1,{},-1,-1,{},-1,-1,{},-1,-1,{},-1,-1,{},-1,-1,{},-1,-1,{},-1,-1,{},-1,-1,{},-1,-1,{},-1,-1,{},-1,-1,{},-1,-1,{},-1,-1,{},-1,-1,{},-1,-1,{},-1,-1,{},-1,-1,{},-1,-1,{},-1,-1,{},-1,-1,{},-1,-1,{},-1,-1,{},-1,-1,{},-1,-1,{},-1,-1,{},-1,-1,{},-1,-1,{},-1,-1,{},-1,-1,{},-1,-1,{},-1,-1,{},-1,-1,{},-1,-1,{},-1,-1,{},-1,-1,{},-1,-1,{},-1,-1,{},-1,-1,{},-1,-1,{},-1,-1,{},-1,-1,{},-1,-1,{},-1,-1,{},-1,-1,{},112,133,"{'rz': 130, 'sx': 133, 'cz': 214, 'x': 1, 'measure': 130}",-1,-1,{},-1,-1,{},-1,-1,{},-1,-1,{},-1,-1,{}
2,288,qwalk-v-chain,23,740,"{'rccx': 660, 'x': 70, 'ccx': 66, 'measure': 23, 'cx': 6, 'u2': 2, 'h': 1, 'barrier': 1}",9415,27,"{'rz': 23, 'sx': 23, 'cx': 48, 'x': 22, 'measure': 23}",-1,-1,{},-1,-1,{},-1,-1,{},9515,27,"{'rz': 23, 'sx': 23, 'cx': 48, 'x': 21, 'measure': 23}",-1,-1,{},-1,-1,{},-1,-1,{},25175,127,"{'rz': 23, 'sx': 23, 'x': 21, 'ecr': 24, 'measure': 23}",9452,65,"{'rz': 23, 'sx': 23, 'cx': 48, 'x': 19, 'measure': 23}",-1,-1,{},-1,-1,{},7922,28,"{'u2': 23, 'cx': 48, 'u1': 23, 'u3': 22, 'measure': 23}",-1,-1,{},24145,127,"{'rz': 23, 'sx': 23, 'x': 21, 'ecr': 24, 'measure': 23}",-1,-1,{},-1,-1,{},9404,27,"{'rz': 23, 'sx': 23, 'cx': 48, 'x': 18, 'measure': 23}",-1,-1,{},9484,27,"{'rz': 23, 'sx': 23, 'cx': 48, 'x': 19, 'measure': 23}",-1,-1,{},-1,-1,{},25283,127,"{'rz': 23, 'sx': 23, 'x': 22, 'ecr': 24, 'measure': 23}",9537,27,"{'rz': 23, 'sx': 23, 'cx': 48, 'x': 20, 'measure': 23}",25504,127,"{'rz': 23, 'sx': 23, 'x': 22, 'ecr': 24, 'measure': 23}",24896,127,"{'rz': 23, 'sx': 23, 'x': 20, 'ecr': 24, 'measure': 23}",-1,-1,{},-1,-1,{},-1,-1,{},9507,65,"{'rz': 23, 'sx': 23, 'cx': 48, 'x': 20, 'measure': 23}",-1,-1,{},-1,-1,{},9716,27,"{'rz': 23, 'sx': 23, 'cx': 48, 'x': 18, 'measure': 23}",9440,27,"{'rz': 23, 'sx': 23, 'cx': 48, 'x': 18, 'measure': 23}",-1,-1,{},24826,127,"{'rz': 23, 'sx': 23, 'ecr': 24, 'x': 20, 'measure': 23}",-1,-1,{},-1,-1,{},9424,27,"{'rz': 23, 'sx': 23, 'cx': 48, 'x': 18, 'measure': 23}",24994,27,"{'rz': 23, 'sx': 23, 'x': 23, 'ecr': 24, 'measure': 23}",-1,-1,{},15303,33,"{'rz': 23, 'sx': 23, 'cz': 48, 'x': 9, 'measure': 23}",-1,-1,{},25405,127,"{'x': 19, 'rz': 23, 'sx': 23, 'ecr': 24, 'measure': 23}",-1,-1,{},7757,53,"{'u2': 23, 'cx': 48, 'u1': 23, 'u3': 23, 'measure': 23}",-1,-1,{},-1,-1,{},24888,127,"{'rz': 23, 'sx': 23, 'x': 19, 'ecr': 24, 'measure': 23}",-1,-1,{},9411,27,"{'rz': 23, 'sx': 23, 'cx': 48, 'x': 19, 'measure': 23}",15239,133,"{'rz': 23, 'sx': 23, 'cz': 48, 'x': 9, 'measure': 23}",9436,27,"{'rz': 23, 'sx': 23, 'cx': 48, 'x': 17, 'measure': 23}",-1,-1,{},-1,-1,{},9591,127,"{'rz': 23, 'sx': 23, 'cx': 48, 'x': 18, 'measure': 23}",-1,-1,{}
2,743,qpeexact,42,125,"{'cp': 861, 'h': 82, 'measure': 41, 'swap': 20, 'x': 1, 'barrier': 1}",-1,-1,{},-1,-1,{},-1,-1,{},-1,-1,{},-1,-1,{},-1,-1,{},-1,-1,{},-1,-1,{},4651,127,"{'rz': 43, 'sx': 43, 'ecr': 44, 'x': 32, 'measure': 41}",1685,65,"{'rz': 44, 'sx': 44, 'x': 27, 'cx': 97, 'measure': 41}",-1,-1,{},-1,-1,{},-1,-1,{},-1,-1,{},4899,127,"{'rz': 45, 'sx': 45, 'ecr': 47, 'x': 30, 'measure': 41}",-1,-1,{},-1,-1,{},-1,-1,{},-1,-1,{},-1,-1,{},-1,-1,{},-1,-1,{},4424,127,"{'rz': 42, 'sx': 42, 'ecr': 42, 'x': 31, 'measure': 41}",-1,-1,{},3634,127,"{'rz': 43, 'sx': 43, 'ecr': 43, 'x': 32, 'measure': 41}",4517,127,"{'rz': 48, 'sx': 48, 'ecr': 52, 'x': 39, 'measure': 41}",-1,-1,{},-1,-1,{},-1,-1,{},1569,65,"{'rz': 44, 'sx': 44, 'x': 27, 'cx': 90, 'measure': 41}",-1,-1,{},-1,-1,{},-1,-1,{},-1,-1,{},-1,-1,{},4082,127,"{'rz': 47, 'sx': 47, 'ecr': 49, 'x': 36, 'measure': 41}",-1,-1,{},-1,-1,{},-1,-1,{},-1,-1,{},-1,-1,{},-1,-1,{},-1,-1,{},3424,127,"{'rz': 44, 'sx': 44, 'ecr': 47, 'x': 35, 'measure': 41}",-1,-1,{},1591,53,"{'u2': 42, 'u3': 30, 'cx': 86, 'u1': 34, 'measure': 41}",-1,-1,{},-1,-1,{},4555,127,"{'rz': 42, 'sx': 42, 'ecr': 43, 'x': 29, 'measure': 41}",-1,-1,{},-1,-1,{},2877,133,"{'rz': 44, 'sx': 44, 'cz': 81, 'x': 15, 'measure': 41}",-1,-1,{},-1,-1,{},-1,-1,{},1471,127,"{'rz': 43, 'sx': 43, 'cx': 90, 'x': 23, 'measure': 41}",-1,-1,{}
2,270,qpeinexact,102,305,"{'cp': 5151, 'h': 202, 'measure': 101, 'swap': 50, 'x': 1, 'barrier': 1}",-1,-1,{},-1,-1,{},-1,-1,{},-1,-1,{},-1,-1,{},-1,-1,{},-1,-1,{},-1,-1,{},10301,127,"{'rz': 106, 'sx': 106, 'ecr': 115, 'x': 73, 'measure': 101}",-1,-1,{},-1,-1,{},-1,-1,{},-1,-1,{},-1,-1,{},10842,127,"{'rz': 104, 'sx': 104, 'ecr': 111, 'x': 72, 'measure': 101}",-1,-1,{},-1,-1,{},-1,-1,{},-1,-1,{},-1,-1,{},-1,-1,{},-1,-1,{},11085,127,"{'rz': 105, 'sx': 105, 'ecr': 113, 'x': 73, 'measure': 101}",-1,-1,{},10419,127,"{'rz': 112, 'sx': 112, 'ecr': 124, 'x': 80, 'measure': 101}",9465,127,"{'rz': 104, 'sx': 104, 'ecr': 114, 'x': 77, 'measure': 101}",-1,-1,{},-1,-1,{},-1,-1,{},-1,-1,{},-1,-1,{},-1,-1,{},-1,-1,{},-1,-1,{},-1,-1,{},10418,127,"{'rz': 105, 'sx': 105, 'ecr': 116, 'x': 80, 'measure': 101}",-1,-1,{},-1,-1,{},-1,-1,{},-1,-1,{},-1,-1,{},-1,-1,{},-1,-1,{},10232,127,"{'rz': 106, 'sx': 106, 'ecr': 114, 'x': 77, 'measure': 101}",-1,-1,{},-1,-1,{},-1,-1,{},-1,-1,{},11362,127,"{'rz': 104, 'sx': 104, 'ecr': 114, 'x': 74, 'measure': 101}",-1,-1,{},-1,-1,{},6764,133,"{'rz': 102, 'sx': 109, 'cz': 200, 'x': 30, 'measure': 101}",-1,-1,{},-1,-1,{},-1,-1,{},3716,127,"{'rz': 102, 'sx': 102, 'cx': 226, 'x': 55, 'measure': 101}",-1,-1,{}
2,340,qft,22,45,"{'cp': 231, 'h': 22, 'measure': 22, 'swap': 11, 'barrier': 1}",578,27,"{'rz': 22, 'sx': 17, 'cx': 50, 'x': 13, 'measure': 22}",-1,-1,{},-1,-1,{},-1,-1,{},539,27,"{'rz': 22, 'sx': 21, 'cx': 37, 'x': 11, 'measure': 22}",-1,-1,{},-1,-1,{},-1,-1,{},1497,127,"{'x': 17, 'rz': 22, 'sx': 22, 'ecr': 21, 'measure': 22}",548,65,"{'rz': 23, 'sx': 21, 'cx': 46, 'x': 19, 'measure': 22}",-1,-1,{},-1,-1,{},504,28,"{'u3': 20, 'u2': 21, 'cx': 39, 'u1': 17, 'measure': 22}",-1,-1,{},1386,127,"{'rz': 22, 'sx': 22, 'ecr': 22, 'x': 18, 'measure': 22}",-1,-1,{},-1,-1,{},637,27,"{'sx': 21, 'rz': 23, 'cx': 45, 'x': 18, 'measure': 22}",-1,-1,{},614,27,"{'rz': 22, 'sx': 21, 'cx': 45, 'x': 17, 'measure': 22}",-1,-1,{},-1,-1,{},1656,127,"{'rz': 22, 'sx': 22, 'x': 19, 'ecr': 21, 'measure': 22}",645,27,"{'sx': 20, 'rz': 20, 'cx': 40, 'x': 15, 'measure': 22}",1262,127,"{'x': 15, 'rz': 22, 'sx': 22, 'ecr': 21, 'measure': 22}",1062,127,"{'x': 14, 'rz': 22, 'sx': 22, 'ecr': 21, 'measure': 22}",-1,-1,{},-1,-1,{},-1,-1,{},514,65,"{'rz': 21, 'sx': 20, 'cx': 41, 'x': 12, 'measure': 22}",-1,-1,{},-1,-1,{},518,27,"{'rz': 22, 'sx': 20, 'cx': 42, 'x': 15, 'measure': 22}",536,27,"{'sx': 20, 'rz': 22, 'cx': 42, 'x': 15, 'measure': 22}",-1,-1,{},1388,127,"{'rz': 24, 'sx': 24, 'x': 17, 'ecr': 24, 'measure': 22}",-1,-1,{},-1,-1,{},575,27,"{'sx': 18, 'rz': 21, 'cx': 41, 'x': 14, 'measure': 22}",1389,27,"{'rz': 22, 'sx': 22, 'ecr': 22, 'x': 18, 'measure': 22}",-1,-1,{},982,33,"{'sx': 22, 'cz': 36, 'rz': 22, 'x': 3, 'measure': 22}",-1,-1,{},1270,127,"{'rz': 22, 'sx': 22, 'x': 19, 'ecr': 21, 'measure': 22}",-1,-1,{},572,53,"{'u2': 18, 'cx': 40, 'u1': 19, 'u3': 19, 'measure': 22}",-1,-1,{},-1,-1,{},1446,127,"{'x': 14, 'rz': 22, 'sx': 22, 'ecr': 21, 'measure': 22}",-1,-1,{},652,27,"{'sx': 22, 'rz': 22, 'cx': 43, 'x': 15, 'measure': 22}",968,133,"{'sx': 25, 'cz': 50, 'rz': 22, 'x': 4, 'measure': 22}",551,27,"{'rz': 22, 'sx': 18, 'cx': 40, 'x': 14, 'measure': 22}",-1,-1,{},-1,-1,{},569,127,"{'rz': 23, 'sx': 20, 'cx': 48, 'x': 17, 'measure': 22}",-1,-1,{}
2,253,qpeexact,108,323,"{'cp': 5778, 'h': 214, 'measure': 107, 'swap': 53, 'x': 1, 'barrier': 1}",-1,-1,{},-1,-1,{},-1,-1,{},-1,-1,{},-1,-1,{},-1,-1,{},-1,-1,{},-1,-1,{},11003,127,"{'rz': 108, 'sx': 108, 'ecr': 119, 'x': 75, 'measure': 107}",-1,-1,{},-1,-1,{},-1,-1,{},-1,-1,{},-1,-1,{},11356,127,"{'rz': 113, 'sx': 113, 'ecr': 123, 'x': 84, 'measure': 107}",-1,-1,{},-1,-1,{},-1,-1,{},-1,-1,{},-1,-1,{},-1,-1,{},-1,-1,{},10055,127,"{'rz': 118, 'sx': 118, 'ecr': 128, 'x': 80, 'measure': 107}",-1,-1,{},12856,127,"{'rz': 116, 'sx': 116, 'x': 81, 'ecr': 126, 'measure': 107}",11382,127,"{'rz': 110, 'sx': 110, 'ecr': 122, 'x': 91, 'measure': 107}",-1,-1,{},-1,-1,{},-1,-1,{},-1,-1,{},-1,-1,{},-1,-1,{},-1,-1,{},-1,-1,{},-1,-1,{},11357,127,"{'rz': 110, 'sx': 110, 'ecr': 122, 'x': 88, 'measure': 107}",-1,-1,{},-1,-1,{},-1,-1,{},-1,-1,{},-1,-1,{},-1,-1,{},-1,-1,{},14161,127,"{'rz': 112, 'sx': 112, 'ecr': 124, 'x': 94, 'measure': 107}",-1,-1,{},-1,-1,{},-1,-1,{},-1,-1,{},12880,127,"{'rz': 114, 'sx': 114, 'ecr': 125, 'x': 80, 'measure': 107}",-1,-1,{},-1,-1,{},9193,133,"{'rz': 109, 'sx': 114, 'cz': 216, 'x': 37, 'measure': 107}",-1,-1,{},-1,-1,{},-1,-1,{},3898,127,"{'rz': 111, 'sx': 110, 'cx': 249, 'x': 53, 'measure': 107}",-1,-1,{}
3,576,qftentangled,30,63,"{'cp': 435, 'h': 31, 'measure': 30, 'cx': 29, 'swap': 15, 'barrier': 1}",-1,-1,{},-1,-1,{},-1,-1,{},-1,-1,{},-1,-1,{},-1,-1,{},-1,-1,{},-1,-1,{},1701,127,"{'rz': 35, 'sx': 35, 'ecr': 36, 'x': 26, 'measure': 30}",846,65,"{'cx': 60, 'rz': 27, 'sx': 24, 'x': 20, 'measure': 30}",-1,-1,{},-1,-1,{},-1,-1,{},-1,-1,{},1851,127,"{'rz': 30, 'sx': 30, 'ecr': 31, 'x': 22, 'measure': 30}",-1,-1,{},-1,-1,{},-1,-1,{},-1,-1,{},-1,-1,{},-1,-1,{},-1,-1,{},2434,127,"{'rz': 32, 'sx': 32, 'ecr': 33, 'x': 26, 'measure': 30}",-1,-1,{},2197,127,"{'rz': 30, 'sx': 30, 'ecr': 30, 'x': 24, 'measure': 30}",1632,127,"{'rz': 30, 'sx': 30, 'ecr': 29, 'x': 23, 'measure': 30}",-1,-1,{},-1,-1,{},-1,-1,{},1071,65,"{'x': 16, 'rz': 30, 'sx': 27, 'cx': 59, 'measure': 30}",-1,-1,{},-1,-1,{},-1,-1,{},-1,-1,{},-1,-1,{},2106,127,"{'rz': 31, 'sx': 31, 'ecr': 31, 'x': 23, 'measure': 30}",-1,-1,{},-1,-1,{},-1,-1,{},-1,-1,{},-1,-1,{},1640,33,"{'rz': 30, 'sx': 30, 'cz': 59, 'x': 3, 'measure': 30}",-1,-1,{},2273,127,"{'rz': 30, 'sx': 30, 'ecr': 31, 'x': 25, 'measure': 30}",-1,-1,{},750,53,"{'cx': 58, 'u2': 26, 'u3': 25, 'u1': 27, 'measure': 30}",-1,-1,{},-1,-1,{},1703,127,"{'rz': 30, 'sx': 30, 'ecr': 30, 'x': 24, 'measure': 30}",-1,-1,{},-1,-1,{},1922,133,"{'sx': 30, 'cz': 57, 'rz': 30, 'x': 6, 'measure': 30}",-1,-1,{},-1,-1,{},-1,-1,{},680,127,"{'cx': 64, 'rz': 28, 'sx': 25, 'x': 14, 'measure': 30}",-1,-1,{}
3,467,qnn,118,1175,"{'cx': 27729, 'p': 13806, 'u2': 236, 'ry': 236, 'measure': 118, 'barrier': 1}",-1,-1,{},-1,-1,{},-1,-1,{},-1,-1,{},-1,-1,{},-1,-1,{},-1,-1,{},-1,-1,{},45095,127,"{'rz': 125, 'sx': 125, 'ecr': 141, 'x': 124, 'measure': 118}",-1,-1,{},-1,-1,{},-1,-1,{},-1,-1,{},-1,-1,{},53003,127,"{'rz': 121, 'sx': 121, 'ecr': 136, 'x': 121, 'measure': 118}",-1,-1,{},-1,-1,{},-1,-1,{},-1,-1,{},-1,-1,{},-1,-1,{},-1,-1,{},44524,127,"{'rz': 123, 'sx': 123, 'ecr': 138, 'x': 123, 'measure': 118}",-1,-1,{},45669,127,"{'rz': 125, 'sx': 125, 'ecr': 142, 'x': 125, 'measure': 118}",30490,127,"{'rz': 125, 'sx': 125, 'ecr': 142, 'x': 125, 'measure': 118}",-1,-1,{},-1,-1,{},-1,-1,{},-1,-1,{},-1,-1,{},-1,-1,{},-1,-1,{},-1,-1,{},-1,-1,{},43402,127,"{'rz': 121, 'sx': 121, 'ecr': 137, 'x': 120, 'measure': 118}",-1,-1,{},-1,-1,{},-1,-1,{},-1,-1,{},-1,-1,{},-1,-1,{},-1,-1,{},53581,127,"{'rz': 118, 'sx': 118, 'ecr': 129, 'x': 118, 'measure': 118}",-1,-1,{},-1,-1,{},-1,-1,{},-1,-1,{},44461,127,"{'rz': 123, 'sx': 123, 'ecr': 139, 'x': 123, 'measure': 118}",-1,-1,{},-1,-1,{},33751,133,"{'rz': 119, 'sx': 119, 'cz': 270, 'x': 46, 'measure': 118}",-1,-1,{},-1,-1,{},-1,-1,{},20914,127,"{'rz': 118, 'sx': 118, 'cx': 262, 'x': 118, 'measure': 118}",-1,-1,{}
3,239,qnn,116,1155,"{'cx': 26795, 'p': 13340, 'u2': 232, 'ry': 232, 'measure': 116, 'barrier': 1}",-1,-1,{},-1,-1,{},-1,-1,{},-1,-1,{},-1,-1,{},-1,-1,{},-1,-1,{},-1,-1,{},48713,127,"{'rz': 118, 'sx': 118, 'ecr': 132, 'x': 118, 'measure': 116}",-1,-1,{},-1,-1,{},-1,-1,{},-1,-1,{},-1,-1,{},40334,127,"{'rz': 125, 'sx': 125, 'ecr': 142, 'x': 124, 'measure': 116}",-1,-1,{},-1,-1,{},-1,-1,{},-1,-1,{},-1,-1,{},-1,-1,{},-1,-1,{},36607,127,"{'rz': 121, 'sx': 121, 'ecr': 136, 'x': 121, 'measure': 116}",-1,-1,{},38204,127,"{'rz': 121, 'sx': 121, 'ecr': 136, 'x': 121, 'measure': 116}",37600,127,"{'rz': 124, 'sx': 124, 'ecr': 140, 'x': 124, 'measure': 116}",-1,-1,{},-1,-1,{},-1,-1,{},-1,-1,{},-1,-1,{},-1,-1,{},-1,-1,{},-1,-1,{},-1,-1,{},25674,127,"{'rz': 119, 'sx': 119, 'ecr': 133, 'x': 119, 'measure': 116}",-1,-1,{},-1,-1,{},-1,-1,{},-1,-1,{},-1,-1,{},-1,-1,{},-1,-1,{},45144,127,"{'rz': 125, 'sx': 125, 'ecr': 142, 'x': 125, 'measure': 116}",-1,-1,{},-1,-1,{},-1,-1,{},-1,-1,{},57999,127,"{'rz': 119, 'sx': 119, 'ecr': 135, 'x': 119, 'measure': 116}",-1,-1,{},-1,-1,{},26922,133,"{'rz': 118, 'sx': 118, 'cz': 266, 'x': 57, 'measure': 116}",-1,-1,{},-1,-1,{},-1,-1,{},14966,127,"{'rz': 116, 'sx': 116, 'cx': 256, 'x': 115, 'measure': 116}",-1,-1,{}
3,260,qpeexact,29,86,"{'cp': 406, 'h': 56, 'measure': 28, 'swap': 14, 'x': 1, 'barrier': 1}",-1,-1,{},-1,-1,{},-1,-1,{},-1,-1,{},-1,-1,{},-1,-1,{},-1,-1,{},-1,-1,{},2595,127,"{'rz': 31, 'sx': 31, 'x': 23, 'ecr': 32, 'measure': 28}",876,65,"{'rz': 29, 'sx': 29, 'x': 21, 'cx': 59, 'measure': 28}",-1,-1,{},-1,-1,{},-1,-1,{},-1,-1,{},2658,127,"{'rz': 34, 'sx': 34, 'x': 29, 'ecr': 34, 'measure': 28}",-1,-1,{},-1,-1,{},-1,-1,{},-1,-1,{},-1,-1,{},-1,-1,{},-1,-1,{},2389,127,"{'rz': 31, 'sx': 31, 'ecr': 31, 'x': 27, 'measure': 28}",-1,-1,{},2503,127,"{'rz': 32, 'sx': 32, 'x': 25, 'ecr': 33, 'measure': 28}",2508,127,"{'rz': 29, 'sx': 29, 'ecr': 29, 'x': 25, 'measure': 28}",-1,-1,{},-1,-1,{},-1,-1,{},1044,65,"{'rz': 29, 'sx': 29, 'cx': 68, 'x': 18, 'measure': 28}",-1,-1,{},-1,-1,{},-1,-1,{},-1,-1,{},-1,-1,{},2765,127,"{'rz': 29, 'sx': 29, 'ecr': 29, 'x': 24, 'measure': 28}",-1,-1,{},-1,-1,{},-1,-1,{},-1,-1,{},-1,-1,{},2018,33,"{'rz': 29, 'sx': 29, 'cz': 53, 'x': 9, 'measure': 28}",-1,-1,{},2380,127,"{'rz': 33, 'sx': 33, 'ecr': 34, 'x': 28, 'measure': 28}",-1,-1,{},925,53,"{'u2': 27, 'cx': 57, 'u1': 29, 'u3': 21, 'measure': 28}",-1,-1,{},-1,-1,{},2165,127,"{'rz': 29, 'sx': 29, 'x': 23, 'ecr': 29, 'measure': 28}",-1,-1,{},-1,-1,{},2117,133,"{'rz': 30, 'sx': 33, 'cz': 59, 'x': 13, 'measure': 28}",-1,-1,{},-1,-1,{},-1,-1,{},1182,127,"{'rz': 31, 'sx': 30, 'x': 20, 'cx': 68, 'measure': 28}",-1,-1,{}
3,100,qftentangled,59,121,"{'cp': 1711, 'h': 60, 'measure': 59, 'cx': 58, 'swap': 29, 'barrier': 1}",-1,-1,{},-1,-1,{},-1,-1,{},-1,-1,{},-1,-1,{},-1,-1,{},-1,-1,{},-1,-1,{},4626,127,"{'rz': 59, 'sx': 59, 'ecr': 63, 'x': 40, 'measure': 59}",1918,65,"{'cx': 140, 'rz': 56, 'sx': 50, 'x': 32, 'measure': 59}",-1,-1,{},-1,-1,{},-1,-1,{},-1,-1,{},3737,127,"{'rz': 65, 'sx': 65, 'ecr': 68, 'x': 48, 'measure': 59}",-1,-1,{},-1,-1,{},-1,-1,{},-1,-1,{},-1,-1,{},-1,-1,{},-1,-1,{},4284,127,"{'rz': 76, 'sx': 76, 'ecr': 82, 'x': 54, 'measure': 59}",-1,-1,{},5716,127,"{'rz': 60, 'sx': 60, 'ecr': 65, 'x': 46, 'measure': 59}",4349,127,"{'rz': 59, 'sx': 59, 'ecr': 65, 'x': 43, 'measure': 59}",-1,-1,{},-1,-1,{},-1,-1,{},1992,65,"{'rz': 53, 'cx': 133, 'x': 33, 'sx': 47, 'measure': 59}",-1,-1,{},-1,-1,{},-1,-1,{},-1,-1,{},-1,-1,{},4933,127,"{'rz': 63, 'sx': 63, 'ecr': 67, 'x': 44, 'measure': 59}",-1,-1,{},-1,-1,{},-1,-1,{},-1,-1,{},-1,-1,{},-1,-1,{},-1,-1,{},5517,127,"{'rz': 66, 'sx': 66, 'ecr': 73, 'x': 47, 'measure': 59}",-1,-1,{},-1,-1,{},-1,-1,{},-1,-1,{},7123,127,"{'rz': 59, 'sx': 59, 'ecr': 62, 'x': 43, 'measure': 59}",-1,-1,{},-1,-1,{},3645,133,"{'sx': 64, 'cz': 127, 'rz': 57, 'x': 3, 'measure': 59}",-1,-1,{},-1,-1,{},-1,-1,{},2214,127,"{'rz': 57, 'cx': 131, 'x': 34, 'sx': 47, 'measure': 59}",-1,-1,{}
3,300,dj,69,71,"{'h': 70, 'cx': 68, 'measure': 68, 'u2': 67, 'barrier': 1}",-1,-1,{},-1,-1,{},-1,-1,{},-1,-1,{},-1,-1,{},-1,-1,{},-1,-1,{},-1,-1,{},879,127,"{'rz': 69, 'sx': 69, 'ecr': 70, 'x': 16, 'measure': 68}",-1,-1,{},-1,-1,{},-1,-1,{},-1,-1,{},-1,-1,{},937,127,"{'rz': 73, 'sx': 73, 'ecr': 73, 'x': 18, 'measure': 68}",-1,-1,{},-1,-1,{},-1,-1,{},-1,-1,{},-1,-1,{},-1,-1,{},-1,-1,{},916,127,"{'rz': 69, 'sx': 69, 'ecr': 69, 'x': 25, 'measure': 68}",-1,-1,{},966,127,"{'rz': 69, 'sx': 69, 'x': 22, 'ecr': 70, 'measure': 68}",874,127,"{'rz': 69, 'sx': 69, 'x': 22, 'ecr': 68, 'measure': 68}",-1,-1,{},-1,-1,{},-1,-1,{},-1,-1,{},-1,-1,{},-1,-1,{},-1,-1,{},-1,-1,{},-1,-1,{},912,127,"{'rz': 72, 'sx': 72, 'ecr': 72, 'x': 20, 'measure': 68}",-1,-1,{},-1,-1,{},-1,-1,{},-1,-1,{},-1,-1,{},-1,-1,{},-1,-1,{},951,127,"{'rz': 69, 'sx': 69, 'ecr': 68, 'x': 26, 'measure': 68}",-1,-1,{},-1,-1,{},-1,-1,{},-1,-1,{},975,127,"{'rz': 71, 'sx': 71, 'ecr': 71, 'x': 25, 'measure': 68}",-1,-1,{},-1,-1,{},585,133,"{'rz': 69, 'sx': 69, 'cz': 78, 'x': 2, 'measure': 68}",-1,-1,{},-1,-1,{},-1,-1,{},429,127,"{'rz': 70, 'sx': 70, 'x': 6, 'cx': 124, 'measure': 68}",-1,-1,{}
3,77,ae,93,552,"{'cp': 4186, 'cx': 184, 'u': 93, 'measure': 93, 'u2': 92, 'u3': 92, 'h': 92, 'barrier': 1}",-1,-1,{},-1,-1,{},-1,-1,{},-1,-1,{},-1,-1,{},-1,-1,{},-1,-1,{},-1,-1,{},11359,127,"{'rz': 97, 'sx': 97, 'ecr': 106, 'x': 76, 'measure': 93}",-1,-1,{},-1,-1,{},-1,-1,{},-1,-1,{},-1,-1,{},10219,127,"{'rz': 95, 'sx': 95, 'ecr': 102, 'x': 76, 'measure': 93}",-1,-1,{},-1,-1,{},-1,-1,{},-1,-1,{},-1,-1,{},-1,-1,{},-1,-1,{},8226,127,"{'rz': 97, 'sx': 97, 'ecr': 106, 'x': 67, 'measure': 93}",-1,-1,{},11085,127,"{'rz': 98, 'sx': 98, 'ecr': 106, 'x': 78, 'measure': 93}",10913,127,"{'rz': 101, 'sx': 101, 'ecr': 112, 'x': 77, 'measure': 93}",-1,-1,{},-1,-1,{},-1,-1,{},-1,-1,{},-1,-1,{},-1,-1,{},-1,-1,{},-1,-1,{},-1,-1,{},8700,127,"{'rz': 98, 'sx': 98, 'ecr': 105, 'x': 73, 'measure': 93}",-1,-1,{},-1,-1,{},-1,-1,{},-1,-1,{},-1,-1,{},-1,-1,{},-1,-1,{},9750,127,"{'rz': 99, 'sx': 99, 'ecr': 107, 'x': 74, 'measure': 93}",-1,-1,{},-1,-1,{},-1,-1,{},-1,-1,{},10854,127,"{'rz': 94, 'sx': 94, 'ecr': 102, 'x': 69, 'measure': 93}",-1,-1,{},-1,-1,{},6705,133,"{'rz': 95, 'sx': 98, 'cz': 194, 'x': 45, 'measure': 93}",-1,-1,{},-1,-1,{},-1,-1,{},4105,127,"{'rz': 94, 'sx': 93, 'cx': 212, 'x': 64, 'measure': 93}",-1,-1,{}
3,539,ghz,52,53,"{'measure': 52, 'cx': 51, 'h': 1, 'barrier': 1}",-1,-1,{},-1,-1,{},-1,-1,{},-1,-1,{},-1,-1,{},-1,-1,{},-1,-1,{},-1,-1,{},233,127,"{'rz': 52, 'sx': 52, 'ecr': 51, 'x': 17, 'measure': 52}",55,65,"{'rz': 1, 'sx': 1, 'cx': 51, 'measure': 52}",-1,-1,{},-1,-1,{},-1,-1,{},-1,-1,{},227,127,"{'rz': 52, 'sx': 52, 'ecr': 51, 'x': 20, 'measure': 52}",-1,-1,{},-1,-1,{},-1,-1,{},-1,-1,{},-1,-1,{},-1,-1,{},-1,-1,{},218,127,"{'rz': 52, 'sx': 52, 'ecr': 51, 'x': 22, 'measure': 52}",-1,-1,{},228,127,"{'rz': 52, 'sx': 52, 'ecr': 51, 'x': 22, 'measure': 52}",229,127,"{'rz': 52, 'sx': 52, 'ecr': 51, 'x': 18, 'measure': 52}",-1,-1,{},-1,-1,{},-1,-1,{},55,65,"{'rz': 1, 'sx': 1, 'cx': 51, 'measure': 52}",-1,-1,{},-1,-1,{},-1,-1,{},-1,-1,{},-1,-1,{},220,127,"{'rz': 52, 'sx': 52, 'ecr': 51, 'x': 23, 'measure': 52}",-1,-1,{},-1,-1,{},-1,-1,{},-1,-1,{},-1,-1,{},-1,-1,{},-1,-1,{},217,127,"{'rz': 52, 'sx': 52, 'ecr': 51, 'x': 22, 'measure': 52}",-1,-1,{},136,53,"{'u3': 8, 'u1': 5, 'u2': 14, 'cx': 70, 'measure': 52}",-1,-1,{},-1,-1,{},237,127,"{'rz': 52, 'sx': 52, 'ecr': 51, 'x': 19, 'measure': 52}",-1,-1,{},-1,-1,{},157,133,"{'rz': 52, 'sx': 52, 'cz': 51, 'measure': 52}",-1,-1,{},-1,-1,{},-1,-1,{},55,127,"{'rz': 1, 'sx': 1, 'cx': 51, 'measure': 52}",-1,-1,{}
3,391,qpeexact,86,257,"{'cp': 3655, 'h': 170, 'measure': 85, 'swap': 42, 'x': 1, 'barrier': 1}",-1,-1,{},-1,-1,{},-1,-1,{},-1,-1,{},-1,-1,{},-1,-1,{},-1,-1,{},-1,-1,{},8513,127,"{'rz': 88, 'sx': 88, 'ecr': 96, 'x': 69, 'measure': 85}",-1,-1,{},-1,-1,{},-1,-1,{},-1,-1,{},-1,-1,{},9036,127,"{'rz': 87, 'sx': 87, 'ecr': 95, 'x': 69, 'measure': 85}",-1,-1,{},-1,-1,{},-1,-1,{},-1,-1,{},-1,-1,{},-1,-1,{},-1,-1,{},10094,127,"{'rz': 91, 'sx': 91, 'ecr': 99, 'x': 67, 'measure': 85}",-1,-1,{},7730,127,"{'rz': 88, 'sx': 88, 'ecr': 96, 'x': 62, 'measure': 85}",8620,127,"{'rz': 96, 'sx': 96, 'ecr': 105, 'x': 73, 'measure': 85}",-1,-1,{},-1,-1,{},-1,-1,{},-1,-1,{},-1,-1,{},-1,-1,{},-1,-1,{},-1,-1,{},-1,-1,{},8379,127,"{'rz': 91, 'sx': 91, 'ecr': 100, 'x': 65, 'measure': 85}",-1,-1,{},-1,-1,{},-1,-1,{},-1,-1,{},-1,-1,{},-1,-1,{},-1,-1,{},8592,127,"{'rz': 92, 'sx': 92, 'ecr': 102, 'x': 67, 'measure': 85}",-1,-1,{},-1,-1,{},-1,-1,{},-1,-1,{},8735,127,"{'rz': 86, 'sx': 86, 'ecr': 93, 'x': 60, 'measure': 85}",-1,-1,{},-1,-1,{},6369,133,"{'rz': 86, 'sx': 89, 'cz': 173, 'x': 24, 'measure': 85}",-1,-1,{},-1,-1,{},-1,-1,{},3291,127,"{'rz': 90, 'sx': 88, 'cx': 193, 'x': 47, 'measure': 85}",-1,-1,{}
3,310,ghz,37,38,"{'measure': 37, 'cx': 36, 'h': 1, 'barrier': 1}",-1,-1,{},-1,-1,{},-1,-1,{},-1,-1,{},-1,-1,{},-1,-1,{},-1,-1,{},-1,-1,{},172,127,"{'rz': 37, 'sx': 37, 'ecr': 36, 'x': 9, 'measure': 37}",40,65,"{'rz': 1, 'sx': 1, 'cx': 36, 'measure': 37}",-1,-1,{},-1,-1,{},-1,-1,{},-1,-1,{},169,127,"{'rz': 37, 'sx': 37, 'ecr': 36, 'x': 12, 'measure': 37}",-1,-1,{},-1,-1,{},-1,-1,{},-1,-1,{},-1,-1,{},-1,-1,{},-1,-1,{},163,127,"{'rz': 37, 'sx': 37, 'ecr': 36, 'x': 13, 'measure': 37}",-1,-1,{},159,127,"{'rz': 37, 'sx': 37, 'ecr': 36, 'x': 15, 'measure': 37}",150,127,"{'rz': 37, 'sx': 37, 'ecr': 36, 'x': 19, 'measure': 37}",-1,-1,{},-1,-1,{},-1,-1,{},40,65,"{'rz': 1, 'sx': 1, 'cx': 36, 'measure': 37}",-1,-1,{},-1,-1,{},-1,-1,{},-1,-1,{},-1,-1,{},184,127,"{'rz': 37, 'sx': 37, 'ecr': 36, 'x': 6, 'measure': 37}",-1,-1,{},-1,-1,{},-1,-1,{},-1,-1,{},-1,-1,{},-1,-1,{},-1,-1,{},164,127,"{'rz': 37, 'sx': 37, 'ecr': 36, 'x': 8, 'measure': 37}",-1,-1,{},38,53,"{'u2': 1, 'cx': 36, 'measure': 37}",-1,-1,{},-1,-1,{},168,127,"{'rz': 37, 'sx': 37, 'ecr': 36, 'x': 10, 'measure': 37}",-1,-1,{},-1,-1,{},112,133,"{'rz': 37, 'sx': 37, 'cz': 36, 'measure': 37}",-1,-1,{},-1,-1,{},-1,-1,{},40,127,"{'rz': 1, 'sx': 1, 'cx': 36, 'measure': 37}",-1,-1,{}
3,158,random,61,750,"{'cx': 2221, 'u2': 1102, 'cu1': 845, 'u1': 655, 'h': 552, 'u3': 426, 'ry': 387, 's': 215, 'rxx': 169, 'cu3': 167, 'ccx': 157, 'sdg': 129, 't': 111, 'tdg': 104, 'rz': 102, 'crz': 96, 'crx': 94, 'rzz': 92, 'cry': 90, 'cp': 87, 'swap': 84, 'sx': 79, 'ch': 77, 'cz': 73, 'x': 71, 'cswap': 71, 'cy': 67, 'measure': 61, 'p': 55, 'y': 39, 'sxdg': 28, 'rx': 27, 'z': 27, 'u': 22, 'barrier': 1}",-1,-1,{},-1,-1,{},-1,-1,{},-1,-1,{},-1,-1,{},-1,-1,{},-1,-1,{},-1,-1,{},36594,127,"{'x': 64, 'rz': 64, 'sx': 64, 'ecr': 71, 'measure': 61}",13187,65,"{'cx': 140, 'rz': 63, 'sx': 63, 'x': 63, 'measure': 61}",-1,-1,{},-1,-1,{},-1,-1,{},-1,-1,{},38159,127,"{'rz': 62, 'sx': 62, 'ecr': 69, 'x': 62, 'measure': 61}",-1,-1,{},-1,-1,{},-1,-1,{},-1,-1,{},-1,-1,{},-1,-1,{},-1,-1,{},38211,127,"{'rz': 64, 'sx': 64, 'x': 63, 'ecr': 71, 'measure': 61}",-1,-1,{},37845,127,"{'rz': 65, 'sx': 65, 'x': 64, 'ecr': 72, 'measure': 61}",38477,127,"{'rz': 64, 'sx': 64, 'ecr': 71, 'x': 64, 'measure': 61}",-1,-1,{},-1,-1,{},-1,-1,{},12824,65,"{'rz': 64, 'sx': 64, 'x': 61, 'cx': 142, 'measure': 61}",-1,-1,{},-1,-1,{},-1,-1,{},-1,-1,{},-1,-1,{},36885,127,"{'rz': 70, 'sx': 70, 'x': 67, 'ecr': 78, 'measure': 61}",-1,-1,{},-1,-1,{},-1,-1,{},-1,-1,{},-1,-1,{},-1,-1,{},-1,-1,{},38716,127,"{'rz': 69, 'x': 66, 'sx': 69, 'ecr': 77, 'measure': 61}",-1,-1,{},-1,-1,{},-1,-1,{},-1,-1,{},36647,127,"{'rz': 66, 'sx': 66, 'ecr': 73, 'x': 64, 'measure': 61}",-1,-1,{},-1,-1,{},23310,133,"{'rz': 63, 'sx': 63, 'cz': 140, 'x': 62, 'measure': 61}",-1,-1,{},-1,-1,{},-1,-1,{},12436,127,"{'rz': 64, 'sx': 64, 'cx': 142, 'x': 62, 'measure': 61}",-1,-1,{}
3,401,qpeinexact,56,167,"{'cp': 1540, 'h': 110, 'measure': 55, 'swap': 27, 'x': 1, 'barrier': 1}",-1,-1,{},-1,-1,{},-1,-1,{},-1,-1,{},-1,-1,{},-1,-1,{},-1,-1,{},-1,-1,{},5067,127,"{'rz': 60, 'sx': 60, 'ecr': 63, 'x': 41, 'measure': 55}",1978,65,"{'rz': 56, 'sx': 56, 'cx': 122, 'x': 39, 'measure': 55}",-1,-1,{},-1,-1,{},-1,-1,{},-1,-1,{},5695,127,"{'rz': 56, 'sx': 56, 'ecr': 61, 'x': 42, 'measure': 55}",-1,-1,{},-1,-1,{},-1,-1,{},-1,-1,{},-1,-1,{},-1,-1,{},-1,-1,{},5477,127,"{'rz': 58, 'sx': 58, 'ecr': 61, 'x': 43, 'measure': 55}",-1,-1,{},6032,127,"{'rz': 60, 'sx': 60, 'ecr': 65, 'x': 48, 'measure': 55}",5168,127,"{'rz': 57, 'sx': 57, 'ecr': 60, 'x': 40, 'measure': 55}",-1,-1,{},-1,-1,{},-1,-1,{},1988,65,"{'rz': 57, 'sx': 57, 'cx': 120, 'x': 35, 'measure': 55}",-1,-1,{},-1,-1,{},-1,-1,{},-1,-1,{},-1,-1,{},5294,127,"{'rz': 59, 'sx': 59, 'ecr': 63, 'x': 48, 'measure': 55}",-1,-1,{},-1,-1,{},-1,-1,{},-1,-1,{},-1,-1,{},-1,-1,{},-1,-1,{},5365,127,"{'rz': 56, 'sx': 56, 'ecr': 60, 'x': 39, 'measure': 55}",-1,-1,{},-1,-1,{},-1,-1,{},-1,-1,{},6113,127,"{'rz': 62, 'sx': 62, 'ecr': 64, 'x': 45, 'measure': 55}",-1,-1,{},-1,-1,{},4134,133,"{'rz': 59, 'sx': 60, 'cz': 113, 'x': 19, 'measure': 55}",-1,-1,{},-1,-1,{},-1,-1,{},2161,127,"{'rz': 60, 'sx': 60, 'cx': 132, 'x': 37, 'measure': 55}",-1,-1,{}
3,684,qft,27,55,"{'cp': 351, 'h': 27, 'measure': 27, 'swap': 13, 'barrier': 1}",741,27,"{'rz': 25, 'sx': 22, 'cx': 54, 'x': 17, 'measure': 27}",-1,-1,{},-1,-1,{},-1,-1,{},759,27,"{'rz': 25, 'sx': 22, 'cx': 53, 'x': 18, 'measure': 27}",-1,-1,{},-1,-1,{},-1,-1,{},1782,127,"{'rz': 28, 'sx': 28, 'ecr': 28, 'x': 24, 'measure': 27}",648,65,"{'sx': 26, 'rz': 26, 'cx': 48, 'x': 19, 'measure': 27}",-1,-1,{},-1,-1,{},632,28,"{'u3': 27, 'u2': 28, 'cx': 59, 'u1': 27, 'measure': 27}",-1,-1,{},2309,127,"{'rz': 31, 'sx': 31, 'x': 22, 'ecr': 32, 'measure': 27}",-1,-1,{},-1,-1,{},846,27,"{'rz': 26, 'sx': 24, 'cx': 50, 'x': 21, 'measure': 27}",-1,-1,{},913,27,"{'cx': 56, 'rz': 25, 'sx': 22, 'x': 18, 'measure': 27}",-1,-1,{},-1,-1,{},2301,127,"{'rz': 27, 'sx': 27, 'x': 20, 'ecr': 27, 'measure': 27}",779,27,"{'sx': 22, 'rz': 26, 'cx': 54, 'x': 15, 'measure': 27}",2103,127,"{'rz': 36, 'sx': 36, 'x': 27, 'ecr': 37, 'measure': 27}",1767,127,"{'rz': 27, 'sx': 27, 'x': 19, 'ecr': 26, 'measure': 27}",-1,-1,{},-1,-1,{},-1,-1,{},773,65,"{'sx': 24, 'rz': 27, 'cx': 56, 'x': 18, 'measure': 27}",-1,-1,{},-1,-1,{},837,27,"{'sx': 21, 'rz': 25, 'cx': 53, 'x': 15, 'measure': 27}",724,27,"{'rz': 26, 'sx': 20, 'cx': 48, 'x': 17, 'measure': 27}",-1,-1,{},2329,127,"{'rz': 27, 'sx': 27, 'x': 20, 'ecr': 27, 'measure': 27}",-1,-1,{},-1,-1,{},730,27,"{'sx': 21, 'rz': 24, 'cx': 52, 'x': 16, 'measure': 27}",2153,27,"{'x': 20, 'rz': 27, 'sx': 27, 'ecr': 28, 'measure': 27}",-1,-1,{},1364,33,"{'rz': 27, 'sx': 27, 'cz': 51, 'x': 3, 'measure': 27}",-1,-1,{},1741,127,"{'rz': 27, 'sx': 27, 'x': 21, 'ecr': 26, 'measure': 27}",-1,-1,{},689,53,"{'u2': 25, 'cx': 66, 'u1': 26, 'u3': 25, 'measure': 27}",-1,-1,{},-1,-1,{},1914,127,"{'rz': 27, 'sx': 27, 'x': 24, 'ecr': 26, 'measure': 27}",-1,-1,{},799,27,"{'rz': 26, 'sx': 22, 'cx': 56, 'x': 14, 'measure': 27}",1062,133,"{'rz': 27, 'sx': 28, 'cz': 52, 'x': 1, 'measure': 27}",725,27,"{'rz': 25, 'sx': 19, 'cx': 56, 'x': 18, 'measure': 27}",-1,-1,{},-1,-1,{},861,127,"{'rz': 24, 'sx': 22, 'cx': 55, 'x': 16, 'measure': 27}",-1,-1,{}
3,170,dj,76,78,"{'h': 78, 'cx': 75, 'measure': 75, 'u2': 73, 'barrier': 1}",-1,-1,{},-1,-1,{},-1,-1,{},-1,-1,{},-1,-1,{},-1,-1,{},-1,-1,{},-1,-1,{},1059,127,"{'rz': 77, 'sx': 77, 'ecr': 77, 'x': 30, 'measure': 75}",-1,-1,{},-1,-1,{},-1,-1,{},-1,-1,{},-1,-1,{},1114,127,"{'rz': 76, 'sx': 76, 'ecr': 76, 'x': 18, 'measure': 75}",-1,-1,{},-1,-1,{},-1,-1,{},-1,-1,{},-1,-1,{},-1,-1,{},-1,-1,{},1081,127,"{'rz': 77, 'sx': 77, 'x': 31, 'ecr': 78, 'measure': 75}",-1,-1,{},1070,127,"{'rz': 76, 'sx': 76, 'x': 21, 'ecr': 77, 'measure': 75}",1048,127,"{'rz': 76, 'sx': 76, 'ecr': 80, 'x': 22, 'measure': 75}",-1,-1,{},-1,-1,{},-1,-1,{},-1,-1,{},-1,-1,{},-1,-1,{},-1,-1,{},-1,-1,{},-1,-1,{},1049,127,"{'rz': 76, 'sx': 76, 'ecr': 77, 'x': 24, 'measure': 75}",-1,-1,{},-1,-1,{},-1,-1,{},-1,-1,{},-1,-1,{},-1,-1,{},-1,-1,{},984,127,"{'rz': 77, 'sx': 77, 'ecr': 76, 'x': 27, 'measure': 75}",-1,-1,{},-1,-1,{},-1,-1,{},-1,-1,{},1050,127,"{'rz': 76, 'sx': 76, 'x': 25, 'ecr': 76, 'measure': 75}",-1,-1,{},-1,-1,{},614,133,"{'sx': 76, 'rz': 76, 'cz': 95, 'x': 3, 'measure': 75}",-1,-1,{},-1,-1,{},-1,-1,{},493,127,"{'rz': 76, 'sx': 76, 'x': 10, 'cx': 130, 'measure': 75}",-1,-1,{}
3,472,qnn,35,345,"{'cx': 2414, 'p': 1190, 'u2': 70, 'ry': 70, 'measure': 35, 'barrier': 1}",-1,-1,{},-1,-1,{},-1,-1,{},-1,-1,{},-1,-1,{},-1,-1,{},-1,-1,{},-1,-1,{},2845,127,"{'rz': 35, 'sx': 35, 'ecr': 34, 'x': 35, 'measure': 35}",1171,65,"{'rz': 35, 'sx': 35, 'cx': 68, 'x': 32, 'measure': 35}",-1,-1,{},-1,-1,{},-1,-1,{},-1,-1,{},2731,127,"{'rz': 35, 'sx': 35, 'ecr': 34, 'x': 35, 'measure': 35}",-1,-1,{},-1,-1,{},-1,-1,{},-1,-1,{},-1,-1,{},-1,-1,{},-1,-1,{},3619,127,"{'rz': 36, 'sx': 36, 'ecr': 36, 'x': 35, 'measure': 35}",-1,-1,{},3473,127,"{'rz': 35, 'sx': 35, 'ecr': 34, 'x': 35, 'measure': 35}",3395,127,"{'rz': 35, 'sx': 35, 'ecr': 34, 'x': 35, 'measure': 35}",-1,-1,{},-1,-1,{},-1,-1,{},1018,65,"{'rz': 35, 'sx': 35, 'cx': 68, 'x': 33, 'measure': 35}",-1,-1,{},-1,-1,{},-1,-1,{},-1,-1,{},-1,-1,{},3397,127,"{'rz': 35, 'sx': 35, 'ecr': 34, 'x': 35, 'measure': 35}",-1,-1,{},-1,-1,{},-1,-1,{},-1,-1,{},-1,-1,{},-1,-1,{},-1,-1,{},3984,127,"{'rz': 39, 'sx': 39, 'ecr': 41, 'x': 39, 'measure': 35}",-1,-1,{},976,53,"{'u1': 35, 'u3': 35, 'u2': 35, 'cx': 68, 'measure': 35}",-1,-1,{},-1,-1,{},3002,127,"{'rz': 35, 'sx': 35, 'ecr': 34, 'x': 35, 'measure': 35}",-1,-1,{},-1,-1,{},2485,133,"{'rz': 35, 'sx': 35, 'cz': 68, 'x': 20, 'measure': 35}",-1,-1,{},-1,-1,{},-1,-1,{},1150,127,"{'rz': 35, 'sx': 35, 'cx': 68, 'x': 31, 'measure': 35}",-1,-1,{}
4,670,graphstate,83,9,"{'h': 83, 'cz': 83, 'measure': 83, 'barrier': 1}",-1,-1,{},-1,-1,{},-1,-1,{},-1,-1,{},-1,-1,{},-1,-1,{},-1,-1,{},-1,-1,{},217,127,"{'rz': 86, 'sx': 86, 'ecr': 94, 'x': 52, 'measure': 83}",-1,-1,{},-1,-1,{},-1,-1,{},-1,-1,{},-1,-1,{},166,127,"{'rz': 95, 'sx': 95, 'ecr': 105, 'x': 47, 'measure': 83}",-1,-1,{},-1,-1,{},-1,-1,{},-1,-1,{},-1,-1,{},-1,-1,{},-1,-1,{},239,127,"{'rz': 99, 'sx': 99, 'ecr': 108, 'x': 44, 'measure': 83}",-1,-1,{},166,127,"{'rz': 95, 'sx': 95, 'ecr': 103, 'x': 44, 'measure': 83}",199,127,"{'rz': 103, 'sx': 103, 'ecr': 113, 'x': 47, 'measure': 83}",-1,-1,{},-1,-1,{},-1,-1,{},-1,-1,{},-1,-1,{},-1,-1,{},-1,-1,{},-1,-1,{},-1,-1,{},164,127,"{'rz': 92, 'sx': 92, 'ecr': 98, 'x': 39, 'measure': 83}",-1,-1,{},-1,-1,{},-1,-1,{},-1,-1,{},-1,-1,{},-1,-1,{},-1,-1,{},266,127,"{'rz': 104, 'sx': 104, 'ecr': 116, 'x': 46, 'measure': 83}",-1,-1,{},-1,-1,{},-1,-1,{},-1,-1,{},273,127,"{'rz': 95, 'sx': 95, 'ecr': 102, 'x': 40, 'measure': 83}",-1,-1,{},-1,-1,{},132,133,"{'rz': 83, 'sx': 98, 'cz': 139, 'x': 1, 'measure': 83}",-1,-1,{},-1,-1,{},-1,-1,{},89,127,"{'rz': 86, 'sx': 86, 'cx': 164, 'x': 1, 'measure': 83}",-1,-1,{}
4,612,qpeexact,80,239,"{'cp': 3160, 'h': 158, 'measure': 79, 'swap': 39, 'x': 1, 'barrier': 1}",-1,-1,{},-1,-1,{},-1,-1,{},-1,-1,{},-1,-1,{},-1,-1,{},-1,-1,{},-1,-1,{},9875,127,"{'rz': 83, 'sx': 83, 'ecr': 92, 'x': 69, 'measure': 79}",-1,-1,{},-1,-1,{},-1,-1,{},-1,-1,{},-1,-1,{},7026,127,"{'rz': 89, 'sx': 89, 'ecr': 96, 'x': 59, 'measure': 79}",-1,-1,{},-1,-1,{},-1,-1,{},-1,-1,{},-1,-1,{},-1,-1,{},-1,-1,{},9391,127,"{'rz': 86, 'sx': 86, 'ecr': 91, 'x': 64, 'measure': 79}",-1,-1,{},7974,127,"{'rz': 85, 'sx': 85, 'ecr': 93, 'x': 57, 'measure': 79}",8219,127,"{'rz': 81, 'sx': 81, 'ecr': 88, 'x': 63, 'measure': 79}",-1,-1,{},-1,-1,{},-1,-1,{},-1,-1,{},-1,-1,{},-1,-1,{},-1,-1,{},-1,-1,{},-1,-1,{},7850,127,"{'rz': 83, 'sx': 83, 'ecr': 89, 'x': 61, 'measure': 79}",-1,-1,{},-1,-1,{},-1,-1,{},-1,-1,{},-1,-1,{},-1,-1,{},-1,-1,{},9071,127,"{'rz': 80, 'sx': 80, 'ecr': 86, 'x': 59, 'measure': 79}",-1,-1,{},-1,-1,{},-1,-1,{},-1,-1,{},8661,127,"{'rz': 80, 'sx': 80, 'ecr': 85, 'x': 59, 'measure': 79}",-1,-1,{},-1,-1,{},6056,133,"{'rz': 83, 'sx': 83, 'cz': 172, 'x': 22, 'measure': 79}",-1,-1,{},-1,-1,{},-1,-1,{},3152,127,"{'rz': 80, 'sx': 79, 'cx': 180, 'x': 44, 'measure': 79}",-1,-1,{}
4,585,qftentangled,82,167,"{'cp': 3321, 'h': 83, 'measure': 82, 'cx': 81, 'swap': 41, 'barrier': 1}",-1,-1,{},-1,-1,{},-1,-1,{},-1,-1,{},-1,-1,{},-1,-1,{},-1,-1,{},-1,-1,{},8882,127,"{'rz': 90, 'sx': 90, 'ecr': 100, 'x': 60, 'measure': 82}",-1,-1,{},-1,-1,{},-1,-1,{},-1,-1,{},-1,-1,{},8800,127,"{'rz': 83, 'sx': 83, 'ecr': 90, 'x': 63, 'measure': 82}",-1,-1,{},-1,-1,{},-1,-1,{},-1,-1,{},-1,-1,{},-1,-1,{},-1,-1,{},9224,127,"{'rz': 93, 'sx': 93, 'ecr': 103, 'x': 73, 'measure': 82}",-1,-1,{},9120,127,"{'rz': 102, 'sx': 102, 'ecr': 115, 'x': 73, 'measure': 82}",8536,127,"{'rz': 88, 'sx': 88, 'ecr': 97, 'x': 62, 'measure': 82}",-1,-1,{},-1,-1,{},-1,-1,{},-1,-1,{},-1,-1,{},-1,-1,{},-1,-1,{},-1,-1,{},-1,-1,{},8256,127,"{'rz': 88, 'sx': 88, 'ecr': 97, 'x': 72, 'measure': 82}",-1,-1,{},-1,-1,{},-1,-1,{},-1,-1,{},-1,-1,{},-1,-1,{},-1,-1,{},9130,127,"{'rz': 85, 'sx': 85, 'ecr': 94, 'x': 62, 'measure': 82}",-1,-1,{},-1,-1,{},-1,-1,{},-1,-1,{},8625,127,"{'rz': 83, 'sx': 83, 'ecr': 91, 'x': 63, 'measure': 82}",-1,-1,{},-1,-1,{},5697,133,"{'sx': 88, 'rz': 83, 'cz': 183, 'x': 11, 'measure': 82}",-1,-1,{},-1,-1,{},-1,-1,{},3240,127,"{'x': 54, 'rz': 75, 'cx': 196, 'sx': 67, 'measure': 82}",-1,-1,{}
4,101,qftentangled,61,125,"{'cp': 1830, 'h': 62, 'measure': 61, 'cx': 60, 'swap': 30, 'barrier': 1}",-1,-1,{},-1,-1,{},-1,-1,{},-1,-1,{},-1,-1,{},-1,-1,{},-1,-1,{},-1,-1,{},5735,127,"{'rz': 61, 'sx': 61, 'ecr': 65, 'x': 44, 'measure': 61}",2160,65,"{'x': 38, 'rz': 60, 'cx': 138, 'sx': 56, 'measure': 61}",-1,-1,{},-1,-1,{},-1,-1,{},-1,-1,{},5041,127,"{'rz': 63, 'sx': 63, 'ecr': 69, 'x': 47, 'measure': 61}",-1,-1,{},-1,-1,{},-1,-1,{},-1,-1,{},-1,-1,{},-1,-1,{},-1,-1,{},5137,127,"{'rz': 64, 'sx': 64, 'ecr': 69, 'x': 45, 'measure': 61}",-1,-1,{},5351,127,"{'rz': 64, 'sx': 64, 'ecr': 68, 'x': 48, 'measure': 61}",4825,127,"{'rz': 71, 'sx': 71, 'ecr': 78, 'x': 58, 'measure': 61}",-1,-1,{},-1,-1,{},-1,-1,{},1523,65,"{'cx': 131, 'rz': 53, 'sx': 44, 'x': 26, 'measure': 61}",-1,-1,{},-1,-1,{},-1,-1,{},-1,-1,{},-1,-1,{},5595,127,"{'rz': 62, 'sx': 62, 'ecr': 65, 'x': 41, 'measure': 61}",-1,-1,{},-1,-1,{},-1,-1,{},-1,-1,{},-1,-1,{},-1,-1,{},-1,-1,{},6322,127,"{'rz': 72, 'sx': 72, 'ecr': 78, 'x': 52, 'measure': 61}",-1,-1,{},-1,-1,{},-1,-1,{},-1,-1,{},6288,127,"{'rz': 65, 'sx': 65, 'ecr': 70, 'x': 48, 'measure': 61}",-1,-1,{},-1,-1,{},4038,133,"{'sx': 64, 'rz': 57, 'cz': 125, 'x': 9, 'measure': 61}",-1,-1,{},-1,-1,{},-1,-1,{},2098,127,"{'rz': 55, 'cx': 146, 'sx': 49, 'x': 37, 'measure': 61}",-1,-1,{}
4,348,qftentangled,115,233,"{'cp': 6555, 'h': 116, 'measure': 115, 'cx': 114, 'swap': 57, 'barrier': 1}",-1,-1,{},-1,-1,{},-1,-1,{},-1,-1,{},-1,-1,{},-1,-1,{},-1,-1,{},-1,-1,{},13427,127,"{'rz': 121, 'sx': 121, 'ecr': 137, 'x': 90, 'measure': 115}",-1,-1,{},-1,-1,{},-1,-1,{},-1,-1,{},-1,-1,{},10745,127,"{'rz': 119, 'sx': 119, 'ecr': 134, 'x': 93, 'measure': 115}",-1,-1,{},-1,-1,{},-1,-1,{},-1,-1,{},-1,-1,{},-1,-1,{},-1,-1,{},10995,127,"{'rz': 122, 'sx': 122, 'ecr': 135, 'x': 90, 'measure': 115}",-1,-1,{},12824,127,"{'rz': 117, 'sx': 117, 'ecr': 131, 'x': 87, 'measure': 115}",12405,127,"{'rz': 125, 'sx': 125, 'ecr': 141, 'x': 99, 'measure': 115}",-1,-1,{},-1,-1,{},-1,-1,{},-1,-1,{},-1,-1,{},-1,-1,{},-1,-1,{},-1,-1,{},-1,-1,{},13946,127,"{'rz': 120, 'sx': 120, 'ecr': 135, 'x': 96, 'measure': 115}",-1,-1,{},-1,-1,{},-1,-1,{},-1,-1,{},-1,-1,{},-1,-1,{},-1,-1,{},13347,127,"{'rz': 119, 'sx': 119, 'ecr': 134, 'x': 87, 'measure': 115}",-1,-1,{},-1,-1,{},-1,-1,{},-1,-1,{},12616,127,"{'rz': 125, 'sx': 125, 'ecr': 141, 'x': 90, 'measure': 115}",-1,-1,{},-1,-1,{},8583,133,"{'sx': 125, 'cz': 255, 'rz': 110, 'x': 15, 'measure': 115}",-1,-1,{},-1,-1,{},-1,-1,{},4474,127,"{'cx': 268, 'rz': 105, 'x': 57, 'sx': 86, 'measure': 115}",-1,-1,{}
4,530,dj,71,73,"{'h': 72, 'cx': 70, 'measure': 70, 'u2': 69, 'barrier': 1}",-1,-1,{},-1,-1,{},-1,-1,{},-1,-1,{},-1,-1,{},-1,-1,{},-1,-1,{},-1,-1,{},1095,127,"{'rz': 71, 'sx': 71, 'x': 30, 'ecr': 71, 'measure': 70}",-1,-1,{},-1,-1,{},-1,-1,{},-1,-1,{},-1,-1,{},960,127,"{'rz': 72, 'sx': 72, 'ecr': 73, 'x': 17, 'measure': 70}",-1,-1,{},-1,-1,{},-1,-1,{},-1,-1,{},-1,-1,{},-1,-1,{},-1,-1,{},1000,127,"{'rz': 73, 'sx': 73, 'x': 21, 'ecr': 72, 'measure': 70}",-1,-1,{},946,127,"{'rz': 72, 'sx': 72, 'ecr': 73, 'x': 21, 'measure': 70}",1050,127,"{'rz': 71, 'sx': 71, 'ecr': 71, 'x': 28, 'measure': 70}",-1,-1,{},-1,-1,{},-1,-1,{},-1,-1,{},-1,-1,{},-1,-1,{},-1,-1,{},-1,-1,{},-1,-1,{},1020,127,"{'rz': 72, 'sx': 72, 'x': 24, 'ecr': 71, 'measure': 70}",-1,-1,{},-1,-1,{},-1,-1,{},-1,-1,{},-1,-1,{},-1,-1,{},-1,-1,{},949,127,"{'rz': 71, 'sx': 71, 'ecr': 72, 'x': 23, 'measure': 70}",-1,-1,{},-1,-1,{},-1,-1,{},-1,-1,{},1049,127,"{'rz': 73, 'sx': 73, 'ecr': 75, 'x': 29, 'measure': 70}",-1,-1,{},-1,-1,{},582,133,"{'sx': 73, 'rz': 72, 'cz': 80, 'x': 3, 'measure': 70}",-1,-1,{},-1,-1,{},-1,-1,{},453,127,"{'rz': 72, 'sx': 72, 'cx': 131, 'x': 7, 'measure': 70}",-1,-1,{}
4,798,graphstate,33,7,"{'h': 33, 'cz': 33, 'measure': 33, 'barrier': 1}",-1,-1,{},-1,-1,{},-1,-1,{},-1,-1,{},-1,-1,{},-1,-1,{},-1,-1,{},-1,-1,{},78,127,"{'rz': 33, 'sx': 33, 'ecr': 32, 'x': 13, 'measure': 33}",42,65,"{'rz': 33, 'sx': 33, 'cx': 54, 'x': 1, 'measure': 33}",-1,-1,{},-1,-1,{},-1,-1,{},-1,-1,{},161,127,"{'rz': 33, 'sx': 33, 'ecr': 34, 'x': 13, 'measure': 33}",-1,-1,{},-1,-1,{},-1,-1,{},-1,-1,{},-1,-1,{},-1,-1,{},-1,-1,{},152,127,"{'rz': 48, 'sx': 48, 'ecr': 49, 'x': 20, 'measure': 33}",-1,-1,{},119,127,"{'rz': 33, 'sx': 33, 'ecr': 35, 'x': 18, 'measure': 33}",105,127,"{'rz': 35, 'sx': 35, 'ecr': 35, 'x': 17, 'measure': 33}",-1,-1,{},-1,-1,{},-1,-1,{},42,65,"{'rz': 33, 'sx': 33, 'cx': 67, 'measure': 33}",-1,-1,{},-1,-1,{},-1,-1,{},-1,-1,{},-1,-1,{},148,127,"{'rz': 46, 'sx': 46, 'ecr': 49, 'x': 14, 'measure': 33}",-1,-1,{},-1,-1,{},-1,-1,{},-1,-1,{},-1,-1,{},53,33,"{'rz': 33, 'sx': 33, 'cz': 44, 'measure': 33}",-1,-1,{},118,127,"{'rz': 43, 'sx': 43, 'ecr': 45, 'x': 19, 'measure': 33}",-1,-1,{},31,53,"{'u2': 33, 'cx': 66, 'u1': 2, 'u3': 2, 'measure': 33}",-1,-1,{},-1,-1,{},90,127,"{'rz': 41, 'sx': 41, 'ecr': 42, 'x': 22, 'measure': 33}",-1,-1,{},-1,-1,{},66,133,"{'rz': 33, 'sx': 33, 'cz': 47, 'measure': 33}",-1,-1,{},-1,-1,{},-1,-1,{},55,127,"{'rz': 33, 'sx': 33, 'cx': 49, 'x': 1, 'measure': 33}",-1,-1,{}
4,506,qpeinexact,36,107,"{'cp': 630, 'h': 70, 'measure': 35, 'swap': 17, 'x': 1, 'barrier': 1}",-1,-1,{},-1,-1,{},-1,-1,{},-1,-1,{},-1,-1,{},-1,-1,{},-1,-1,{},-1,-1,{},3332,127,"{'rz': 36, 'sx': 36, 'ecr': 37, 'x': 30, 'measure': 35}",1311,65,"{'rz': 39, 'sx': 39, 'cx': 86, 'x': 21, 'measure': 35}",-1,-1,{},-1,-1,{},-1,-1,{},-1,-1,{},3975,127,"{'rz': 40, 'sx': 40, 'x': 32, 'ecr': 40, 'measure': 35}",-1,-1,{},-1,-1,{},-1,-1,{},-1,-1,{},-1,-1,{},-1,-1,{},-1,-1,{},3507,127,"{'rz': 38, 'sx': 38, 'ecr': 40, 'x': 31, 'measure': 35}",-1,-1,{},3709,127,"{'rz': 36, 'sx': 36, 'ecr': 36, 'x': 31, 'measure': 35}",3484,127,"{'rz': 40, 'sx': 40, 'ecr': 42, 'x': 29, 'measure': 35}",-1,-1,{},-1,-1,{},-1,-1,{},1408,65,"{'rz': 36, 'sx': 35, 'x': 20, 'cx': 75, 'measure': 35}",-1,-1,{},-1,-1,{},-1,-1,{},-1,-1,{},-1,-1,{},4088,127,"{'rz': 40, 'sx': 40, 'ecr': 42, 'x': 31, 'measure': 35}",-1,-1,{},-1,-1,{},-1,-1,{},-1,-1,{},-1,-1,{},-1,-1,{},-1,-1,{},3174,127,"{'rz': 36, 'sx': 36, 'ecr': 37, 'x': 27, 'measure': 35}",-1,-1,{},1279,53,"{'u2': 36, 'u3': 27, 'cx': 74, 'u1': 32, 'measure': 35}",-1,-1,{},-1,-1,{},3702,127,"{'rz': 37, 'sx': 37, 'x': 30, 'ecr': 38, 'measure': 35}",-1,-1,{},-1,-1,{},2232,133,"{'rz': 37, 'sx': 38, 'cz': 72, 'x': 13, 'measure': 35}",-1,-1,{},-1,-1,{},-1,-1,{},1434,127,"{'rz': 38, 'sx': 36, 'cx': 88, 'x': 22, 'measure': 35}",-1,-1,{}
4,371,qnn,87,865,"{'cx': 15050, 'p': 7482, 'u2': 174, 'ry': 174, 'measure': 87, 'barrier': 1}",-1,-1,{},-1,-1,{},-1,-1,{},-1,-1,{},-1,-1,{},-1,-1,{},-1,-1,{},-1,-1,{},12852,127,"{'rz': 87, 'sx': 87, 'ecr': 92, 'x': 87, 'measure': 87}",-1,-1,{},-1,-1,{},-1,-1,{},-1,-1,{},-1,-1,{},18251,127,"{'rz': 87, 'sx': 87, 'ecr': 95, 'x': 87, 'measure': 87}",-1,-1,{},-1,-1,{},-1,-1,{},-1,-1,{},-1,-1,{},-1,-1,{},-1,-1,{},10407,127,"{'rz': 91, 'sx': 91, 'ecr': 92, 'x': 91, 'measure': 87}",-1,-1,{},21955,127,"{'rz': 89, 'sx': 89, 'ecr': 98, 'x': 89, 'measure': 87}",15851,127,"{'rz': 93, 'sx': 93, 'ecr': 101, 'x': 92, 'measure': 87}",-1,-1,{},-1,-1,{},-1,-1,{},-1,-1,{},-1,-1,{},-1,-1,{},-1,-1,{},-1,-1,{},-1,-1,{},22942,127,"{'rz': 91, 'sx': 91, 'ecr': 98, 'x': 91, 'measure': 87}",-1,-1,{},-1,-1,{},-1,-1,{},-1,-1,{},-1,-1,{},-1,-1,{},-1,-1,{},19295,127,"{'rz': 89, 'sx': 89, 'ecr': 98, 'x': 89, 'measure': 87}",-1,-1,{},-1,-1,{},-1,-1,{},-1,-1,{},15553,127,"{'rz': 91, 'sx': 91, 'ecr': 99, 'x': 90, 'measure': 87}",-1,-1,{},-1,-1,{},13799,133,"{'rz': 91, 'sx': 93, 'cz': 198, 'x': 46, 'measure': 87}",-1,-1,{},-1,-1,{},-1,-1,{},6345,127,"{'rz': 87, 'sx': 87, 'cx': 191, 'x': 82, 'measure': 87}",-1,-1,{}
4,774,dj,41,43,"{'h': 42, 'cx': 40, 'measure': 40, 'u2': 39, 'barrier': 1}",-1,-1,{},-1,-1,{},-1,-1,{},-1,-1,{},-1,-1,{},-1,-1,{},-1,-1,{},-1,-1,{},520,127,"{'rz': 41, 'sx': 41, 'ecr': 40, 'x': 10, 'measure': 40}",240,65,"{'rz': 42, 'sx': 42, 'x': 4, 'cx': 71, 'measure': 40}",-1,-1,{},-1,-1,{},-1,-1,{},-1,-1,{},520,127,"{'rz': 41, 'sx': 41, 'ecr': 40, 'x': 12, 'measure': 40}",-1,-1,{},-1,-1,{},-1,-1,{},-1,-1,{},-1,-1,{},-1,-1,{},-1,-1,{},511,127,"{'rz': 41, 'sx': 41, 'ecr': 40, 'x': 9, 'measure': 40}",-1,-1,{},515,127,"{'rz': 44, 'sx': 44, 'ecr': 43, 'x': 11, 'measure': 40}",499,127,"{'rz': 41, 'sx': 41, 'ecr': 40, 'x': 8, 'measure': 40}",-1,-1,{},-1,-1,{},-1,-1,{},261,65,"{'rz': 42, 'sx': 42, 'cx': 71, 'x': 4, 'measure': 40}",-1,-1,{},-1,-1,{},-1,-1,{},-1,-1,{},-1,-1,{},528,127,"{'rz': 41, 'sx': 41, 'ecr': 40, 'x': 12, 'measure': 40}",-1,-1,{},-1,-1,{},-1,-1,{},-1,-1,{},-1,-1,{},-1,-1,{},-1,-1,{},583,127,"{'rz': 42, 'sx': 42, 'ecr': 41, 'x': 14, 'measure': 40}",-1,-1,{},145,53,"{'u2': 41, 'u1': 3, 'u3': 3, 'cx': 67, 'measure': 40}",-1,-1,{},-1,-1,{},504,127,"{'rz': 41, 'sx': 41, 'ecr': 40, 'x': 10, 'measure': 40}",-1,-1,{},-1,-1,{},327,133,"{'rz': 42, 'sx': 42, 'x': 3, 'cz': 46, 'measure': 40}",-1,-1,{},-1,-1,{},-1,-1,{},271,127,"{'rz': 41, 'sx': 41, 'x': 5, 'cx': 68, 'measure': 40}",-1,-1,{}
4,665,graphstate,46,11,"{'h': 46, 'cz': 46, 'measure': 46, 'barrier': 1}",-1,-1,{},-1,-1,{},-1,-1,{},-1,-1,{},-1,-1,{},-1,-1,{},-1,-1,{},-1,-1,{},136,127,"{'rz': 51, 'sx': 51, 'ecr': 56, 'x': 23, 'measure': 46}",67,65,"{'rz': 47, 'sx': 47, 'cx': 92, 'x': 1, 'measure': 46}",-1,-1,{},-1,-1,{},-1,-1,{},-1,-1,{},218,127,"{'rz': 49, 'sx': 49, 'ecr': 52, 'x': 21, 'measure': 46}",-1,-1,{},-1,-1,{},-1,-1,{},-1,-1,{},-1,-1,{},-1,-1,{},-1,-1,{},130,127,"{'rz': 57, 'sx': 57, 'ecr': 61, 'x': 28, 'measure': 46}",-1,-1,{},210,127,"{'rz': 56, 'sx': 56, 'ecr': 61, 'x': 22, 'measure': 46}",278,127,"{'rz': 51, 'sx': 51, 'ecr': 53, 'x': 25, 'measure': 46}",-1,-1,{},-1,-1,{},-1,-1,{},72,65,"{'rz': 47, 'sx': 47, 'cx': 85, 'x': 1, 'measure': 46}",-1,-1,{},-1,-1,{},-1,-1,{},-1,-1,{},-1,-1,{},218,127,"{'rz': 51, 'sx': 51, 'ecr': 56, 'x': 26, 'measure': 46}",-1,-1,{},-1,-1,{},-1,-1,{},-1,-1,{},-1,-1,{},-1,-1,{},-1,-1,{},178,127,"{'rz': 58, 'sx': 58, 'ecr': 63, 'x': 24, 'measure': 46}",-1,-1,{},45,53,"{'u3': 2, 'u2': 44, 'cx': 82, 'u1': 1, 'measure': 46}",-1,-1,{},-1,-1,{},133,127,"{'rz': 51, 'sx': 51, 'ecr': 55, 'x': 20, 'measure': 46}",-1,-1,{},-1,-1,{},89,133,"{'rz': 46, 'sx': 46, 'cz': 62, 'measure': 46}",-1,-1,{},-1,-1,{},-1,-1,{},52,127,"{'rz': 49, 'sx': 49, 'cx': 106, 'x': 2, 'measure': 46}",-1,-1,{}
4,808,grover-v-chain,11,2107,"{'cp': 1016, 'cx': 1008, 'u2': 96, 'rccx': 64, 'u1': 16, 'measure': 11, 'ccx': 8, 'h': 7, 'x': 1, 'barrier': 1}",7839,27,"{'rz': 11, 'sx': 11, 'x': 6, 'cx': 20, 'measure': 11}",6749,20,"{'u2': 12, 'u3': 11, 'cx': 30, 'u1': 12, 'measure': 11}",-1,-1,{},-1,-1,{},8638,27,"{'rz': 11, 'sx': 11, 'x': 6, 'cx': 20, 'measure': 11}",-1,-1,{},6876,20,"{'u2': 12, 'u3': 12, 'cx': 30, 'u1': 11, 'measure': 11}",-1,-1,{},18614,127,"{'rz': 11, 'sx': 11, 'ecr': 10, 'x': 10, 'measure': 11}",7352,65,"{'rz': 11, 'sx': 11, 'x': 7, 'cx': 20, 'measure': 11}",-1,-1,{},-1,-1,{},7456,28,"{'u2': 11, 'u3': 8, 'cx': 19, 'u1': 8, 'measure': 11}",-1,-1,{},21718,127,"{'rz': 11, 'sx': 11, 'ecr': 10, 'x': 10, 'measure': 11}",-1,-1,{},-1,-1,{},8432,27,"{'rz': 12, 'sx': 12, 'x': 6, 'cx': 29, 'measure': 11}",8776,16,"{'rz': 12, 'sx': 12, 'x': 12, 'cx': 24, 'measure': 11}",8479,27,"{'rz': 11, 'sx': 11, 'x': 8, 'cx': 20, 'measure': 11}",-1,-1,{},6735,20,"{'u2': 11, 'cx': 24, 'u3': 11, 'u1': 11, 'measure': 11}",20645,127,"{'rz': 11, 'sx': 11, 'x': 9, 'ecr': 10, 'measure': 11}",8430,27,"{'rz': 11, 'sx': 11, 'cx': 20, 'x': 9, 'measure': 11}",21675,127,"{'rz': 11, 'sx': 11, 'x': 9, 'ecr': 10, 'measure': 11}",18540,127,"{'rz': 11, 'sx': 11, 'x': 8, 'ecr': 10, 'measure': 11}",-1,-1,{},-1,-1,{},-1,-1,{},8732,65,"{'rz': 11, 'sx': 11, 'x': 7, 'cx': 19, 'measure': 11}",-1,-1,{},6630,15,"{'rz': 11, 'sx': 11, 'x': 9, 'cx': 28, 'measure': 11}",8141,27,"{'rz': 11, 'sx': 11, 'x': 6, 'cx': 20, 'measure': 11}",7488,27,"{'rz': 11, 'sx': 11, 'x': 6, 'cx': 20, 'measure': 11}",-1,-1,{},20059,127,"{'rz': 11, 'sx': 11, 'ecr': 10, 'x': 9, 'measure': 11}",-1,-1,{},-1,-1,{},8224,27,"{'rz': 11, 'sx': 11, 'x': 6, 'cx': 19, 'measure': 11}",19812,27,"{'rz': 11, 'sx': 11, 'ecr': 10, 'x': 8, 'measure': 11}",-1,-1,{},14163,33,"{'rz': 11, 'sx': 11, 'cz': 18, 'x': 2, 'measure': 11}",6804,20,"{'u2': 11, 'u3': 9, 'cx': 24, 'u1': 11, 'measure': 11}",19984,127,"{'rz': 11, 'sx': 11, 'x': 9, 'ecr': 10, 'measure': 11}",-1,-1,{},7324,53,"{'u2': 11, 'u3': 8, 'cx': 20, 'u1': 9, 'measure': 11}",-1,-1,{},-1,-1,{},18677,127,"{'rz': 11, 'sx': 11, 'ecr': 10, 'x': 11, 'measure': 11}",6714,20,"{'u2': 12, 'u3': 10, 'cx': 30, 'u1': 12, 'measure': 11}",7250,27,"{'rz': 11, 'sx': 11, 'x': 8, 'cx': 20, 'measure': 11}",12866,133,"{'rz': 11, 'sx': 11, 'x': 1, 'cz': 16, 'measure': 11}",7420,27,"{'rz': 11, 'sx': 11, 'x': 8, 'cx': 20, 'measure': 11}",-1,-1,{},-1,-1,{},8107,127,"{'rz': 11, 'sx': 11, 'x': 7, 'cx': 20, 'measure': 11}",-1,-1,{}
4,514,qwalk-v-chain,25,878,"{'rccx': 792, 'x': 76, 'ccx': 72, 'measure': 25, 'cx': 6, 'u2': 2, 'h': 1, 'barrier': 1}",11265,27,"{'rz': 25, 'sx': 25, 'cx': 52, 'x': 22, 'measure': 25}",-1,-1,{},-1,-1,{},-1,-1,{},11139,27,"{'rz': 25, 'sx': 25, 'cx': 52, 'x': 22, 'measure': 25}",-1,-1,{},-1,-1,{},-1,-1,{},29405,127,"{'rz': 25, 'sx': 25, 'ecr': 26, 'x': 22, 'measure': 25}",11359,65,"{'rz': 25, 'sx': 25, 'cx': 52, 'x': 22, 'measure': 25}",-1,-1,{},-1,-1,{},9452,28,"{'u2': 25, 'cx': 60, 'u1': 25, 'u3': 25, 'measure': 25}",-1,-1,{},29227,127,"{'rz': 25, 'sx': 25, 'x': 23, 'ecr': 26, 'measure': 25}",-1,-1,{},-1,-1,{},11259,27,"{'rz': 25, 'sx': 25, 'cx': 52, 'x': 18, 'measure': 25}",-1,-1,{},11167,27,"{'rz': 25, 'sx': 25, 'cx': 52, 'x': 19, 'measure': 25}",-1,-1,{},-1,-1,{},28835,127,"{'rz': 25, 'sx': 25, 'x': 23, 'ecr': 26, 'measure': 25}",11103,27,"{'rz': 25, 'sx': 25, 'cx': 52, 'x': 20, 'measure': 25}",29530,127,"{'rz': 29, 'sx': 29, 'x': 23, 'ecr': 31, 'measure': 25}",29682,127,"{'rz': 25, 'sx': 25, 'x': 21, 'ecr': 26, 'measure': 25}",-1,-1,{},-1,-1,{},-1,-1,{},11087,65,"{'rz': 25, 'sx': 25, 'cx': 52, 'x': 18, 'measure': 25}",-1,-1,{},-1,-1,{},11128,27,"{'rz': 25, 'sx': 25, 'cx': 52, 'x': 21, 'measure': 25}",11405,27,"{'rz': 25, 'sx': 25, 'cx': 52, 'x': 20, 'measure': 25}",-1,-1,{},29540,127,"{'rz': 25, 'sx': 25, 'ecr': 26, 'x': 21, 'measure': 25}",-1,-1,{},-1,-1,{},11244,27,"{'rz': 25, 'sx': 25, 'cx': 52, 'x': 21, 'measure': 25}",30145,27,"{'rz': 25, 'sx': 25, 'x': 22, 'ecr': 26, 'measure': 25}",-1,-1,{},18567,33,"{'rz': 25, 'sx': 25, 'cz': 51, 'x': 9, 'measure': 25}",-1,-1,{},29719,127,"{'rz': 25, 'sx': 25, 'ecr': 26, 'x': 24, 'measure': 25}",-1,-1,{},9505,53,"{'u2': 25, 'cx': 52, 'u1': 25, 'u3': 23, 'measure': 25}",-1,-1,{},-1,-1,{},29358,127,"{'rz': 25, 'sx': 25, 'x': 21, 'ecr': 26, 'measure': 25}",-1,-1,{},11113,27,"{'rz': 25, 'sx': 25, 'cx': 52, 'x': 17, 'measure': 25}",18049,133,"{'rz': 25, 'sx': 25, 'cz': 52, 'x': 7, 'measure': 25}",11319,27,"{'rz': 25, 'sx': 25, 'cx': 52, 'x': 20, 'measure': 25}",-1,-1,{},-1,-1,{},11292,127,"{'rz': 25, 'sx': 25, 'cx': 52, 'x': 19, 'measure': 25}",-1,-1,{}
4,214,qft,50,101,"{'cp': 1225, 'h': 50, 'measure': 50, 'swap': 25, 'barrier': 1}",-1,-1,{},-1,-1,{},-1,-1,{},-1,-1,{},-1,-1,{},-1,-1,{},-1,-1,{},-1,-1,{},4366,127,"{'rz': 56, 'sx': 56, 'x': 42, 'ecr': 58, 'measure': 50}",1833,65,"{'rz': 49, 'sx': 36, 'cx': 110, 'x': 30, 'measure': 50}",-1,-1,{},-1,-1,{},-1,-1,{},-1,-1,{},3946,127,"{'rz': 53, 'x': 33, 'sx': 53, 'ecr': 56, 'measure': 50}",-1,-1,{},-1,-1,{},-1,-1,{},-1,-1,{},-1,-1,{},-1,-1,{},-1,-1,{},4983,127,"{'rz': 50, 'sx': 50, 'x': 39, 'ecr': 52, 'measure': 50}",-1,-1,{},5373,127,"{'rz': 50, 'sx': 50, 'ecr': 52, 'x': 38, 'measure': 50}",4502,127,"{'rz': 53, 'sx': 53, 'x': 42, 'ecr': 56, 'measure': 50}",-1,-1,{},-1,-1,{},-1,-1,{},1812,65,"{'rz': 51, 'sx': 39, 'cx': 110, 'x': 27, 'measure': 50}",-1,-1,{},-1,-1,{},-1,-1,{},-1,-1,{},-1,-1,{},4438,127,"{'rz': 51, 'sx': 51, 'x': 33, 'ecr': 52, 'measure': 50}",-1,-1,{},-1,-1,{},-1,-1,{},-1,-1,{},-1,-1,{},-1,-1,{},-1,-1,{},4601,127,"{'rz': 50, 'sx': 50, 'ecr': 52, 'x': 32, 'measure': 50}",-1,-1,{},1396,53,"{'u2': 38, 'u1': 47, 'u3': 32, 'cx': 105, 'measure': 50}",-1,-1,{},-1,-1,{},4379,127,"{'rz': 50, 'sx': 50, 'x': 38, 'ecr': 52, 'measure': 50}",-1,-1,{},-1,-1,{},3318,133,"{'rz': 50, 'sx': 50, 'cz': 100, 'x': 9, 'measure': 50}",-1,-1,{},-1,-1,{},-1,-1,{},1851,127,"{'rz': 50, 'sx': 40, 'cx': 101, 'x': 27, 'measure': 50}",-1,-1,{}
4,414,dj,121,123,"{'h': 136, 'cx': 120, 'measure': 120, 'u2': 105, 'barrier': 1}",-1,-1,{},-1,-1,{},-1,-1,{},-1,-1,{},-1,-1,{},-1,-1,{},-1,-1,{},-1,-1,{},1927,127,"{'rz': 122, 'sx': 122, 'ecr': 128, 'x': 49, 'measure': 120}",-1,-1,{},-1,-1,{},-1,-1,{},-1,-1,{},-1,-1,{},1788,127,"{'rz': 121, 'sx': 121, 'ecr': 124, 'x': 43, 'measure': 120}",-1,-1,{},-1,-1,{},-1,-1,{},-1,-1,{},-1,-1,{},-1,-1,{},-1,-1,{},1786,127,"{'rz': 121, 'sx': 121, 'ecr': 123, 'x': 42, 'measure': 120}",-1,-1,{},1771,127,"{'rz': 121, 'sx': 121, 'ecr': 125, 'x': 35, 'measure': 120}",1807,127,"{'rz': 121, 'sx': 121, 'ecr': 123, 'x': 38, 'measure': 120}",-1,-1,{},-1,-1,{},-1,-1,{},-1,-1,{},-1,-1,{},-1,-1,{},-1,-1,{},-1,-1,{},-1,-1,{},1946,127,"{'rz': 121, 'sx': 121, 'ecr': 124, 'x': 41, 'measure': 120}",-1,-1,{},-1,-1,{},-1,-1,{},-1,-1,{},-1,-1,{},-1,-1,{},-1,-1,{},1734,127,"{'rz': 121, 'sx': 121, 'ecr': 123, 'x': 39, 'measure': 120}",-1,-1,{},-1,-1,{},-1,-1,{},-1,-1,{},1656,127,"{'rz': 121, 'sx': 121, 'ecr': 125, 'x': 44, 'measure': 120}",-1,-1,{},-1,-1,{},966,133,"{'rz': 121, 'sx': 121, 'cz': 141, 'x': 7, 'measure': 120}",-1,-1,{},-1,-1,{},-1,-1,{},801,127,"{'rz': 121, 'sx': 121, 'cx': 228, 'x': 6, 'measure': 120}",-1,-1,{}
5,465,qnn,103,1025,"{'cx': 21114, 'p': 10506, 'u2': 206, 'ry': 206, 'measure': 103, 'barrier': 1}",-1,-1,{},-1,-1,{},-1,-1,{},-1,-1,{},-1,-1,{},-1,-1,{},-1,-1,{},-1,-1,{},28175,127,"{'rz': 108, 'sx': 108, 'ecr': 118, 'x': 108, 'measure': 103}",-1,-1,{},-1,-1,{},-1,-1,{},-1,-1,{},-1,-1,{},28254,127,"{'rz': 110, 'sx': 110, 'ecr': 124, 'x': 109, 'measure': 103}",-1,-1,{},-1,-1,{},-1,-1,{},-1,-1,{},-1,-1,{},-1,-1,{},-1,-1,{},32236,127,"{'rz': 116, 'sx': 116, 'ecr': 130, 'x': 116, 'measure': 103}",-1,-1,{},25179,127,"{'rz': 111, 'sx': 111, 'ecr': 122, 'x': 111, 'measure': 103}",33747,127,"{'rz': 106, 'sx': 106, 'ecr': 120, 'x': 106, 'measure': 103}",-1,-1,{},-1,-1,{},-1,-1,{},-1,-1,{},-1,-1,{},-1,-1,{},-1,-1,{},-1,-1,{},-1,-1,{},21918,127,"{'rz': 109, 'sx': 109, 'ecr': 121, 'x': 108, 'measure': 103}",-1,-1,{},-1,-1,{},-1,-1,{},-1,-1,{},-1,-1,{},-1,-1,{},-1,-1,{},32950,127,"{'rz': 106, 'sx': 106, 'ecr': 118, 'x': 106, 'measure': 103}",-1,-1,{},-1,-1,{},-1,-1,{},-1,-1,{},32543,127,"{'rz': 103, 'sx': 103, 'ecr': 115, 'x': 103, 'measure': 103}",-1,-1,{},-1,-1,{},16753,133,"{'rz': 107, 'sx': 107, 'cz': 238, 'x': 50, 'measure': 103}",-1,-1,{},-1,-1,{},-1,-1,{},11313,127,"{'rz': 106, 'sx': 106, 'cx': 238, 'x': 105, 'measure': 103}",-1,-1,{}
5,454,qftentangled,113,229,"{'cp': 6328, 'h': 114, 'measure': 113, 'cx': 112, 'swap': 56, 'barrier': 1}",-1,-1,{},-1,-1,{},-1,-1,{},-1,-1,{},-1,-1,{},-1,-1,{},-1,-1,{},-1,-1,{},12522,127,"{'rz': 114, 'sx': 114, 'ecr': 127, 'x': 89, 'measure': 113}",-1,-1,{},-1,-1,{},-1,-1,{},-1,-1,{},-1,-1,{},10939,127,"{'rz': 117, 'sx': 117, 'ecr': 132, 'x': 93, 'measure': 113}",-1,-1,{},-1,-1,{},-1,-1,{},-1,-1,{},-1,-1,{},-1,-1,{},-1,-1,{},13468,127,"{'rz': 120, 'sx': 120, 'ecr': 135, 'x': 93, 'measure': 113}",-1,-1,{},11671,127,"{'rz': 116, 'sx': 116, 'ecr': 131, 'x': 80, 'measure': 113}",12312,127,"{'rz': 119, 'sx': 119, 'ecr': 132, 'x': 93, 'measure': 113}",-1,-1,{},-1,-1,{},-1,-1,{},-1,-1,{},-1,-1,{},-1,-1,{},-1,-1,{},-1,-1,{},-1,-1,{},13771,127,"{'rz': 119, 'sx': 119, 'ecr': 134, 'x': 91, 'measure': 113}",-1,-1,{},-1,-1,{},-1,-1,{},-1,-1,{},-1,-1,{},-1,-1,{},-1,-1,{},12894,127,"{'rz': 120, 'sx': 120, 'ecr': 136, 'x': 92, 'measure': 113}",-1,-1,{},-1,-1,{},-1,-1,{},-1,-1,{},11635,127,"{'rz': 121, 'sx': 121, 'ecr': 135, 'x': 90, 'measure': 113}",-1,-1,{},-1,-1,{},7381,133,"{'sx': 122, 'rz': 109, 'cz': 252, 'x': 13, 'measure': 113}",-1,-1,{},-1,-1,{},-1,-1,{},3872,127,"{'rz': 108, 'x': 68, 'cx': 264, 'sx': 96, 'measure': 113}",-1,-1,{}
5,385,qpeexact,58,173,"{'cp': 1653, 'h': 114, 'measure': 57, 'swap': 28, 'x': 1, 'barrier': 1}",-1,-1,{},-1,-1,{},-1,-1,{},-1,-1,{},-1,-1,{},-1,-1,{},-1,-1,{},-1,-1,{},4699,127,"{'rz': 58, 'sx': 58, 'ecr': 61, 'x': 41, 'measure': 57}",2173,65,"{'rz': 60, 'sx': 59, 'cx': 131, 'x': 38, 'measure': 57}",-1,-1,{},-1,-1,{},-1,-1,{},-1,-1,{},6318,127,"{'rz': 58, 'sx': 58, 'ecr': 61, 'x': 42, 'measure': 57}",-1,-1,{},-1,-1,{},-1,-1,{},-1,-1,{},-1,-1,{},-1,-1,{},-1,-1,{},5660,127,"{'rz': 68, 'sx': 68, 'ecr': 74, 'x': 50, 'measure': 57}",-1,-1,{},5163,127,"{'rz': 62, 'sx': 62, 'ecr': 65, 'x': 46, 'measure': 57}",4949,127,"{'rz': 63, 'sx': 63, 'ecr': 67, 'x': 46, 'measure': 57}",-1,-1,{},-1,-1,{},-1,-1,{},2028,65,"{'rz': 60, 'sx': 60, 'cx': 134, 'x': 28, 'measure': 57}",-1,-1,{},-1,-1,{},-1,-1,{},-1,-1,{},-1,-1,{},5489,127,"{'rz': 62, 'sx': 62, 'ecr': 66, 'x': 42, 'measure': 57}",-1,-1,{},-1,-1,{},-1,-1,{},-1,-1,{},-1,-1,{},-1,-1,{},-1,-1,{},5736,127,"{'rz': 59, 'sx': 59, 'x': 42, 'ecr': 63, 'measure': 57}",-1,-1,{},-1,-1,{},-1,-1,{},-1,-1,{},6735,127,"{'rz': 61, 'sx': 61, 'x': 46, 'ecr': 64, 'measure': 57}",-1,-1,{},-1,-1,{},4894,133,"{'rz': 61, 'sx': 61, 'cz': 107, 'x': 19, 'measure': 57}",-1,-1,{},-1,-1,{},-1,-1,{},2604,127,"{'rz': 61, 'sx': 60, 'cx': 138, 'x': 32, 'measure': 57}",-1,-1,{}
5,157,random,59,719,"{'cx': 2147, 'u2': 1058, 'cu1': 810, 'u1': 602, 'h': 537, 'u3': 407, 'ry': 360, 's': 200, 'rxx': 153, 'ccx': 153, 'cu3': 152, 'sdg': 135, 't': 122, 'tdg': 113, 'rz': 113, 'swap': 91, 'crz': 84, 'crx': 82, 'cy': 81, 'p': 78, 'cswap': 78, 'cry': 76, 'cp': 75, 'ch': 75, 'cz': 73, 'sx': 66, 'rzz': 66, 'x': 65, 'measure': 59, 'y': 30, 'rx': 27, 'z': 23, 'u': 23, 'sxdg': 20, 'barrier': 1}",-1,-1,{},-1,-1,{},-1,-1,{},-1,-1,{},-1,-1,{},-1,-1,{},-1,-1,{},-1,-1,{},37056,127,"{'rz': 59, 'sx': 59, 'ecr': 65, 'x': 59, 'measure': 59}",13517,65,"{'rz': 63, 'sx': 63, 'cx': 140, 'x': 63, 'measure': 59}",-1,-1,{},-1,-1,{},-1,-1,{},-1,-1,{},35388,127,"{'rz': 64, 'sx': 64, 'ecr': 71, 'x': 60, 'measure': 59}",-1,-1,{},-1,-1,{},-1,-1,{},-1,-1,{},-1,-1,{},-1,-1,{},-1,-1,{},36951,127,"{'x': 62, 'rz': 63, 'sx': 63, 'ecr': 70, 'measure': 59}",-1,-1,{},35268,127,"{'rz': 59, 'sx': 59, 'ecr': 65, 'x': 59, 'measure': 59}",34779,127,"{'rz': 63, 'sx': 63, 'ecr': 70, 'x': 63, 'measure': 59}",-1,-1,{},-1,-1,{},-1,-1,{},12292,65,"{'rz': 63, 'sx': 63, 'cx': 140, 'x': 63, 'measure': 59}",-1,-1,{},-1,-1,{},-1,-1,{},-1,-1,{},-1,-1,{},35634,127,"{'rz': 63, 'x': 63, 'ecr': 70, 'sx': 63, 'measure': 59}",-1,-1,{},-1,-1,{},-1,-1,{},-1,-1,{},-1,-1,{},-1,-1,{},-1,-1,{},33919,127,"{'rz': 63, 'sx': 63, 'ecr': 70, 'x': 63, 'measure': 59}",-1,-1,{},-1,-1,{},-1,-1,{},-1,-1,{},35238,127,"{'rz': 63, 'sx': 63, 'ecr': 70, 'x': 62, 'measure': 59}",-1,-1,{},-1,-1,{},21604,133,"{'rz': 62, 'sx': 62, 'cz': 138, 'x': 60, 'measure': 59}",-1,-1,{},-1,-1,{},-1,-1,{},11972,127,"{'rz': 62, 'sx': 61, 'cx': 140, 'x': 60, 'measure': 59}",-1,-1,{}
5,292,dj,116,118,"{'h': 130, 'cx': 115, 'measure': 115, 'u2': 101, 'barrier': 1}",-1,-1,{},-1,-1,{},-1,-1,{},-1,-1,{},-1,-1,{},-1,-1,{},-1,-1,{},-1,-1,{},1699,127,"{'rz': 117, 'sx': 117, 'ecr': 118, 'x': 40, 'measure': 115}",-1,-1,{},-1,-1,{},-1,-1,{},-1,-1,{},-1,-1,{},1709,127,"{'rz': 117, 'sx': 117, 'ecr': 119, 'x': 48, 'measure': 115}",-1,-1,{},-1,-1,{},-1,-1,{},-1,-1,{},-1,-1,{},-1,-1,{},-1,-1,{},1687,127,"{'rz': 116, 'sx': 116, 'x': 42, 'ecr': 117, 'measure': 115}",-1,-1,{},1754,127,"{'rz': 116, 'sx': 116, 'ecr': 120, 'x': 36, 'measure': 115}",1773,127,"{'rz': 116, 'sx': 116, 'ecr': 119, 'x': 40, 'measure': 115}",-1,-1,{},-1,-1,{},-1,-1,{},-1,-1,{},-1,-1,{},-1,-1,{},-1,-1,{},-1,-1,{},-1,-1,{},1666,127,"{'rz': 117, 'sx': 117, 'ecr': 123, 'x': 43, 'measure': 115}",-1,-1,{},-1,-1,{},-1,-1,{},-1,-1,{},-1,-1,{},-1,-1,{},-1,-1,{},1669,127,"{'rz': 117, 'sx': 117, 'ecr': 120, 'x': 43, 'measure': 115}",-1,-1,{},-1,-1,{},-1,-1,{},-1,-1,{},1705,127,"{'rz': 116, 'sx': 116, 'ecr': 116, 'x': 38, 'measure': 115}",-1,-1,{},-1,-1,{},1012,133,"{'rz': 117, 'sx': 117, 'x': 2, 'cz': 136, 'measure': 115}",-1,-1,{},-1,-1,{},-1,-1,{},758,127,"{'rz': 116, 'sx': 116, 'x': 13, 'cx': 212, 'measure': 115}",-1,-1,{}
5,194,graphstate,71,9,"{'h': 71, 'cz': 71, 'measure': 71, 'barrier': 1}",-1,-1,{},-1,-1,{},-1,-1,{},-1,-1,{},-1,-1,{},-1,-1,{},-1,-1,{},-1,-1,{},132,127,"{'rz': 88, 'sx': 88, 'ecr': 94, 'x': 40, 'measure': 71}",-1,-1,{},-1,-1,{},-1,-1,{},-1,-1,{},-1,-1,{},192,127,"{'rz': 88, 'sx': 88, 'ecr': 96, 'x': 37, 'measure': 71}",-1,-1,{},-1,-1,{},-1,-1,{},-1,-1,{},-1,-1,{},-1,-1,{},-1,-1,{},142,127,"{'rz': 81, 'sx': 81, 'ecr': 88, 'x': 37, 'measure': 71}",-1,-1,{},179,127,"{'rz': 78, 'sx': 78, 'ecr': 83, 'x': 40, 'measure': 71}",145,127,"{'rz': 89, 'sx': 89, 'ecr': 91, 'x': 42, 'measure': 71}",-1,-1,{},-1,-1,{},-1,-1,{},-1,-1,{},-1,-1,{},-1,-1,{},-1,-1,{},-1,-1,{},-1,-1,{},157,127,"{'rz': 92, 'sx': 92, 'ecr': 97, 'x': 42, 'measure': 71}",-1,-1,{},-1,-1,{},-1,-1,{},-1,-1,{},-1,-1,{},-1,-1,{},-1,-1,{},142,127,"{'rz': 78, 'sx': 78, 'ecr': 80, 'x': 34, 'measure': 71}",-1,-1,{},-1,-1,{},-1,-1,{},-1,-1,{},153,127,"{'rz': 74, 'sx': 74, 'ecr': 81, 'x': 42, 'measure': 71}",-1,-1,{},-1,-1,{},121,133,"{'sx': 101, 'rz': 72, 'cz': 138, 'measure': 71}",-1,-1,{},-1,-1,{},-1,-1,{},83,127,"{'rz': 73, 'sx': 73, 'cx': 151, 'measure': 71}",-1,-1,{}
5,448,portfoliovqe,9,38,"{'cz': 108, 'ry': 36, 'measure': 9, 'barrier': 1}",361,27,"{'sx': 9, 'rz': 9, 'cx': 16, 'x': 1, 'measure': 9}",213,20,"{'u3': 9, 'cx': 18, 'u2': 9, 'u1': 5, 'measure': 9}",-1,-1,{},-1,-1,{},436,27,"{'sx': 9, 'rz': 9, 'cx': 16, 'measure': 9}",-1,-1,{},270,20,"{'u3': 9, 'cx': 18, 'u2': 9, 'u1': 2, 'measure': 9}",-1,-1,{},847,127,"{'rz': 9, 'sx': 9, 'ecr': 8, 'x': 9, 'measure': 9}",403,65,"{'sx': 9, 'rz': 9, 'cx': 16, 'measure': 9}",-1,-1,{},797,27,"{'sx': 9, 'rz': 9, 'ecr': 4, 'cx': 4, 'x': 9, 'measure': 9}",247,28,"{'u3': 9, 'cx': 16, 'u2': 9, 'measure': 9}",-1,-1,{},806,127,"{'rz': 9, 'sx': 9, 'ecr': 8, 'x': 8, 'measure': 9}",-1,-1,{},-1,-1,{},374,27,"{'sx': 9, 'rz': 9, 'cx': 16, 'x': 1, 'measure': 9}",366,16,"{'sx': 9, 'rz': 9, 'cx': 16, 'x': 1, 'measure': 9}",386,27,"{'sx': 9, 'rz': 9, 'cx': 16, 'measure': 9}",-1,-1,{},238,20,"{'u3': 9, 'cx': 18, 'u2': 9, 'u1': 3, 'measure': 9}",954,127,"{'rz': 9, 'sx': 9, 'ecr': 8, 'x': 9, 'measure': 9}",363,27,"{'sx': 9, 'rz': 9, 'cx': 16, 'measure': 9}",786,127,"{'rz': 9, 'sx': 9, 'ecr': 8, 'x': 9, 'measure': 9}",642,127,"{'sx': 9, 'rz': 9, 'ecr': 8, 'x': 8, 'measure': 9}",-1,-1,{},-1,-1,{},-1,-1,{},308,65,"{'sx': 9, 'rz': 9, 'cx': 16, 'measure': 9}",-1,-1,{},276,15,"{'sx': 9, 'rz': 9, 'cx': 22, 'x': 2, 'measure': 9}",355,27,"{'sx': 9, 'rz': 9, 'cx': 16, 'x': 1, 'measure': 9}",309,27,"{'sx': 9, 'rz': 9, 'cx': 16, 'measure': 9}",-1,-1,{},985,127,"{'sx': 9, 'rz': 9, 'ecr': 8, 'x': 7, 'measure': 9}",-1,-1,{},-1,-1,{},348,27,"{'sx': 9, 'rz': 9, 'cx': 16, 'x': 1, 'measure': 9}",880,27,"{'sx': 9, 'rz': 9, 'ecr': 8, 'x': 8, 'measure': 9}",-1,-1,{},420,33,"{'rz': 9, 'sx': 9, 'cz': 16, 'x': 5, 'measure': 9}",220,20,"{'u3': 10, 'cx': 22, 'u2': 10, 'u1': 4, 'measure': 9}",796,127,"{'rz': 9, 'sx': 9, 'ecr': 8, 'x': 7, 'measure': 9}",-1,-1,{},275,53,"{'u3': 9, 'cx': 16, 'u2': 9, 'measure': 9}",-1,-1,{},-1,-1,{},835,127,"{'rz': 9, 'sx': 9, 'ecr': 8, 'x': 9, 'measure': 9}",202,20,"{'u3': 9, 'cx': 18, 'u2': 9, 'u1': 2, 'measure': 9}",373,27,"{'sx': 9, 'rz': 9, 'cx': 16, 'measure': 9}",390,133,"{'sx': 9, 'rz': 9, 'cz': 16, 'x': 5, 'measure': 9}",402,27,"{'sx': 9, 'rz': 9, 'cx': 16, 'measure': 9}",-1,-1,{},-1,-1,{},383,127,"{'sx': 9, 'rz': 9, 'cx': 16, 'measure': 9}",-1,-1,{}
5,392,qpeexact,87,260,"{'cp': 3741, 'h': 172, 'measure': 86, 'swap': 43, 'x': 1, 'barrier': 1}",-1,-1,{},-1,-1,{},-1,-1,{},-1,-1,{},-1,-1,{},-1,-1,{},-1,-1,{},-1,-1,{},8960,127,"{'rz': 91, 'sx': 91, 'ecr': 97, 'x': 64, 'measure': 86}",-1,-1,{},-1,-1,{},-1,-1,{},-1,-1,{},-1,-1,{},8577,127,"{'rz': 87, 'sx': 87, 'ecr': 95, 'x': 72, 'measure': 86}",-1,-1,{},-1,-1,{},-1,-1,{},-1,-1,{},-1,-1,{},-1,-1,{},-1,-1,{},8013,127,"{'rz': 90, 'sx': 90, 'ecr': 98, 'x': 68, 'measure': 86}",-1,-1,{},8428,127,"{'rz': 91, 'sx': 91, 'ecr': 100, 'x': 64, 'measure': 86}",10755,127,"{'rz': 91, 'sx': 91, 'ecr': 98, 'x': 64, 'measure': 86}",-1,-1,{},-1,-1,{},-1,-1,{},-1,-1,{},-1,-1,{},-1,-1,{},-1,-1,{},-1,-1,{},-1,-1,{},10166,127,"{'rz': 88, 'sx': 88, 'ecr': 97, 'x': 72, 'measure': 86}",-1,-1,{},-1,-1,{},-1,-1,{},-1,-1,{},-1,-1,{},-1,-1,{},-1,-1,{},8864,127,"{'rz': 89, 'sx': 89, 'ecr': 96, 'x': 64, 'measure': 86}",-1,-1,{},-1,-1,{},-1,-1,{},-1,-1,{},9792,127,"{'rz': 90, 'sx': 90, 'ecr': 98, 'x': 64, 'measure': 86}",-1,-1,{},-1,-1,{},7664,133,"{'rz': 87, 'sx': 88, 'cz': 170, 'x': 35, 'measure': 86}",-1,-1,{},-1,-1,{},-1,-1,{},3317,127,"{'rz': 90, 'sx': 90, 'cx': 202, 'x': 52, 'measure': 86}",-1,-1,{}
5,767,dj,106,108,"{'h': 116, 'cx': 105, 'measure': 105, 'u2': 95, 'barrier': 1}",-1,-1,{},-1,-1,{},-1,-1,{},-1,-1,{},-1,-1,{},-1,-1,{},-1,-1,{},-1,-1,{},1578,127,"{'rz': 107, 'sx': 107, 'ecr': 108, 'x': 28, 'measure': 105}",-1,-1,{},-1,-1,{},-1,-1,{},-1,-1,{},-1,-1,{},1576,127,"{'rz': 106, 'sx': 106, 'ecr': 107, 'x': 36, 'measure': 105}",-1,-1,{},-1,-1,{},-1,-1,{},-1,-1,{},-1,-1,{},-1,-1,{},-1,-1,{},1649,127,"{'rz': 110, 'sx': 110, 'ecr': 115, 'x': 47, 'measure': 105}",-1,-1,{},1499,127,"{'rz': 107, 'sx': 107, 'ecr': 108, 'x': 30, 'measure': 105}",1471,127,"{'rz': 106, 'sx': 106, 'x': 30, 'ecr': 109, 'measure': 105}",-1,-1,{},-1,-1,{},-1,-1,{},-1,-1,{},-1,-1,{},-1,-1,{},-1,-1,{},-1,-1,{},-1,-1,{},1435,127,"{'rz': 106, 'sx': 106, 'x': 39, 'ecr': 108, 'measure': 105}",-1,-1,{},-1,-1,{},-1,-1,{},-1,-1,{},-1,-1,{},-1,-1,{},-1,-1,{},1364,127,"{'rz': 106, 'sx': 106, 'ecr': 108, 'x': 36, 'measure': 105}",-1,-1,{},-1,-1,{},-1,-1,{},-1,-1,{},1566,127,"{'rz': 106, 'sx': 106, 'ecr': 109, 'x': 32, 'measure': 105}",-1,-1,{},-1,-1,{},893,133,"{'rz': 107, 'sx': 108, 'cz': 128, 'x': 4, 'measure': 105}",-1,-1,{},-1,-1,{},-1,-1,{},693,127,"{'rz': 106, 'sx': 106, 'cx': 192, 'x': 10, 'measure': 105}",-1,-1,{}
5,471,qnn,34,335,"{'cx': 2277, 'p': 1122, 'u2': 68, 'ry': 68, 'measure': 34, 'barrier': 1}",-1,-1,{},-1,-1,{},-1,-1,{},-1,-1,{},-1,-1,{},-1,-1,{},-1,-1,{},-1,-1,{},3644,127,"{'rz': 34, 'sx': 34, 'ecr': 35, 'x': 34, 'measure': 34}",1245,65,"{'rz': 37, 'sx': 36, 'cx': 75, 'x': 31, 'measure': 34}",-1,-1,{},-1,-1,{},-1,-1,{},-1,-1,{},3497,127,"{'rz': 34, 'sx': 34, 'ecr': 33, 'x': 34, 'measure': 34}",-1,-1,{},-1,-1,{},-1,-1,{},-1,-1,{},-1,-1,{},-1,-1,{},-1,-1,{},3000,127,"{'rz': 34, 'sx': 34, 'ecr': 33, 'x': 34, 'measure': 34}",-1,-1,{},2865,127,"{'rz': 34, 'sx': 34, 'ecr': 33, 'x': 34, 'measure': 34}",2781,127,"{'rz': 34, 'sx': 34, 'ecr': 33, 'x': 33, 'measure': 34}",-1,-1,{},-1,-1,{},-1,-1,{},1076,65,"{'rz': 34, 'sx': 34, 'cx': 66, 'x': 30, 'measure': 34}",-1,-1,{},-1,-1,{},-1,-1,{},-1,-1,{},-1,-1,{},3220,127,"{'rz': 34, 'sx': 34, 'ecr': 33, 'x': 34, 'measure': 34}",-1,-1,{},-1,-1,{},-1,-1,{},-1,-1,{},-1,-1,{},-1,-1,{},-1,-1,{},3562,127,"{'rz': 34, 'sx': 34, 'ecr': 33, 'x': 34, 'measure': 34}",-1,-1,{},1053,53,"{'u2': 34, 'u3': 33, 'u1': 34, 'cx': 66, 'measure': 34}",-1,-1,{},-1,-1,{},2801,127,"{'rz': 34, 'sx': 34, 'ecr': 33, 'x': 34, 'measure': 34}",-1,-1,{},-1,-1,{},2258,133,"{'rz': 34, 'sx': 34, 'cz': 66, 'x': 20, 'measure': 34}",-1,-1,{},-1,-1,{},-1,-1,{},1217,127,"{'rz': 35, 'sx': 35, 'cx': 70, 'x': 30, 'measure': 34}",-1,-1,{}
5,452,random,111,1484,"{'cx': 7692, 'u2': 3623, 'cu1': 2967, 'u1': 2162, 'h': 1956, 'u3': 1343, 'ry': 1186, 's': 727, 'rxx': 562, 'ccx': 557, 'cu3': 556, 'sdg': 403, 'rz': 370, 'tdg': 369, 't': 363, 'ch': 297, 'swap': 295, 'sx': 292, 'cy': 281, 'cp': 281, 'cz': 277, 'p': 275, 'crz': 272, 'cry': 266, 'cswap': 266, 'rzz': 258, 'x': 253, 'crx': 247, 'measure': 111, 'rx': 105, 'sxdg': 96, 'u': 95, 'y': 90, 'z': 86, 'barrier': 1}",-1,-1,{},-1,-1,{},-1,-1,{},-1,-1,{},-1,-1,{},-1,-1,{},-1,-1,{},-1,-1,{},147767,127,"{'rz': 113, 'sx': 113, 'ecr': 128, 'x': 113, 'measure': 111}",-1,-1,{},-1,-1,{},-1,-1,{},-1,-1,{},-1,-1,{},146453,127,"{'rz': 114, 'sx': 114, 'x': 114, 'ecr': 129, 'measure': 111}",-1,-1,{},-1,-1,{},-1,-1,{},-1,-1,{},-1,-1,{},-1,-1,{},-1,-1,{},149621,127,"{'rz': 118, 'sx': 118, 'x': 117, 'ecr': 133, 'measure': 111}",-1,-1,{},147218,127,"{'rz': 113, 'sx': 113, 'ecr': 128, 'x': 113, 'measure': 111}",147972,127,"{'rz': 113, 'sx': 113, 'ecr': 128, 'x': 113, 'measure': 111}",-1,-1,{},-1,-1,{},-1,-1,{},-1,-1,{},-1,-1,{},-1,-1,{},-1,-1,{},-1,-1,{},-1,-1,{},146128,127,"{'rz': 113, 'sx': 113, 'ecr': 128, 'x': 113, 'measure': 111}",-1,-1,{},-1,-1,{},-1,-1,{},-1,-1,{},-1,-1,{},-1,-1,{},-1,-1,{},146072,127,"{'rz': 119, 'sx': 119, 'ecr': 135, 'x': 118, 'measure': 111}",-1,-1,{},-1,-1,{},-1,-1,{},-1,-1,{},146125,127,"{'rz': 113, 'sx': 113, 'ecr': 128, 'x': 113, 'measure': 111}",-1,-1,{},-1,-1,{},87719,133,"{'sx': 111, 'rz': 111, 'x': 108, 'cz': 250, 'measure': 111}",-1,-1,{},-1,-1,{},-1,-1,{},46075,127,"{'rz': 117, 'sx': 115, 'cx': 266, 'x': 111, 'measure': 111}",-1,-1,{}
5,193,graphstate,68,8,"{'h': 68, 'cz': 68, 'measure': 68, 'barrier': 1}",-1,-1,{},-1,-1,{},-1,-1,{},-1,-1,{},-1,-1,{},-1,-1,{},-1,-1,{},-1,-1,{},30,127,"{'rz': 68, 'sx': 68, 'ecr': 68, 'x': 19, 'measure': 68}",-1,-1,{},-1,-1,{},-1,-1,{},-1,-1,{},-1,-1,{},30,127,"{'rz': 68, 'sx': 68, 'ecr': 68, 'x': 23, 'measure': 68}",-1,-1,{},-1,-1,{},-1,-1,{},-1,-1,{},-1,-1,{},-1,-1,{},-1,-1,{},32,127,"{'rz': 68, 'sx': 68, 'ecr': 68, 'x': 23, 'measure': 68}",-1,-1,{},30,127,"{'rz': 68, 'sx': 68, 'ecr': 68, 'x': 23, 'measure': 68}",32,127,"{'rz': 68, 'sx': 68, 'ecr': 68, 'x': 22, 'measure': 68}",-1,-1,{},-1,-1,{},-1,-1,{},-1,-1,{},-1,-1,{},-1,-1,{},-1,-1,{},-1,-1,{},-1,-1,{},31,127,"{'rz': 68, 'sx': 68, 'ecr': 68, 'x': 20, 'measure': 68}",-1,-1,{},-1,-1,{},-1,-1,{},-1,-1,{},-1,-1,{},-1,-1,{},-1,-1,{},33,127,"{'rz': 68, 'sx': 68, 'ecr': 68, 'x': 26, 'measure': 68}",-1,-1,{},-1,-1,{},-1,-1,{},-1,-1,{},31,127,"{'rz': 68, 'sx': 68, 'ecr': 68, 'x': 20, 'measure': 68}",-1,-1,{},-1,-1,{},10,133,"{'rz': 68, 'sx': 68, 'cz': 68, 'measure': 68}",-1,-1,{},-1,-1,{},-1,-1,{},21,127,"{'rz': 68, 'sx': 68, 'cx': 68, 'measure': 68}",-1,-1,{}
5,811,portfoliovqe,11,46,"{'cz': 165, 'ry': 44, 'measure': 11, 'barrier': 1}",561,27,"{'sx': 11, 'rz': 11, 'cx': 20, 'x': 2, 'measure': 11}",349,20,"{'u3': 11, 'cx': 24, 'u2': 11, 'u1': 2, 'measure': 11}",-1,-1,{},-1,-1,{},525,27,"{'sx': 11, 'rz': 11, 'cx': 20, 'x': 2, 'measure': 11}",-1,-1,{},267,20,"{'u3': 11, 'cx': 24, 'u2': 11, 'u1': 6, 'measure': 11}",-1,-1,{},903,127,"{'rz': 11, 'sx': 11, 'ecr': 10, 'x': 10, 'measure': 11}",411,65,"{'sx': 11, 'rz': 11, 'cx': 20, 'x': 1, 'measure': 11}",-1,-1,{},787,27,"{'sx': 11, 'rz': 11, 'ecr': 6, 'cx': 4, 'x': 9, 'measure': 11}",308,28,"{'u3': 11, 'cx': 20, 'u2': 11, 'u1': 1, 'measure': 11}",-1,-1,{},949,127,"{'rz': 11, 'sx': 11, 'ecr': 10, 'x': 11, 'measure': 11}",-1,-1,{},-1,-1,{},465,27,"{'rz': 11, 'sx': 11, 'cx': 20, 'x': 2, 'measure': 11}",572,16,"{'sx': 11, 'rz': 11, 'cx': 20, 'measure': 11}",574,27,"{'sx': 11, 'rz': 11, 'cx': 20, 'x': 4, 'measure': 11}",-1,-1,{},264,20,"{'u3': 11, 'cx': 24, 'u2': 11, 'u1': 6, 'measure': 11}",1062,127,"{'rz': 11, 'sx': 11, 'ecr': 10, 'x': 11, 'measure': 11}",508,27,"{'sx': 11, 'rz': 11, 'cx': 20, 'x': 2, 'measure': 11}",928,127,"{'sx': 11, 'rz': 11, 'ecr': 10, 'x': 10, 'measure': 11}",1367,127,"{'rz': 11, 'sx': 11, 'ecr': 10, 'x': 10, 'measure': 11}",-1,-1,{},-1,-1,{},-1,-1,{},451,65,"{'sx': 11, 'rz': 11, 'cx': 20, 'x': 1, 'measure': 11}",-1,-1,{},288,15,"{'sx': 12, 'rz': 12, 'cx': 32, 'x': 6, 'measure': 11}",544,27,"{'sx': 11, 'rz': 11, 'cx': 20, 'x': 1, 'measure': 11}",372,27,"{'sx': 11, 'rz': 11, 'cx': 20, 'measure': 11}",-1,-1,{},960,127,"{'sx': 11, 'rz': 11, 'ecr': 10, 'x': 10, 'measure': 11}",-1,-1,{},-1,-1,{},541,27,"{'sx': 11, 'rz': 11, 'cx': 20, 'x': 3, 'measure': 11}",1188,27,"{'rz': 11, 'sx': 11, 'ecr': 10, 'x': 11, 'measure': 11}",-1,-1,{},468,33,"{'rz': 11, 'sx': 11, 'cz': 20, 'x': 5, 'measure': 11}",285,20,"{'u3': 11, 'cx': 24, 'u2': 11, 'u1': 4, 'measure': 11}",833,127,"{'sx': 11, 'rz': 11, 'ecr': 10, 'x': 10, 'measure': 11}",-1,-1,{},307,53,"{'u3': 11, 'cx': 20, 'u2': 11, 'u1': 2, 'measure': 11}",-1,-1,{},-1,-1,{},821,127,"{'sx': 11, 'rz': 11, 'ecr': 10, 'x': 9, 'measure': 11}",291,20,"{'u3': 12, 'cx': 26, 'u2': 12, 'u1': 2, 'measure': 11}",448,27,"{'sx': 11, 'rz': 11, 'cx': 20, 'x': 1, 'measure': 11}",574,133,"{'sx': 11, 'rz': 11, 'cz': 20, 'x': 5, 'measure': 11}",564,27,"{'sx': 11, 'rz': 11, 'cx': 20, 'measure': 11}",-1,-1,{},-1,-1,{},478,127,"{'sx': 11, 'rz': 11, 'cx': 20, 'measure': 11}",-1,-1,{}
5,331,grover-v-chain,4,34,"{'cp': 14, 'cx': 12, 'u2': 8, 'u1': 4, 'measure': 4, 'h': 3, 'ccx': 2, 'x': 1, 'barrier': 1}",142,27,"{'x': 1, 'rz': 4, 'sx': 3, 'cx': 5, 'measure': 4}",118,20,"{'u2': 3, 'u3': 4, 'cx': 5, 'u1': 4, 'measure': 4}",-1,-1,{},141,5,"{'rz': 4, 'sx': 4, 'x': 1, 'cx': 6, 'measure': 4}",138,27,"{'rz': 4, 'sx': 4, 'x': 1, 'cx': 6, 'measure': 4}",140,5,"{'rz': 4, 'sx': 4, 'x': 1, 'cx': 6, 'measure': 4}",118,20,"{'u3': 4, 'u2': 3, 'cx': 5, 'u1': 4, 'measure': 4}",143,5,"{'rz': 4, 'sx': 4, 'x': 1, 'cx': 6, 'measure': 4}",268,127,"{'rz': 4, 'sx': 4, 'x': 3, 'ecr': 3, 'measure': 4}",138,65,"{'rz': 4, 'sx': 4, 'x': 1, 'cx': 6, 'measure': 4}",118,5,"{'u2': 4, 'u3': 3, 'cx': 6, 'u1': 3, 'measure': 4}",270,27,"{'rz': 4, 'sx': 4, 'x': 3, 'cx': 2, 'ecr': 1, 'measure': 4}",118,28,"{'u2': 4, 'u3': 3, 'cx': 6, 'u1': 3, 'measure': 4}",142,7,"{'rz': 4, 'sx': 3, 'x': 1, 'cx': 5, 'measure': 4}",266,127,"{'x': 4, 'rz': 4, 'sx': 4, 'ecr': 3, 'measure': 4}",117,5,"{'u3': 4, 'u2': 3, 'cx': 5, 'u1': 3, 'measure': 4}",136,5,"{'rz': 4, 'rx': 4, 'x': 1, 'cx': 6, 'sx': 3, 'measure': 4}",140,27,"{'rz': 4, 'sx': 4, 'x': 1, 'cx': 6, 'measure': 4}",141,16,"{'rz': 4, 'sx': 4, 'x': 1, 'cx': 6, 'measure': 4}",140,27,"{'rz': 4, 'sx': 4, 'x': 1, 'cx': 6, 'measure': 4}",139,7,"{'rz': 4, 'sx': 4, 'x': 1, 'cx': 6, 'measure': 4}",117,20,"{'u2': 3, 'u3': 4, 'cx': 5, 'u1': 3, 'measure': 4}",295,127,"{'rz': 4, 'sx': 4, 'x': 2, 'ecr': 3, 'measure': 4}",143,27,"{'x': 2, 'rz': 4, 'sx': 3, 'cx': 5, 'measure': 4}",306,127,"{'rz': 4, 'sx': 4, 'x': 3, 'ecr': 3, 'measure': 4}",312,127,"{'rz': 4, 'sx': 4, 'x': 3, 'ecr': 3, 'measure': 4}",140,7,"{'rz': 4, 'sx': 4, 'x': 1, 'cx': 6, 'measure': 4}",141,5,"{'rz': 4, 'sx': 4, 'x': 1, 'cx': 6, 'measure': 4}",118,5,"{'u2': 3, 'u3': 3, 'cx': 5, 'u1': 4, 'measure': 4}",142,65,"{'rz': 4, 'sx': 3, 'x': 1, 'cx': 5, 'measure': 4}",142,5,"{'rz': 4, 'sx': 4, 'x': 1, 'cx': 6, 'measure': 4}",139,15,"{'rz': 5, 'sx': 4, 'x': 1, 'cx': 8, 'measure': 4}",143,27,"{'rz': 4, 'sx': 3, 'x': 1, 'cx': 5, 'measure': 4}",143,27,"{'rz': 4, 'sx': 3, 'x': 1, 'cx': 5, 'measure': 4}",137,7,"{'rz': 4, 'sx': 4, 'x': 1, 'cx': 6, 'measure': 4}",336,127,"{'rz': 4, 'sx': 4, 'ecr': 3, 'x': 3, 'measure': 4}",140,7,"{'rz': 4, 'sx': 4, 'x': 1, 'cx': 6, 'measure': 4}",144,5,"{'rz': 4, 'sx': 3, 'x': 1, 'cx': 5, 'measure': 4}",143,27,"{'rz': 4, 'sx': 3, 'x': 2, 'cx': 5, 'measure': 4}",266,27,"{'x': 4, 'rz': 4, 'sx': 4, 'ecr': 3, 'measure': 4}",143,7,"{'rz': 4, 'sx': 3, 'x': 1, 'cx': 5, 'measure': 4}",238,33,"{'rz': 4, 'sx': 4, 'cz': 4, 'x': 2, 'measure': 4}",118,20,"{'u3': 3, 'u2': 4, 'cx': 6, 'u1': 3, 'measure': 4}",279,127,"{'x': 2, 'rz': 4, 'sx': 3, 'ecr': 3, 'measure': 4}",143,5,"{'rz': 4, 'sx': 3, 'x': 1, 'cx': 5, 'measure': 4}",118,53,"{'u2': 4, 'u3': 3, 'cx': 6, 'u1': 3, 'measure': 4}",143,5,"{'rz': 4, 'sx': 4, 'x': 1, 'cx': 6, 'measure': 4}",142,5,"{'rz': 4, 'sx': 4, 'x': 1, 'cx': 6, 'measure': 4}",267,127,"{'rz': 4, 'sx': 4, 'x': 4, 'ecr': 3, 'measure': 4}",118,20,"{'u2': 3, 'u3': 3, 'cx': 5, 'u1': 4, 'measure': 4}",144,27,"{'rz': 4, 'sx': 3, 'x': 1, 'cx': 5, 'measure': 4}",231,133,"{'rz': 4, 'sx': 4, 'cz': 4, 'x': 1, 'measure': 4}",144,27,"{'rz': 4, 'sx': 3, 'x': 2, 'cx': 5, 'measure': 4}",144,5,"{'rz': 4, 'sx': 3, 'x': 2, 'cx': 5, 'measure': 4}",143,5,"{'x': 1, 'rz': 4, 'sx': 3, 'cx': 5, 'measure': 4}",138,127,"{'rz': 4, 'sx': 4, 'x': 1, 'cx': 6, 'measure': 4}",116,5,"{'rz': 4, 'sx': 4, 'x': 1, 'cx': 8, 'measure': 4}"
5,140,qpeinexact,107,320,"{'cp': 5671, 'h': 212, 'measure': 106, 'swap': 53, 'x': 1, 'barrier': 1}",-1,-1,{},-1,-1,{},-1,-1,{},-1,-1,{},-1,-1,{},-1,-1,{},-1,-1,{},-1,-1,{},10481,127,"{'rz': 109, 'sx': 109, 'ecr': 120, 'x': 80, 'measure': 106}",-1,-1,{},-1,-1,{},-1,-1,{},-1,-1,{},-1,-1,{},12390,127,"{'rz': 113, 'sx': 113, 'ecr': 125, 'x': 83, 'measure': 106}",-1,-1,{},-1,-1,{},-1,-1,{},-1,-1,{},-1,-1,{},-1,-1,{},-1,-1,{},11553,127,"{'rz': 112, 'sx': 112, 'ecr': 123, 'x': 84, 'measure': 106}",-1,-1,{},12158,127,"{'rz': 109, 'sx': 109, 'ecr': 121, 'x': 77, 'measure': 106}",10566,127,"{'rz': 112, 'sx': 112, 'ecr': 123, 'x': 79, 'measure': 106}",-1,-1,{},-1,-1,{},-1,-1,{},-1,-1,{},-1,-1,{},-1,-1,{},-1,-1,{},-1,-1,{},-1,-1,{},12644,127,"{'rz': 110, 'sx': 110, 'ecr': 118, 'x': 83, 'measure': 106}",-1,-1,{},-1,-1,{},-1,-1,{},-1,-1,{},-1,-1,{},-1,-1,{},-1,-1,{},11705,127,"{'rz': 109, 'sx': 109, 'ecr': 119, 'x': 80, 'measure': 106}",-1,-1,{},-1,-1,{},-1,-1,{},-1,-1,{},11359,127,"{'rz': 115, 'sx': 115, 'ecr': 128, 'x': 80, 'measure': 106}",-1,-1,{},-1,-1,{},9807,133,"{'rz': 108, 'sx': 112, 'cz': 203, 'x': 35, 'measure': 106}",-1,-1,{},-1,-1,{},-1,-1,{},4123,127,"{'rz': 108, 'sx': 107, 'cx': 235, 'x': 55, 'measure': 106}",-1,-1,{}
6,656,ghz,72,73,"{'measure': 72, 'cx': 71, 'h': 1, 'barrier': 1}",-1,-1,{},-1,-1,{},-1,-1,{},-1,-1,{},-1,-1,{},-1,-1,{},-1,-1,{},-1,-1,{},302,127,"{'rz': 72, 'sx': 72, 'ecr': 71, 'x': 32, 'measure': 72}",-1,-1,{},-1,-1,{},-1,-1,{},-1,-1,{},-1,-1,{},317,127,"{'rz': 72, 'sx': 72, 'ecr': 71, 'x': 29, 'measure': 72}",-1,-1,{},-1,-1,{},-1,-1,{},-1,-1,{},-1,-1,{},-1,-1,{},-1,-1,{},323,127,"{'rz': 72, 'sx': 72, 'ecr': 71, 'x': 23, 'measure': 72}",-1,-1,{},319,127,"{'rz': 72, 'sx': 72, 'ecr': 71, 'x': 24, 'measure': 72}",344,127,"{'rz': 72, 'sx': 72, 'ecr': 71, 'x': 17, 'measure': 72}",-1,-1,{},-1,-1,{},-1,-1,{},-1,-1,{},-1,-1,{},-1,-1,{},-1,-1,{},-1,-1,{},-1,-1,{},345,127,"{'rz': 72, 'sx': 72, 'ecr': 71, 'x': 22, 'measure': 72}",-1,-1,{},-1,-1,{},-1,-1,{},-1,-1,{},-1,-1,{},-1,-1,{},-1,-1,{},337,127,"{'rz': 72, 'sx': 72, 'ecr': 71, 'x': 21, 'measure': 72}",-1,-1,{},-1,-1,{},-1,-1,{},-1,-1,{},328,127,"{'rz': 72, 'sx': 72, 'ecr': 71, 'x': 24, 'measure': 72}",-1,-1,{},-1,-1,{},217,133,"{'rz': 72, 'sx': 72, 'cz': 71, 'measure': 72}",-1,-1,{},-1,-1,{},-1,-1,{},75,127,"{'rz': 1, 'sx': 1, 'cx': 71, 'measure': 72}",-1,-1,{}
6,266,qpeexact,72,215,"{'cp': 2556, 'h': 142, 'measure': 71, 'swap': 35, 'x': 1, 'barrier': 1}",-1,-1,{},-1,-1,{},-1,-1,{},-1,-1,{},-1,-1,{},-1,-1,{},-1,-1,{},-1,-1,{},9086,127,"{'rz': 72, 'sx': 72, 'x': 58, 'ecr': 79, 'measure': 71}",-1,-1,{},-1,-1,{},-1,-1,{},-1,-1,{},-1,-1,{},7397,127,"{'rz': 77, 'sx': 77, 'ecr': 84, 'x': 60, 'measure': 71}",-1,-1,{},-1,-1,{},-1,-1,{},-1,-1,{},-1,-1,{},-1,-1,{},-1,-1,{},7356,127,"{'rz': 72, 'sx': 72, 'ecr': 77, 'x': 52, 'measure': 71}",-1,-1,{},8125,127,"{'rz': 82, 'sx': 82, 'ecr': 88, 'x': 57, 'measure': 71}",7696,127,"{'rz': 77, 'sx': 77, 'ecr': 84, 'x': 50, 'measure': 71}",-1,-1,{},-1,-1,{},-1,-1,{},-1,-1,{},-1,-1,{},-1,-1,{},-1,-1,{},-1,-1,{},-1,-1,{},8363,127,"{'rz': 80, 'sx': 80, 'ecr': 86, 'x': 57, 'measure': 71}",-1,-1,{},-1,-1,{},-1,-1,{},-1,-1,{},-1,-1,{},-1,-1,{},-1,-1,{},7770,127,"{'rz': 81, 'sx': 81, 'ecr': 89, 'x': 54, 'measure': 71}",-1,-1,{},-1,-1,{},-1,-1,{},-1,-1,{},9131,127,"{'x': 55, 'rz': 76, 'sx': 76, 'ecr': 81, 'measure': 71}",-1,-1,{},-1,-1,{},5182,133,"{'rz': 73, 'sx': 77, 'cz': 149, 'x': 19, 'measure': 71}",-1,-1,{},-1,-1,{},-1,-1,{},3287,127,"{'rz': 72, 'sx': 72, 'x': 48, 'cx': 150, 'measure': 71}",-1,-1,{}
6,116,qnn,31,305,"{'cx': 1890, 'p': 930, 'u2': 62, 'ry': 62, 'measure': 31, 'barrier': 1}",-1,-1,{},-1,-1,{},-1,-1,{},-1,-1,{},-1,-1,{},-1,-1,{},-1,-1,{},-1,-1,{},2551,127,"{'rz': 31, 'sx': 31, 'ecr': 30, 'x': 31, 'measure': 31}",999,65,"{'rz': 31, 'sx': 31, 'cx': 60, 'x': 27, 'measure': 31}",-1,-1,{},-1,-1,{},-1,-1,{},-1,-1,{},2916,127,"{'rz': 31, 'sx': 31, 'ecr': 30, 'x': 31, 'measure': 31}",-1,-1,{},-1,-1,{},-1,-1,{},-1,-1,{},-1,-1,{},-1,-1,{},-1,-1,{},2689,127,"{'rz': 31, 'sx': 31, 'ecr': 30, 'x': 31, 'measure': 31}",-1,-1,{},2459,127,"{'rz': 31, 'sx': 31, 'ecr': 30, 'x': 31, 'measure': 31}",3009,127,"{'rz': 35, 'sx': 35, 'ecr': 36, 'x': 33, 'measure': 31}",-1,-1,{},-1,-1,{},-1,-1,{},1092,65,"{'rz': 31, 'sx': 31, 'cx': 64, 'x': 26, 'measure': 31}",-1,-1,{},-1,-1,{},-1,-1,{},-1,-1,{},-1,-1,{},2468,127,"{'rz': 31, 'sx': 31, 'ecr': 30, 'x': 31, 'measure': 31}",-1,-1,{},-1,-1,{},-1,-1,{},-1,-1,{},-1,-1,{},2982,33,"{'rz': 31, 'sx': 31, 'cz': 60, 'x': 14, 'measure': 31}",-1,-1,{},2375,127,"{'rz': 31, 'sx': 31, 'ecr': 30, 'x': 31, 'measure': 31}",-1,-1,{},840,53,"{'u2': 31, 'u3': 31, 'cx': 60, 'u1': 31, 'measure': 31}",-1,-1,{},-1,-1,{},2844,127,"{'rz': 31, 'sx': 31, 'ecr': 30, 'x': 31, 'measure': 31}",-1,-1,{},-1,-1,{},1945,133,"{'rz': 31, 'sx': 31, 'cz': 60, 'x': 18, 'measure': 31}",-1,-1,{},-1,-1,{},-1,-1,{},886,127,"{'rz': 31, 'sx': 31, 'cx': 60, 'x': 30, 'measure': 31}",-1,-1,{}
6,334,qft,120,241,"{'cp': 7140, 'h': 120, 'measure': 120, 'swap': 60, 'barrier': 1}",-1,-1,{},-1,-1,{},-1,-1,{},-1,-1,{},-1,-1,{},-1,-1,{},-1,-1,{},-1,-1,{},11787,127,"{'rz': 123, 'sx': 123, 'ecr': 133, 'x': 81, 'measure': 120}",-1,-1,{},-1,-1,{},-1,-1,{},-1,-1,{},-1,-1,{},12383,127,"{'rz': 120, 'sx': 120, 'ecr': 126, 'x': 80, 'measure': 120}",-1,-1,{},-1,-1,{},-1,-1,{},-1,-1,{},-1,-1,{},-1,-1,{},-1,-1,{},13539,127,"{'rz': 120, 'sx': 120, 'ecr': 130, 'x': 79, 'measure': 120}",-1,-1,{},11873,127,"{'rz': 122, 'sx': 122, 'x': 79, 'ecr': 131, 'measure': 120}",12177,127,"{'rz': 121, 'sx': 121, 'ecr': 128, 'x': 71, 'measure': 120}",-1,-1,{},-1,-1,{},-1,-1,{},-1,-1,{},-1,-1,{},-1,-1,{},-1,-1,{},-1,-1,{},-1,-1,{},13399,127,"{'rz': 124, 'sx': 124, 'ecr': 135, 'x': 82, 'measure': 120}",-1,-1,{},-1,-1,{},-1,-1,{},-1,-1,{},-1,-1,{},-1,-1,{},-1,-1,{},12784,127,"{'rz': 124, 'sx': 124, 'ecr': 137, 'x': 81, 'measure': 120}",-1,-1,{},-1,-1,{},-1,-1,{},-1,-1,{},12617,127,"{'rz': 122, 'sx': 122, 'ecr': 132, 'x': 77, 'measure': 120}",-1,-1,{},-1,-1,{},9689,133,"{'rz': 121, 'sx': 122, 'cz': 213, 'x': 26, 'measure': 120}",-1,-1,{},-1,-1,{},-1,-1,{},5356,127,"{'sx': 75, 'rz': 117, 'cx': 254, 'x': 57, 'measure': 120}",-1,-1,{}
6,179,ghz,45,46,"{'measure': 45, 'cx': 44, 'h': 1, 'barrier': 1}",-1,-1,{},-1,-1,{},-1,-1,{},-1,-1,{},-1,-1,{},-1,-1,{},-1,-1,{},-1,-1,{},203,127,"{'rz': 45, 'sx': 45, 'ecr': 44, 'x': 14, 'measure': 45}",48,65,"{'rz': 1, 'sx': 1, 'cx': 44, 'measure': 45}",-1,-1,{},-1,-1,{},-1,-1,{},-1,-1,{},191,127,"{'rz': 45, 'sx': 45, 'ecr': 44, 'x': 17, 'measure': 45}",-1,-1,{},-1,-1,{},-1,-1,{},-1,-1,{},-1,-1,{},-1,-1,{},-1,-1,{},213,127,"{'rz': 45, 'sx': 45, 'ecr': 44, 'x': 10, 'measure': 45}",-1,-1,{},196,127,"{'rz': 45, 'sx': 45, 'ecr': 44, 'x': 15, 'measure': 45}",196,127,"{'rz': 45, 'sx': 45, 'ecr': 44, 'x': 18, 'measure': 45}",-1,-1,{},-1,-1,{},-1,-1,{},48,65,"{'rz': 1, 'sx': 1, 'cx': 44, 'measure': 45}",-1,-1,{},-1,-1,{},-1,-1,{},-1,-1,{},-1,-1,{},220,127,"{'rz': 45, 'sx': 45, 'ecr': 44, 'x': 9, 'measure': 45}",-1,-1,{},-1,-1,{},-1,-1,{},-1,-1,{},-1,-1,{},-1,-1,{},-1,-1,{},199,127,"{'rz': 45, 'sx': 45, 'ecr': 44, 'x': 15, 'measure': 45}",-1,-1,{},46,53,"{'u2': 1, 'cx': 44, 'measure': 45}",-1,-1,{},-1,-1,{},213,127,"{'rz': 45, 'sx': 45, 'ecr': 44, 'x': 13, 'measure': 45}",-1,-1,{},-1,-1,{},136,133,"{'rz': 45, 'sx': 45, 'cz': 44, 'measure': 45}",-1,-1,{},-1,-1,{},-1,-1,{},48,127,"{'rz': 1, 'sx': 1, 'cx': 44, 'measure': 45}",-1,-1,{}
6,583,qftentangled,70,143,"{'cp': 2415, 'h': 71, 'measure': 70, 'cx': 69, 'swap': 35, 'barrier': 1}",-1,-1,{},-1,-1,{},-1,-1,{},-1,-1,{},-1,-1,{},-1,-1,{},-1,-1,{},-1,-1,{},7095,127,"{'rz': 76, 'sx': 76, 'ecr': 83, 'x': 59, 'measure': 70}",-1,-1,{},-1,-1,{},-1,-1,{},-1,-1,{},-1,-1,{},7063,127,"{'rz': 80, 'sx': 80, 'ecr': 89, 'x': 61, 'measure': 70}",-1,-1,{},-1,-1,{},-1,-1,{},-1,-1,{},-1,-1,{},-1,-1,{},-1,-1,{},5650,127,"{'rz': 82, 'sx': 82, 'ecr': 91, 'x': 68, 'measure': 70}",-1,-1,{},7760,127,"{'rz': 83, 'sx': 83, 'ecr': 93, 'x': 57, 'measure': 70}",7137,127,"{'rz': 73, 'sx': 73, 'ecr': 79, 'x': 52, 'measure': 70}",-1,-1,{},-1,-1,{},-1,-1,{},-1,-1,{},-1,-1,{},-1,-1,{},-1,-1,{},-1,-1,{},-1,-1,{},6671,127,"{'rz': 79, 'sx': 79, 'ecr': 86, 'x': 56, 'measure': 70}",-1,-1,{},-1,-1,{},-1,-1,{},-1,-1,{},-1,-1,{},-1,-1,{},-1,-1,{},7118,127,"{'rz': 78, 'sx': 78, 'ecr': 83, 'x': 55, 'measure': 70}",-1,-1,{},-1,-1,{},-1,-1,{},-1,-1,{},7210,127,"{'rz': 78, 'sx': 78, 'ecr': 85, 'x': 53, 'measure': 70}",-1,-1,{},-1,-1,{},5055,133,"{'rz': 69, 'sx': 78, 'cz': 158, 'x': 3, 'measure': 70}",-1,-1,{},-1,-1,{},-1,-1,{},2876,127,"{'rz': 61, 'sx': 55, 'cx': 157, 'x': 43, 'measure': 70}",-1,-1,{}
6,480,qnn,80,795,"{'cx': 12719, 'p': 6320, 'u2': 160, 'ry': 160, 'measure': 80, 'barrier': 1}",-1,-1,{},-1,-1,{},-1,-1,{},-1,-1,{},-1,-1,{},-1,-1,{},-1,-1,{},-1,-1,{},15813,127,"{'rz': 81, 'sx': 81, 'ecr': 85, 'x': 81, 'measure': 80}",-1,-1,{},-1,-1,{},-1,-1,{},-1,-1,{},-1,-1,{},11116,127,"{'rz': 81, 'sx': 81, 'ecr': 86, 'x': 80, 'measure': 80}",-1,-1,{},-1,-1,{},-1,-1,{},-1,-1,{},-1,-1,{},-1,-1,{},-1,-1,{},10466,127,"{'rz': 82, 'sx': 82, 'ecr': 88, 'x': 82, 'measure': 80}",-1,-1,{},12919,127,"{'rz': 84, 'sx': 84, 'ecr': 89, 'x': 83, 'measure': 80}",15628,127,"{'rz': 83, 'sx': 83, 'ecr': 88, 'x': 83, 'measure': 80}",-1,-1,{},-1,-1,{},-1,-1,{},-1,-1,{},-1,-1,{},-1,-1,{},-1,-1,{},-1,-1,{},-1,-1,{},11471,127,"{'rz': 82, 'sx': 82, 'ecr': 85, 'x': 81, 'measure': 80}",-1,-1,{},-1,-1,{},-1,-1,{},-1,-1,{},-1,-1,{},-1,-1,{},-1,-1,{},11930,127,"{'rz': 81, 'sx': 81, 'ecr': 87, 'x': 81, 'measure': 80}",-1,-1,{},-1,-1,{},-1,-1,{},-1,-1,{},15840,127,"{'rz': 83, 'sx': 83, 'ecr': 89, 'x': 83, 'measure': 80}",-1,-1,{},-1,-1,{},8666,133,"{'rz': 80, 'sx': 80, 'cz': 166, 'x': 26, 'measure': 80}",-1,-1,{},-1,-1,{},-1,-1,{},6061,127,"{'rz': 80, 'sx': 80, 'cx': 168, 'x': 78, 'measure': 80}",-1,-1,{}
6,212,qft,23,47,"{'cp': 253, 'h': 23, 'measure': 23, 'swap': 11, 'barrier': 1}",644,27,"{'sx': 21, 'rz': 22, 'cx': 35, 'x': 13, 'measure': 23}",-1,-1,{},-1,-1,{},-1,-1,{},572,27,"{'rz': 23, 'sx': 21, 'cx': 41, 'x': 12, 'measure': 23}",-1,-1,{},-1,-1,{},-1,-1,{},1561,127,"{'x': 19, 'rz': 23, 'sx': 23, 'ecr': 22, 'measure': 23}",664,65,"{'sx': 18, 'rz': 21, 'cx': 46, 'x': 15, 'measure': 23}",-1,-1,{},-1,-1,{},665,28,"{'u3': 19, 'u2': 23, 'cx': 46, 'u1': 20, 'measure': 23}",-1,-1,{},1624,127,"{'x': 17, 'rz': 23, 'sx': 23, 'ecr': 22, 'measure': 23}",-1,-1,{},-1,-1,{},478,27,"{'sx': 23, 'rz': 23, 'cx': 44, 'x': 18, 'measure': 23}",-1,-1,{},699,27,"{'rz': 23, 'sx': 21, 'cx': 36, 'x': 14, 'measure': 23}",-1,-1,{},-1,-1,{},1711,127,"{'rz': 23, 'sx': 23, 'ecr': 22, 'x': 21, 'measure': 23}",671,27,"{'rz': 23, 'sx': 21, 'cx': 42, 'x': 17, 'measure': 23}",1534,127,"{'rz': 27, 'sx': 27, 'ecr': 27, 'x': 19, 'measure': 23}",1861,127,"{'rz': 23, 'sx': 23, 'x': 17, 'ecr': 22, 'measure': 23}",-1,-1,{},-1,-1,{},-1,-1,{},585,65,"{'rz': 24, 'sx': 24, 'cx': 54, 'x': 20, 'measure': 23}",-1,-1,{},-1,-1,{},569,27,"{'rz': 23, 'sx': 21, 'cx': 40, 'x': 17, 'measure': 23}",694,27,"{'rz': 21, 'sx': 21, 'cx': 46, 'x': 18, 'measure': 23}",-1,-1,{},1461,127,"{'rz': 23, 'sx': 23, 'x': 18, 'ecr': 23, 'measure': 23}",-1,-1,{},-1,-1,{},653,27,"{'sx': 20, 'rz': 22, 'cx': 44, 'x': 14, 'measure': 23}",1841,27,"{'rz': 23, 'sx': 23, 'x': 17, 'ecr': 23, 'measure': 23}",-1,-1,{},1082,33,"{'rz': 23, 'sx': 23, 'cz': 37, 'x': 1, 'measure': 23}",-1,-1,{},1818,127,"{'x': 19, 'rz': 23, 'sx': 23, 'ecr': 22, 'measure': 23}",-1,-1,{},575,53,"{'u2': 21, 'cx': 47, 'u1': 22, 'u3': 19, 'measure': 23}",-1,-1,{},-1,-1,{},1756,127,"{'rz': 23, 'sx': 23, 'ecr': 22, 'x': 19, 'measure': 23}",-1,-1,{},712,27,"{'rz': 22, 'sx': 20, 'cx': 45, 'x': 15, 'measure': 23}",935,133,"{'rz': 23, 'sx': 23, 'cz': 42, 'x': 2, 'measure': 23}",567,27,"{'rz': 24, 'sx': 21, 'cx': 48, 'x': 16, 'measure': 23}",-1,-1,{},-1,-1,{},389,127,"{'rz': 23, 'sx': 23, 'cx': 39, 'x': 18, 'measure': 23}",-1,-1,{}
6,159,random,70,922,"{'cx': 3031, 'u2': 1415, 'cu1': 1176, 'u1': 835, 'h': 759, 'u3': 573, 'ry': 487, 's': 280, 'ccx': 234, 'rxx': 219, 'cu3': 206, 't': 175, 'sdg': 170, 'tdg': 154, 'rz': 150, 'cp': 133, 'crx': 128, 'crz': 125, 'sx': 124, 'ch': 122, 'rzz': 117, 'swap': 108, 'cry': 107, 'cz': 106, 'cy': 98, 'x': 97, 'p': 91, 'cswap': 89, 'measure': 70, 'y': 52, 'sxdg': 35, 'u': 32, 'rx': 30, 'z': 30, 'barrier': 1}",-1,-1,{},-1,-1,{},-1,-1,{},-1,-1,{},-1,-1,{},-1,-1,{},-1,-1,{},-1,-1,{},53092,127,"{'rz': 80, 'sx': 80, 'ecr': 90, 'x': 79, 'measure': 70}",-1,-1,{},-1,-1,{},-1,-1,{},-1,-1,{},-1,-1,{},52597,127,"{'rz': 72, 'sx': 72, 'x': 72, 'ecr': 80, 'measure': 70}",-1,-1,{},-1,-1,{},-1,-1,{},-1,-1,{},-1,-1,{},-1,-1,{},-1,-1,{},53397,127,"{'rz': 75, 'sx': 75, 'x': 70, 'ecr': 83, 'measure': 70}",-1,-1,{},52384,127,"{'rz': 71, 'sx': 71, 'x': 71, 'ecr': 79, 'measure': 70}",51663,127,"{'rz': 71, 'sx': 71, 'x': 71, 'ecr': 79, 'measure': 70}",-1,-1,{},-1,-1,{},-1,-1,{},-1,-1,{},-1,-1,{},-1,-1,{},-1,-1,{},-1,-1,{},-1,-1,{},53991,127,"{'rz': 75, 'sx': 75, 'ecr': 84, 'x': 75, 'measure': 70}",-1,-1,{},-1,-1,{},-1,-1,{},-1,-1,{},-1,-1,{},-1,-1,{},-1,-1,{},51858,127,"{'rz': 80, 'sx': 80, 'ecr': 90, 'x': 79, 'measure': 70}",-1,-1,{},-1,-1,{},-1,-1,{},-1,-1,{},51754,127,"{'x': 73, 'rz': 73, 'sx': 73, 'ecr': 82, 'measure': 70}",-1,-1,{},-1,-1,{},32108,133,"{'sx': 80, 'rz': 75, 'cz': 180, 'x': 71, 'measure': 70}",-1,-1,{},-1,-1,{},-1,-1,{},17235,127,"{'rz': 75, 'sx': 76, 'cx': 176, 'x': 71, 'measure': 70}",-1,-1,{}
6,457,qftentangled,124,251,"{'cp': 7626, 'h': 125, 'measure': 124, 'cx': 123, 'swap': 62, 'barrier': 1}",-1,-1,{},-1,-1,{},-1,-1,{},-1,-1,{},-1,-1,{},-1,-1,{},-1,-1,{},-1,-1,{},11232,127,"{'rz': 126, 'sx': 126, 'ecr': 143, 'x': 94, 'measure': 124}",-1,-1,{},-1,-1,{},-1,-1,{},-1,-1,{},-1,-1,{},14770,127,"{'rz': 126, 'sx': 126, 'ecr': 143, 'x': 99, 'measure': 124}",-1,-1,{},-1,-1,{},-1,-1,{},-1,-1,{},-1,-1,{},-1,-1,{},-1,-1,{},14251,127,"{'rz': 125, 'sx': 125, 'ecr': 140, 'x': 97, 'measure': 124}",-1,-1,{},14494,127,"{'rz': 126, 'sx': 126, 'ecr': 141, 'x': 92, 'measure': 124}",12880,127,"{'rz': 125, 'sx': 125, 'ecr': 142, 'x': 92, 'measure': 124}",-1,-1,{},-1,-1,{},-1,-1,{},-1,-1,{},-1,-1,{},-1,-1,{},-1,-1,{},-1,-1,{},-1,-1,{},11654,127,"{'rz': 126, 'sx': 126, 'ecr': 143, 'x': 93, 'measure': 124}",-1,-1,{},-1,-1,{},-1,-1,{},-1,-1,{},-1,-1,{},-1,-1,{},-1,-1,{},14244,127,"{'rz': 125, 'sx': 125, 'ecr': 141, 'x': 94, 'measure': 124}",-1,-1,{},-1,-1,{},-1,-1,{},-1,-1,{},11873,127,"{'rz': 126, 'sx': 126, 'ecr': 143, 'x': 91, 'measure': 124}",-1,-1,{},-1,-1,{},10957,133,"{'sx': 127, 'rz': 106, 'cz': 267, 'x': 20, 'measure': 124}",-1,-1,{},-1,-1,{},-1,-1,{},3804,127,"{'cx': 272, 'rz': 86, 'x': 51, 'sx': 76, 'measure': 124}",-1,-1,{}
6,303,ghz,101,102,"{'measure': 101, 'cx': 100, 'h': 1, 'barrier': 1}",-1,-1,{},-1,-1,{},-1,-1,{},-1,-1,{},-1,-1,{},-1,-1,{},-1,-1,{},-1,-1,{},476,127,"{'rz': 101, 'sx': 101, 'ecr': 100, 'x': 31, 'measure': 101}",-1,-1,{},-1,-1,{},-1,-1,{},-1,-1,{},-1,-1,{},446,127,"{'rz': 101, 'sx': 101, 'ecr': 100, 'x': 39, 'measure': 101}",-1,-1,{},-1,-1,{},-1,-1,{},-1,-1,{},-1,-1,{},-1,-1,{},-1,-1,{},467,127,"{'rz': 101, 'sx': 101, 'ecr': 100, 'x': 29, 'measure': 101}",-1,-1,{},459,127,"{'rz': 101, 'sx': 101, 'ecr': 100, 'x': 34, 'measure': 101}",455,127,"{'rz': 101, 'sx': 101, 'ecr': 100, 'x': 41, 'measure': 101}",-1,-1,{},-1,-1,{},-1,-1,{},-1,-1,{},-1,-1,{},-1,-1,{},-1,-1,{},-1,-1,{},-1,-1,{},449,127,"{'rz': 101, 'sx': 101, 'ecr': 100, 'x': 38, 'measure': 101}",-1,-1,{},-1,-1,{},-1,-1,{},-1,-1,{},-1,-1,{},-1,-1,{},-1,-1,{},466,127,"{'rz': 101, 'sx': 101, 'ecr': 100, 'x': 30, 'measure': 101}",-1,-1,{},-1,-1,{},-1,-1,{},-1,-1,{},473,127,"{'rz': 101, 'sx': 101, 'ecr': 100, 'x': 32, 'measure': 101}",-1,-1,{},-1,-1,{},304,133,"{'rz': 101, 'sx': 101, 'cz': 100, 'measure': 101}",-1,-1,{},-1,-1,{},-1,-1,{},104,127,"{'rz': 1, 'sx': 1, 'cx': 100, 'measure': 101}",-1,-1,{}
6,161,dj,102,104,"{'h': 110, 'cx': 101, 'measure': 101, 'u2': 93, 'barrier': 1}",-1,-1,{},-1,-1,{},-1,-1,{},-1,-1,{},-1,-1,{},-1,-1,{},-1,-1,{},-1,-1,{},1453,127,"{'rz': 102, 'sx': 102, 'ecr': 102, 'x': 35, 'measure': 101}",-1,-1,{},-1,-1,{},-1,-1,{},-1,-1,{},-1,-1,{},1649,127,"{'rz': 104, 'sx': 104, 'ecr': 108, 'x': 34, 'measure': 101}",-1,-1,{},-1,-1,{},-1,-1,{},-1,-1,{},-1,-1,{},-1,-1,{},-1,-1,{},1473,127,"{'rz': 102, 'sx': 102, 'ecr': 105, 'x': 30, 'measure': 101}",-1,-1,{},1348,127,"{'rz': 102, 'sx': 102, 'ecr': 102, 'x': 37, 'measure': 101}",1508,127,"{'rz': 105, 'sx': 105, 'ecr': 109, 'x': 40, 'measure': 101}",-1,-1,{},-1,-1,{},-1,-1,{},-1,-1,{},-1,-1,{},-1,-1,{},-1,-1,{},-1,-1,{},-1,-1,{},1438,127,"{'rz': 102, 'sx': 102, 'ecr': 104, 'x': 36, 'measure': 101}",-1,-1,{},-1,-1,{},-1,-1,{},-1,-1,{},-1,-1,{},-1,-1,{},-1,-1,{},1555,127,"{'rz': 102, 'sx': 102, 'ecr': 104, 'x': 35, 'measure': 101}",-1,-1,{},-1,-1,{},-1,-1,{},-1,-1,{},1472,127,"{'rz': 103, 'sx': 103, 'ecr': 104, 'x': 36, 'measure': 101}",-1,-1,{},-1,-1,{},808,133,"{'x': 4, 'rz': 103, 'sx': 103, 'cz': 125, 'measure': 101}",-1,-1,{},-1,-1,{},-1,-1,{},691,127,"{'rz': 102, 'sx': 102, 'cx': 186, 'x': 13, 'measure': 101}",-1,-1,{}
6,105,qftentangled,85,173,"{'cp': 3570, 'h': 86, 'measure': 85, 'cx': 84, 'swap': 42, 'barrier': 1}",-1,-1,{},-1,-1,{},-1,-1,{},-1,-1,{},-1,-1,{},-1,-1,{},-1,-1,{},-1,-1,{},10197,127,"{'rz': 91, 'sx': 91, 'ecr': 100, 'x': 67, 'measure': 85}",-1,-1,{},-1,-1,{},-1,-1,{},-1,-1,{},-1,-1,{},10209,127,"{'rz': 93, 'sx': 93, 'ecr': 103, 'x': 66, 'measure': 85}",-1,-1,{},-1,-1,{},-1,-1,{},-1,-1,{},-1,-1,{},-1,-1,{},-1,-1,{},7590,127,"{'rz': 85, 'sx': 85, 'ecr': 92, 'x': 65, 'measure': 85}",-1,-1,{},8394,127,"{'rz': 91, 'sx': 91, 'ecr': 100, 'x': 61, 'measure': 85}",8664,127,"{'rz': 90, 'sx': 90, 'ecr': 99, 'x': 70, 'measure': 85}",-1,-1,{},-1,-1,{},-1,-1,{},-1,-1,{},-1,-1,{},-1,-1,{},-1,-1,{},-1,-1,{},-1,-1,{},9568,127,"{'rz': 102, 'sx': 102, 'ecr': 115, 'x': 77, 'measure': 85}",-1,-1,{},-1,-1,{},-1,-1,{},-1,-1,{},-1,-1,{},-1,-1,{},-1,-1,{},7848,127,"{'rz': 99, 'sx': 99, 'ecr': 110, 'x': 72, 'measure': 85}",-1,-1,{},-1,-1,{},-1,-1,{},-1,-1,{},7917,127,"{'rz': 93, 'sx': 93, 'ecr': 103, 'x': 70, 'measure': 85}",-1,-1,{},-1,-1,{},7212,133,"{'sx': 92, 'rz': 79, 'cz': 190, 'x': 9, 'measure': 85}",-1,-1,{},-1,-1,{},-1,-1,{},2728,127,"{'x': 45, 'rz': 67, 'cx': 198, 'sx': 62, 'measure': 85}",-1,-1,{}
6,723,qnn,128,1275,"{'cx': 32639, 'p': 16256, 'u2': 256, 'ry': 256, 'measure': 128, 'barrier': 1}",-1,-1,{},-1,-1,{},-1,-1,{},-1,-1,{},-1,-1,{},-1,-1,{},-1,-1,{},-1,-1,{},-1,-1,{},-1,-1,{},-1,-1,{},-1,-1,{},-1,-1,{},-1,-1,{},-1,-1,{},-1,-1,{},-1,-1,{},-1,-1,{},-1,-1,{},-1,-1,{},-1,-1,{},-1,-1,{},-1,-1,{},-1,-1,{},-1,-1,{},-1,-1,{},-1,-1,{},-1,-1,{},-1,-1,{},-1,-1,{},-1,-1,{},-1,-1,{},-1,-1,{},-1,-1,{},-1,-1,{},-1,-1,{},-1,-1,{},-1,-1,{},-1,-1,{},-1,-1,{},-1,-1,{},-1,-1,{},-1,-1,{},-1,-1,{},-1,-1,{},-1,-1,{},-1,-1,{},-1,-1,{},-1,-1,{},-1,-1,{},-1,-1,{},27508,133,"{'rz': 128, 'sx': 128, 'cz': 290, 'x': 47, 'measure': 128}",-1,-1,{},-1,-1,{},-1,-1,{},-1,-1,{},-1,-1,{}
6,9,ae,31,180,"{'cp': 435, 'cx': 60, 'u': 31, 'measure': 31, 'u2': 30, 'u3': 30, 'h': 30, 'barrier': 1}",-1,-1,{},-1,-1,{},-1,-1,{},-1,-1,{},-1,-1,{},-1,-1,{},-1,-1,{},-1,-1,{},2116,127,"{'rz': 33, 'sx': 33, 'ecr': 32, 'x': 26, 'measure': 31}",1130,65,"{'rz': 31, 'sx': 31, 'cx': 60, 'x': 17, 'measure': 31}",-1,-1,{},-1,-1,{},-1,-1,{},-1,-1,{},2831,127,"{'rz': 31, 'sx': 31, 'ecr': 31, 'x': 28, 'measure': 31}",-1,-1,{},-1,-1,{},-1,-1,{},-1,-1,{},-1,-1,{},-1,-1,{},-1,-1,{},2904,127,"{'rz': 31, 'sx': 31, 'ecr': 31, 'x': 26, 'measure': 31}",-1,-1,{},2580,127,"{'rz': 32, 'sx': 32, 'ecr': 32, 'x': 27, 'measure': 31}",2698,127,"{'rz': 31, 'sx': 31, 'ecr': 31, 'x': 24, 'measure': 31}",-1,-1,{},-1,-1,{},-1,-1,{},1197,65,"{'rz': 31, 'sx': 31, 'cx': 60, 'x': 17, 'measure': 31}",-1,-1,{},-1,-1,{},-1,-1,{},-1,-1,{},-1,-1,{},3292,127,"{'rz': 35, 'sx': 35, 'ecr': 36, 'x': 26, 'measure': 31}",-1,-1,{},-1,-1,{},-1,-1,{},-1,-1,{},-1,-1,{},2343,33,"{'rz': 31, 'sx': 31, 'x': 19, 'cz': 54, 'measure': 31}",-1,-1,{},2635,127,"{'rz': 31, 'sx': 31, 'ecr': 32, 'x': 28, 'measure': 31}",-1,-1,{},1062,53,"{'u2': 31, 'cx': 64, 'u1': 29, 'u3': 24, 'measure': 31}",-1,-1,{},-1,-1,{},2414,127,"{'rz': 31, 'sx': 31, 'ecr': 31, 'x': 29, 'measure': 31}",-1,-1,{},-1,-1,{},1832,133,"{'rz': 31, 'sx': 31, 'cz': 58, 'x': 18, 'measure': 31}",-1,-1,{},-1,-1,{},-1,-1,{},1197,127,"{'rz': 32, 'sx': 31, 'cx': 75, 'x': 20, 'measure': 31}",-1,-1,{}
7,767,dj,106,108,"{'h': 116, 'cx': 105, 'measure': 105, 'u2': 95, 'barrier': 1}",-1,-1,{},-1,-1,{},-1,-1,{},-1,-1,{},-1,-1,{},-1,-1,{},-1,-1,{},-1,-1,{},1578,127,"{'rz': 107, 'sx': 107, 'ecr': 108, 'x': 28, 'measure': 105}",-1,-1,{},-1,-1,{},-1,-1,{},-1,-1,{},-1,-1,{},1576,127,"{'rz': 106, 'sx': 106, 'ecr': 107, 'x': 36, 'measure': 105}",-1,-1,{},-1,-1,{},-1,-1,{},-1,-1,{},-1,-1,{},-1,-1,{},-1,-1,{},1649,127,"{'rz': 110, 'sx': 110, 'ecr': 115, 'x': 47, 'measure': 105}",-1,-1,{},1499,127,"{'rz': 107, 'sx': 107, 'ecr': 108, 'x': 30, 'measure': 105}",1471,127,"{'rz': 106, 'sx': 106, 'x': 30, 'ecr': 109, 'measure': 105}",-1,-1,{},-1,-1,{},-1,-1,{},-1,-1,{},-1,-1,{},-1,-1,{},-1,-1,{},-1,-1,{},-1,-1,{},1435,127,"{'rz': 106, 'sx': 106, 'x': 39, 'ecr': 108, 'measure': 105}",-1,-1,{},-1,-1,{},-1,-1,{},-1,-1,{},-1,-1,{},-1,-1,{},-1,-1,{},1364,127,"{'rz': 106, 'sx': 106, 'ecr': 108, 'x': 36, 'measure': 105}",-1,-1,{},-1,-1,{},-1,-1,{},-1,-1,{},1566,127,"{'rz': 106, 'sx': 106, 'ecr': 109, 'x': 32, 'measure': 105}",-1,-1,{},-1,-1,{},893,133,"{'rz': 107, 'sx': 108, 'cz': 128, 'x': 4, 'measure': 105}",-1,-1,{},-1,-1,{},-1,-1,{},693,127,"{'rz': 106, 'sx': 106, 'cx': 192, 'x': 10, 'measure': 105}",-1,-1,{}
7,713,qftentangled,3,9,"{'h': 4, 'cp': 3, 'measure': 3, 'cx': 2, 'swap': 1, 'barrier': 1}",26,27,"{'rz': 3, 'sx': 2, 'cx': 3, 'measure': 3}",19,20,"{'u2': 2, 'cx': 3, 'u1': 3, 'measure': 3}",-1,-1,{},26,5,"{'rz': 3, 'sx': 2, 'cx': 3, 'measure': 3}",26,27,"{'rz': 3, 'sx': 2, 'cx': 3, 'measure': 3}",26,5,"{'rz': 3, 'sx': 2, 'cx': 3, 'measure': 3}",19,20,"{'u2': 2, 'cx': 3, 'u1': 3, 'measure': 3}",26,5,"{'rz': 3, 'sx': 2, 'cx': 3, 'measure': 3}",46,127,"{'rz': 3, 'sx': 3, 'ecr': 2, 'x': 1, 'measure': 3}",26,65,"{'rz': 3, 'sx': 2, 'cx': 3, 'measure': 3}",19,5,"{'u2': 2, 'cx': 3, 'u1': 3, 'measure': 3}",-1,-1,{},19,28,"{'u2': 2, 'cx': 3, 'u1': 3, 'measure': 3}",26,7,"{'rz': 3, 'sx': 2, 'cx': 3, 'measure': 3}",51,127,"{'rz': 3, 'sx': 3, 'ecr': 2, 'x': 2, 'measure': 3}",19,5,"{'u2': 2, 'cx': 3, 'u1': 3, 'measure': 3}",25,5,"{'rz': 3, 'rx': 2, 'cx': 3, 'measure': 3}",26,27,"{'rz': 3, 'sx': 2, 'cx': 3, 'measure': 3}",26,16,"{'rz': 3, 'sx': 2, 'cx': 3, 'measure': 3}",26,27,"{'rz': 3, 'sx': 2, 'cx': 3, 'measure': 3}",26,7,"{'rz': 3, 'sx': 2, 'cx': 3, 'measure': 3}",19,20,"{'u2': 2, 'cx': 3, 'u1': 3, 'measure': 3}",44,127,"{'rz': 3, 'sx': 3, 'ecr': 2, 'x': 1, 'measure': 3}",26,27,"{'rz': 3, 'sx': 2, 'cx': 3, 'measure': 3}",51,127,"{'rz': 3, 'sx': 3, 'ecr': 2, 'x': 2, 'measure': 3}",46,127,"{'rz': 3, 'sx': 3, 'ecr': 2, 'x': 1, 'measure': 3}",26,7,"{'rz': 3, 'sx': 2, 'cx': 3, 'measure': 3}",26,5,"{'rz': 3, 'sx': 2, 'cx': 3, 'measure': 3}",19,5,"{'u2': 2, 'cx': 3, 'u1': 3, 'measure': 3}",26,65,"{'rz': 3, 'sx': 2, 'cx': 3, 'measure': 3}",26,5,"{'rz': 3, 'sx': 2, 'cx': 3, 'measure': 3}",26,15,"{'rz': 3, 'sx': 2, 'cx': 3, 'measure': 3}",26,27,"{'rz': 3, 'sx': 2, 'cx': 3, 'measure': 3}",26,27,"{'rz': 3, 'sx': 2, 'cx': 3, 'measure': 3}",26,7,"{'rz': 3, 'sx': 2, 'cx': 3, 'measure': 3}",44,127,"{'rz': 3, 'sx': 3, 'ecr': 2, 'x': 1, 'measure': 3}",26,7,"{'rz': 3, 'sx': 2, 'cx': 3, 'measure': 3}",26,5,"{'rz': 3, 'sx': 2, 'cx': 3, 'measure': 3}",26,27,"{'rz': 3, 'sx': 2, 'cx': 3, 'measure': 3}",51,27,"{'rz': 3, 'sx': 3, 'ecr': 2, 'x': 2, 'measure': 3}",26,7,"{'rz': 3, 'sx': 2, 'cx': 3, 'measure': 3}",42,33,"{'rz': 3, 'sx': 3, 'cz': 3, 'measure': 3}",19,20,"{'u2': 2, 'cx': 3, 'u1': 3, 'measure': 3}",44,127,"{'rz': 3, 'sx': 3, 'ecr': 2, 'x': 1, 'measure': 3}",26,5,"{'rz': 3, 'sx': 2, 'cx': 3, 'measure': 3}",19,53,"{'u2': 2, 'cx': 3, 'u1': 3, 'measure': 3}",26,5,"{'rz': 3, 'sx': 2, 'cx': 3, 'measure': 3}",26,5,"{'rz': 3, 'sx': 2, 'cx': 3, 'measure': 3}",44,127,"{'rz': 3, 'sx': 3, 'ecr': 2, 'x': 1, 'measure': 3}",19,20,"{'u2': 2, 'cx': 3, 'u1': 3, 'measure': 3}",26,27,"{'rz': 3, 'sx': 2, 'cx': 3, 'measure': 3}",42,133,"{'rz': 3, 'sx': 3, 'cz': 3, 'measure': 3}",26,27,"{'rz': 3, 'sx': 2, 'cx': 3, 'measure': 3}",26,5,"{'rz': 3, 'sx': 2, 'cx': 3, 'measure': 3}",26,5,"{'rz': 3, 'sx': 2, 'cx': 3, 'measure': 3}",26,127,"{'rz': 3, 'sx': 2, 'cx': 3, 'measure': 3}",20,5,"{'rz': 3, 'sx': 3, 'cx': 3, 'measure': 3}"
7,401,qpeinexact,56,167,"{'cp': 1540, 'h': 110, 'measure': 55, 'swap': 27, 'x': 1, 'barrier': 1}",-1,-1,{},-1,-1,{},-1,-1,{},-1,-1,{},-1,-1,{},-1,-1,{},-1,-1,{},-1,-1,{},5067,127,"{'rz': 60, 'sx': 60, 'ecr': 63, 'x': 41, 'measure': 55}",1978,65,"{'rz': 56, 'sx': 56, 'cx': 122, 'x': 39, 'measure': 55}",-1,-1,{},-1,-1,{},-1,-1,{},-1,-1,{},5695,127,"{'rz': 56, 'sx': 56, 'ecr': 61, 'x': 42, 'measure': 55}",-1,-1,{},-1,-1,{},-1,-1,{},-1,-1,{},-1,-1,{},-1,-1,{},-1,-1,{},5477,127,"{'rz': 58, 'sx': 58, 'ecr': 61, 'x': 43, 'measure': 55}",-1,-1,{},6032,127,"{'rz': 60, 'sx': 60, 'ecr': 65, 'x': 48, 'measure': 55}",5168,127,"{'rz': 57, 'sx': 57, 'ecr': 60, 'x': 40, 'measure': 55}",-1,-1,{},-1,-1,{},-1,-1,{},1988,65,"{'rz': 57, 'sx': 57, 'cx': 120, 'x': 35, 'measure': 55}",-1,-1,{},-1,-1,{},-1,-1,{},-1,-1,{},-1,-1,{},5294,127,"{'rz': 59, 'sx': 59, 'ecr': 63, 'x': 48, 'measure': 55}",-1,-1,{},-1,-1,{},-1,-1,{},-1,-1,{},-1,-1,{},-1,-1,{},-1,-1,{},5365,127,"{'rz': 56, 'sx': 56, 'ecr': 60, 'x': 39, 'measure': 55}",-1,-1,{},-1,-1,{},-1,-1,{},-1,-1,{},6113,127,"{'rz': 62, 'sx': 62, 'ecr': 64, 'x': 45, 'measure': 55}",-1,-1,{},-1,-1,{},4134,133,"{'rz': 59, 'sx': 60, 'cz': 113, 'x': 19, 'measure': 55}",-1,-1,{},-1,-1,{},-1,-1,{},2161,127,"{'rz': 60, 'sx': 60, 'cx': 132, 'x': 37, 'measure': 55}",-1,-1,{}
7,238,qnn,113,1125,"{'cx': 25424, 'p': 12656, 'u2': 226, 'ry': 226, 'measure': 113, 'barrier': 1}",-1,-1,{},-1,-1,{},-1,-1,{},-1,-1,{},-1,-1,{},-1,-1,{},-1,-1,{},-1,-1,{},40218,127,"{'rz': 115, 'sx': 115, 'ecr': 128, 'x': 115, 'measure': 113}",-1,-1,{},-1,-1,{},-1,-1,{},-1,-1,{},-1,-1,{},36564,127,"{'rz': 123, 'sx': 123, 'ecr': 138, 'x': 123, 'measure': 113}",-1,-1,{},-1,-1,{},-1,-1,{},-1,-1,{},-1,-1,{},-1,-1,{},-1,-1,{},38603,127,"{'rz': 122, 'sx': 122, 'ecr': 137, 'x': 121, 'measure': 113}",-1,-1,{},40208,127,"{'rz': 115, 'sx': 115, 'ecr': 129, 'x': 115, 'measure': 113}",43197,127,"{'rz': 118, 'sx': 118, 'ecr': 133, 'x': 118, 'measure': 113}",-1,-1,{},-1,-1,{},-1,-1,{},-1,-1,{},-1,-1,{},-1,-1,{},-1,-1,{},-1,-1,{},-1,-1,{},37123,127,"{'rz': 118, 'sx': 118, 'ecr': 134, 'x': 118, 'measure': 113}",-1,-1,{},-1,-1,{},-1,-1,{},-1,-1,{},-1,-1,{},-1,-1,{},-1,-1,{},40365,127,"{'rz': 124, 'sx': 124, 'ecr': 139, 'x': 123, 'measure': 113}",-1,-1,{},-1,-1,{},-1,-1,{},-1,-1,{},45837,127,"{'rz': 120, 'sx': 120, 'ecr': 135, 'x': 120, 'measure': 113}",-1,-1,{},-1,-1,{},34403,133,"{'rz': 122, 'sx': 125, 'cz': 280, 'x': 42, 'measure': 113}",-1,-1,{},-1,-1,{},-1,-1,{},18011,127,"{'rz': 115, 'sx': 115, 'cx': 260, 'x': 114, 'measure': 113}",-1,-1,{}
7,536,ghz,127,128,"{'measure': 127, 'cx': 126, 'h': 1, 'barrier': 1}",-1,-1,{},-1,-1,{},-1,-1,{},-1,-1,{},-1,-1,{},-1,-1,{},-1,-1,{},-1,-1,{},2239,127,"{'rz': 127, 'sx': 127, 'ecr': 130, 'x': 70, 'measure': 127}",-1,-1,{},-1,-1,{},-1,-1,{},-1,-1,{},-1,-1,{},1994,127,"{'rz': 127, 'sx': 127, 'ecr': 132, 'x': 61, 'measure': 127}",-1,-1,{},-1,-1,{},-1,-1,{},-1,-1,{},-1,-1,{},-1,-1,{},-1,-1,{},2760,127,"{'rz': 127, 'sx': 127, 'ecr': 140, 'x': 76, 'measure': 127}",-1,-1,{},2379,127,"{'rz': 127, 'sx': 127, 'ecr': 134, 'x': 69, 'measure': 127}",2118,127,"{'rz': 127, 'sx': 127, 'ecr': 131, 'x': 66, 'measure': 127}",-1,-1,{},-1,-1,{},-1,-1,{},-1,-1,{},-1,-1,{},-1,-1,{},-1,-1,{},-1,-1,{},-1,-1,{},2340,127,"{'rz': 127, 'sx': 127, 'ecr': 136, 'x': 72, 'measure': 127}",-1,-1,{},-1,-1,{},-1,-1,{},-1,-1,{},-1,-1,{},-1,-1,{},-1,-1,{},1820,127,"{'rz': 127, 'sx': 127, 'ecr': 133, 'x': 67, 'measure': 127}",-1,-1,{},-1,-1,{},-1,-1,{},-1,-1,{},2122,127,"{'rz': 127, 'sx': 127, 'ecr': 135, 'x': 75, 'measure': 127}",-1,-1,{},-1,-1,{},1217,133,"{'rz': 100, 'sx': 127, 'cz': 193, 'x': 2, 'measure': 127}",-1,-1,{},-1,-1,{},-1,-1,{},682,127,"{'x': 3, 'rz': 36, 'cx': 226, 'sx': 36, 'measure': 127}",-1,-1,{}
7,268,qpeexact,92,275,"{'cp': 4186, 'h': 182, 'measure': 91, 'swap': 45, 'x': 1, 'barrier': 1}",-1,-1,{},-1,-1,{},-1,-1,{},-1,-1,{},-1,-1,{},-1,-1,{},-1,-1,{},-1,-1,{},10649,127,"{'rz': 95, 'sx': 95, 'ecr': 103, 'x': 71, 'measure': 91}",-1,-1,{},-1,-1,{},-1,-1,{},-1,-1,{},-1,-1,{},10057,127,"{'rz': 95, 'sx': 95, 'ecr': 103, 'x': 69, 'measure': 91}",-1,-1,{},-1,-1,{},-1,-1,{},-1,-1,{},-1,-1,{},-1,-1,{},-1,-1,{},9293,127,"{'rz': 97, 'sx': 97, 'ecr': 107, 'x': 73, 'measure': 91}",-1,-1,{},8866,127,"{'rz': 100, 'sx': 100, 'ecr': 109, 'x': 70, 'measure': 91}",9600,127,"{'rz': 92, 'sx': 92, 'ecr': 100, 'x': 65, 'measure': 91}",-1,-1,{},-1,-1,{},-1,-1,{},-1,-1,{},-1,-1,{},-1,-1,{},-1,-1,{},-1,-1,{},-1,-1,{},10070,127,"{'rz': 97, 'sx': 97, 'ecr': 106, 'x': 69, 'measure': 91}",-1,-1,{},-1,-1,{},-1,-1,{},-1,-1,{},-1,-1,{},-1,-1,{},-1,-1,{},8462,127,"{'rz': 95, 'sx': 95, 'ecr': 102, 'x': 69, 'measure': 91}",-1,-1,{},-1,-1,{},-1,-1,{},-1,-1,{},12035,127,"{'rz': 94, 'sx': 94, 'ecr': 104, 'x': 71, 'measure': 91}",-1,-1,{},-1,-1,{},7183,133,"{'rz': 93, 'sx': 95, 'cz': 184, 'x': 29, 'measure': 91}",-1,-1,{},-1,-1,{},-1,-1,{},3941,127,"{'rz': 94, 'sx': 93, 'cx': 206, 'x': 60, 'measure': 91}",-1,-1,{}
7,500,qpeinexact,114,341,"{'cp': 6441, 'h': 226, 'measure': 113, 'swap': 56, 'x': 1, 'barrier': 1}",-1,-1,{},-1,-1,{},-1,-1,{},-1,-1,{},-1,-1,{},-1,-1,{},-1,-1,{},-1,-1,{},13086,127,"{'rz': 119, 'sx': 119, 'ecr': 131, 'x': 85, 'measure': 113}",-1,-1,{},-1,-1,{},-1,-1,{},-1,-1,{},-1,-1,{},14079,127,"{'rz': 117, 'sx': 117, 'ecr': 127, 'x': 81, 'measure': 113}",-1,-1,{},-1,-1,{},-1,-1,{},-1,-1,{},-1,-1,{},-1,-1,{},-1,-1,{},15187,127,"{'rz': 116, 'sx': 116, 'ecr': 129, 'x': 83, 'measure': 113}",-1,-1,{},11512,127,"{'rz': 118, 'sx': 118, 'x': 80, 'ecr': 131, 'measure': 113}",10837,127,"{'rz': 116, 'sx': 116, 'ecr': 126, 'x': 88, 'measure': 113}",-1,-1,{},-1,-1,{},-1,-1,{},-1,-1,{},-1,-1,{},-1,-1,{},-1,-1,{},-1,-1,{},-1,-1,{},10593,127,"{'rz': 116, 'sx': 116, 'ecr': 130, 'x': 87, 'measure': 113}",-1,-1,{},-1,-1,{},-1,-1,{},-1,-1,{},-1,-1,{},-1,-1,{},-1,-1,{},14230,127,"{'rz': 116, 'sx': 116, 'ecr': 129, 'x': 85, 'measure': 113}",-1,-1,{},-1,-1,{},-1,-1,{},-1,-1,{},11425,127,"{'rz': 117, 'sx': 117, 'ecr': 129, 'x': 82, 'measure': 113}",-1,-1,{},-1,-1,{},8214,133,"{'rz': 115, 'sx': 116, 'cz': 218, 'x': 38, 'measure': 113}",-1,-1,{},-1,-1,{},-1,-1,{},5069,127,"{'rz': 114, 'sx': 114, 'cx': 252, 'x': 63, 'measure': 113}",-1,-1,{}
7,69,ae,86,510,"{'cp': 3570, 'cx': 170, 'u': 86, 'measure': 86, 'u2': 85, 'u3': 85, 'h': 85, 'barrier': 1}",-1,-1,{},-1,-1,{},-1,-1,{},-1,-1,{},-1,-1,{},-1,-1,{},-1,-1,{},-1,-1,{},9303,127,"{'rz': 86, 'sx': 86, 'ecr': 95, 'x': 66, 'measure': 86}",-1,-1,{},-1,-1,{},-1,-1,{},-1,-1,{},-1,-1,{},8503,127,"{'rz': 86, 'sx': 86, 'ecr': 92, 'x': 67, 'measure': 86}",-1,-1,{},-1,-1,{},-1,-1,{},-1,-1,{},-1,-1,{},-1,-1,{},-1,-1,{},9088,127,"{'rz': 88, 'sx': 88, 'ecr': 96, 'x': 69, 'measure': 86}",-1,-1,{},7859,127,"{'rz': 88, 'sx': 88, 'ecr': 94, 'x': 60, 'measure': 86}",8964,127,"{'rz': 90, 'sx': 90, 'ecr': 100, 'x': 74, 'measure': 86}",-1,-1,{},-1,-1,{},-1,-1,{},-1,-1,{},-1,-1,{},-1,-1,{},-1,-1,{},-1,-1,{},-1,-1,{},9491,127,"{'rz': 86, 'sx': 86, 'ecr': 94, 'x': 64, 'measure': 86}",-1,-1,{},-1,-1,{},-1,-1,{},-1,-1,{},-1,-1,{},-1,-1,{},-1,-1,{},10420,127,"{'rz': 90, 'sx': 90, 'ecr': 101, 'x': 67, 'measure': 86}",-1,-1,{},-1,-1,{},-1,-1,{},-1,-1,{},7509,127,"{'rz': 89, 'sx': 89, 'ecr': 98, 'x': 65, 'measure': 86}",-1,-1,{},-1,-1,{},7423,133,"{'rz': 86, 'sx': 86, 'cz': 165, 'x': 38, 'measure': 86}",-1,-1,{},-1,-1,{},-1,-1,{},4097,127,"{'rz': 88, 'sx': 88, 'cx': 192, 'x': 59, 'measure': 86}",-1,-1,{}
7,415,dj,124,126,"{'h': 136, 'cx': 123, 'measure': 123, 'u2': 111, 'barrier': 1}",-1,-1,{},-1,-1,{},-1,-1,{},-1,-1,{},-1,-1,{},-1,-1,{},-1,-1,{},-1,-1,{},1701,127,"{'rz': 124, 'sx': 124, 'ecr': 124, 'x': 48, 'measure': 123}",-1,-1,{},-1,-1,{},-1,-1,{},-1,-1,{},-1,-1,{},1871,127,"{'rz': 125, 'sx': 125, 'ecr': 126, 'x': 48, 'measure': 123}",-1,-1,{},-1,-1,{},-1,-1,{},-1,-1,{},-1,-1,{},-1,-1,{},-1,-1,{},1770,127,"{'rz': 125, 'sx': 125, 'ecr': 128, 'x': 40, 'measure': 123}",-1,-1,{},1993,127,"{'rz': 124, 'sx': 124, 'ecr': 129, 'x': 43, 'measure': 123}",1804,127,"{'rz': 124, 'sx': 124, 'ecr': 128, 'x': 50, 'measure': 123}",-1,-1,{},-1,-1,{},-1,-1,{},-1,-1,{},-1,-1,{},-1,-1,{},-1,-1,{},-1,-1,{},-1,-1,{},1824,127,"{'rz': 125, 'sx': 125, 'ecr': 127, 'x': 44, 'measure': 123}",-1,-1,{},-1,-1,{},-1,-1,{},-1,-1,{},-1,-1,{},-1,-1,{},-1,-1,{},1802,127,"{'rz': 124, 'sx': 124, 'x': 39, 'ecr': 126, 'measure': 123}",-1,-1,{},-1,-1,{},-1,-1,{},-1,-1,{},1827,127,"{'rz': 124, 'sx': 124, 'ecr': 128, 'x': 43, 'measure': 123}",-1,-1,{},-1,-1,{},1035,133,"{'rz': 124, 'sx': 124, 'x': 8, 'cz': 143, 'measure': 123}",-1,-1,{},-1,-1,{},-1,-1,{},823,127,"{'rz': 124, 'sx': 124, 'cx': 228, 'x': 19, 'measure': 123}",-1,-1,{}
7,63,ae,80,474,"{'cp': 3081, 'cx': 158, 'u': 80, 'measure': 80, 'u2': 79, 'u3': 79, 'h': 79, 'barrier': 1}",-1,-1,{},-1,-1,{},-1,-1,{},-1,-1,{},-1,-1,{},-1,-1,{},-1,-1,{},-1,-1,{},8680,127,"{'rz': 82, 'sx': 82, 'ecr': 88, 'x': 59, 'measure': 80}",-1,-1,{},-1,-1,{},-1,-1,{},-1,-1,{},-1,-1,{},8367,127,"{'rz': 82, 'sx': 82, 'ecr': 87, 'x': 60, 'measure': 80}",-1,-1,{},-1,-1,{},-1,-1,{},-1,-1,{},-1,-1,{},-1,-1,{},-1,-1,{},8629,127,"{'rz': 83, 'sx': 83, 'ecr': 88, 'x': 59, 'measure': 80}",-1,-1,{},7012,127,"{'rz': 83, 'sx': 83, 'ecr': 92, 'x': 65, 'measure': 80}",8315,127,"{'rz': 89, 'sx': 89, 'ecr': 97, 'x': 66, 'measure': 80}",-1,-1,{},-1,-1,{},-1,-1,{},-1,-1,{},-1,-1,{},-1,-1,{},-1,-1,{},-1,-1,{},-1,-1,{},8275,127,"{'rz': 85, 'sx': 85, 'ecr': 94, 'x': 62, 'measure': 80}",-1,-1,{},-1,-1,{},-1,-1,{},-1,-1,{},-1,-1,{},-1,-1,{},-1,-1,{},7471,127,"{'rz': 89, 'sx': 89, 'ecr': 96, 'x': 65, 'measure': 80}",-1,-1,{},-1,-1,{},-1,-1,{},-1,-1,{},7639,127,"{'rz': 82, 'sx': 82, 'ecr': 90, 'x': 63, 'measure': 80}",-1,-1,{},-1,-1,{},7639,133,"{'rz': 81, 'sx': 84, 'cz': 158, 'x': 37, 'measure': 80}",-1,-1,{},-1,-1,{},-1,-1,{},3722,127,"{'rz': 84, 'sx': 84, 'cx': 185, 'x': 54, 'measure': 80}",-1,-1,{}
7,355,qftentangled,58,119,"{'cp': 1653, 'h': 59, 'measure': 58, 'cx': 57, 'swap': 29, 'barrier': 1}",-1,-1,{},-1,-1,{},-1,-1,{},-1,-1,{},-1,-1,{},-1,-1,{},-1,-1,{},-1,-1,{},4863,127,"{'rz': 62, 'sx': 62, 'ecr': 67, 'x': 45, 'measure': 58}",1536,65,"{'x': 32, 'rz': 51, 'sx': 46, 'cx': 132, 'measure': 58}",-1,-1,{},-1,-1,{},-1,-1,{},-1,-1,{},5178,127,"{'rz': 60, 'sx': 60, 'ecr': 63, 'x': 47, 'measure': 58}",-1,-1,{},-1,-1,{},-1,-1,{},-1,-1,{},-1,-1,{},-1,-1,{},-1,-1,{},5332,127,"{'rz': 60, 'sx': 60, 'ecr': 64, 'x': 45, 'measure': 58}",-1,-1,{},4622,127,"{'rz': 61, 'sx': 61, 'ecr': 66, 'x': 41, 'measure': 58}",5986,127,"{'rz': 70, 'sx': 70, 'ecr': 76, 'x': 52, 'measure': 58}",-1,-1,{},-1,-1,{},-1,-1,{},1833,65,"{'x': 33, 'rz': 60, 'sx': 51, 'cx': 136, 'measure': 58}",-1,-1,{},-1,-1,{},-1,-1,{},-1,-1,{},-1,-1,{},4304,127,"{'rz': 61, 'sx': 61, 'ecr': 67, 'x': 48, 'measure': 58}",-1,-1,{},-1,-1,{},-1,-1,{},-1,-1,{},-1,-1,{},-1,-1,{},-1,-1,{},4992,127,"{'rz': 58, 'sx': 58, 'ecr': 63, 'x': 46, 'measure': 58}",-1,-1,{},-1,-1,{},-1,-1,{},-1,-1,{},5763,127,"{'rz': 65, 'sx': 65, 'ecr': 70, 'x': 46, 'measure': 58}",-1,-1,{},-1,-1,{},4326,133,"{'sx': 64, 'rz': 57, 'cz': 125, 'x': 11, 'measure': 58}",-1,-1,{},-1,-1,{},-1,-1,{},2129,127,"{'rz': 53, 'cx': 138, 'x': 38, 'sx': 48, 'measure': 58}",-1,-1,{}
7,288,qwalk-v-chain,23,740,"{'rccx': 660, 'x': 70, 'ccx': 66, 'measure': 23, 'cx': 6, 'u2': 2, 'h': 1, 'barrier': 1}",9415,27,"{'rz': 23, 'sx': 23, 'cx': 48, 'x': 22, 'measure': 23}",-1,-1,{},-1,-1,{},-1,-1,{},9515,27,"{'rz': 23, 'sx': 23, 'cx': 48, 'x': 21, 'measure': 23}",-1,-1,{},-1,-1,{},-1,-1,{},25175,127,"{'rz': 23, 'sx': 23, 'x': 21, 'ecr': 24, 'measure': 23}",9452,65,"{'rz': 23, 'sx': 23, 'cx': 48, 'x': 19, 'measure': 23}",-1,-1,{},-1,-1,{},7922,28,"{'u2': 23, 'cx': 48, 'u1': 23, 'u3': 22, 'measure': 23}",-1,-1,{},24145,127,"{'rz': 23, 'sx': 23, 'x': 21, 'ecr': 24, 'measure': 23}",-1,-1,{},-1,-1,{},9404,27,"{'rz': 23, 'sx': 23, 'cx': 48, 'x': 18, 'measure': 23}",-1,-1,{},9484,27,"{'rz': 23, 'sx': 23, 'cx': 48, 'x': 19, 'measure': 23}",-1,-1,{},-1,-1,{},25283,127,"{'rz': 23, 'sx': 23, 'x': 22, 'ecr': 24, 'measure': 23}",9537,27,"{'rz': 23, 'sx': 23, 'cx': 48, 'x': 20, 'measure': 23}",25504,127,"{'rz': 23, 'sx': 23, 'x': 22, 'ecr': 24, 'measure': 23}",24896,127,"{'rz': 23, 'sx': 23, 'x': 20, 'ecr': 24, 'measure': 23}",-1,-1,{},-1,-1,{},-1,-1,{},9507,65,"{'rz': 23, 'sx': 23, 'cx': 48, 'x': 20, 'measure': 23}",-1,-1,{},-1,-1,{},9716,27,"{'rz': 23, 'sx': 23, 'cx': 48, 'x': 18, 'measure': 23}",9440,27,"{'rz': 23, 'sx': 23, 'cx': 48, 'x': 18, 'measure': 23}",-1,-1,{},24826,127,"{'rz': 23, 'sx': 23, 'ecr': 24, 'x': 20, 'measure': 23}",-1,-1,{},-1,-1,{},9424,27,"{'rz': 23, 'sx': 23, 'cx': 48, 'x': 18, 'measure': 23}",24994,27,"{'rz': 23, 'sx': 23, 'x': 23, 'ecr': 24, 'measure': 23}",-1,-1,{},15303,33,"{'rz': 23, 'sx': 23, 'cz': 48, 'x': 9, 'measure': 23}",-1,-1,{},25405,127,"{'x': 19, 'rz': 23, 'sx': 23, 'ecr': 24, 'measure': 23}",-1,-1,{},7757,53,"{'u2': 23, 'cx': 48, 'u1': 23, 'u3': 23, 'measure': 23}",-1,-1,{},-1,-1,{},24888,127,"{'rz': 23, 'sx': 23, 'x': 19, 'ecr': 24, 'measure': 23}",-1,-1,{},9411,27,"{'rz': 23, 'sx': 23, 'cx': 48, 'x': 19, 'measure': 23}",15239,133,"{'rz': 23, 'sx': 23, 'cz': 48, 'x': 9, 'measure': 23}",9436,27,"{'rz': 23, 'sx': 23, 'cx': 48, 'x': 17, 'measure': 23}",-1,-1,{},-1,-1,{},9591,127,"{'rz': 23, 'sx': 23, 'cx': 48, 'x': 18, 'measure': 23}",-1,-1,{}
7,161,dj,102,104,"{'h': 110, 'cx': 101, 'measure': 101, 'u2': 93, 'barrier': 1}",-1,-1,{},-1,-1,{},-1,-1,{},-1,-1,{},-1,-1,{},-1,-1,{},-1,-1,{},-1,-1,{},1453,127,"{'rz': 102, 'sx': 102, 'ecr': 102, 'x': 35, 'measure': 101}",-1,-1,{},-1,-1,{},-1,-1,{},-1,-1,{},-1,-1,{},1649,127,"{'rz': 104, 'sx': 104, 'ecr': 108, 'x': 34, 'measure': 101}",-1,-1,{},-1,-1,{},-1,-1,{},-1,-1,{},-1,-1,{},-1,-1,{},-1,-1,{},1473,127,"{'rz': 102, 'sx': 102, 'ecr': 105, 'x': 30, 'measure': 101}",-1,-1,{},1348,127,"{'rz': 102, 'sx': 102, 'ecr': 102, 'x': 37, 'measure': 101}",1508,127,"{'rz': 105, 'sx': 105, 'ecr': 109, 'x': 40, 'measure': 101}",-1,-1,{},-1,-1,{},-1,-1,{},-1,-1,{},-1,-1,{},-1,-1,{},-1,-1,{},-1,-1,{},-1,-1,{},1438,127,"{'rz': 102, 'sx': 102, 'ecr': 104, 'x': 36, 'measure': 101}",-1,-1,{},-1,-1,{},-1,-1,{},-1,-1,{},-1,-1,{},-1,-1,{},-1,-1,{},1555,127,"{'rz': 102, 'sx': 102, 'ecr': 104, 'x': 35, 'measure': 101}",-1,-1,{},-1,-1,{},-1,-1,{},-1,-1,{},1472,127,"{'rz': 103, 'sx': 103, 'ecr': 104, 'x': 36, 'measure': 101}",-1,-1,{},-1,-1,{},808,133,"{'x': 4, 'rz': 103, 'sx': 103, 'cz': 125, 'measure': 101}",-1,-1,{},-1,-1,{},-1,-1,{},691,127,"{'rz': 102, 'sx': 102, 'cx': 186, 'x': 13, 'measure': 101}",-1,-1,{}
7,616,qpeinexact,124,371,"{'cp': 7626, 'h': 246, 'measure': 123, 'swap': 61, 'x': 1, 'barrier': 1}",-1,-1,{},-1,-1,{},-1,-1,{},-1,-1,{},-1,-1,{},-1,-1,{},-1,-1,{},-1,-1,{},11988,127,"{'rz': 127, 'sx': 127, 'ecr': 142, 'x': 97, 'measure': 123}",-1,-1,{},-1,-1,{},-1,-1,{},-1,-1,{},-1,-1,{},14790,127,"{'rz': 126, 'sx': 126, 'ecr': 136, 'x': 95, 'measure': 123}",-1,-1,{},-1,-1,{},-1,-1,{},-1,-1,{},-1,-1,{},-1,-1,{},-1,-1,{},12114,127,"{'rz': 126, 'sx': 126, 'ecr': 141, 'x': 89, 'measure': 123}",-1,-1,{},12864,127,"{'rz': 126, 'sx': 126, 'ecr': 140, 'x': 91, 'measure': 123}",14123,127,"{'rz': 126, 'sx': 126, 'ecr': 138, 'x': 95, 'measure': 123}",-1,-1,{},-1,-1,{},-1,-1,{},-1,-1,{},-1,-1,{},-1,-1,{},-1,-1,{},-1,-1,{},-1,-1,{},12224,127,"{'rz': 127, 'sx': 127, 'ecr': 141, 'x': 88, 'measure': 123}",-1,-1,{},-1,-1,{},-1,-1,{},-1,-1,{},-1,-1,{},-1,-1,{},-1,-1,{},12256,127,"{'rz': 124, 'sx': 124, 'ecr': 139, 'x': 87, 'measure': 123}",-1,-1,{},-1,-1,{},-1,-1,{},-1,-1,{},11499,127,"{'rz': 125, 'sx': 125, 'ecr': 139, 'x': 93, 'measure': 123}",-1,-1,{},-1,-1,{},9498,133,"{'sx': 127, 'rz': 125, 'cz': 246, 'x': 43, 'measure': 123}",-1,-1,{},-1,-1,{},-1,-1,{},4705,127,"{'rz': 125, 'sx': 124, 'cx': 275, 'x': 61, 'measure': 123}",-1,-1,{}
7,773,dj,4,6,"{'u2': 5, 'cx': 3, 'measure': 3, 'h': 2, 'barrier': 1}",22,27,"{'rz': 4, 'sx': 4, 'cx': 3, 'measure': 3}",6,20,"{'u2': 4, 'cx': 3, 'measure': 3}",-1,-1,{},20,5,"{'rz': 4, 'sx': 4, 'cx': 4, 'measure': 3}",22,27,"{'rz': 4, 'sx': 4, 'cx': 3, 'measure': 3}",17,5,"{'rz': 4, 'sx': 4, 'cx': 3, 'measure': 3}",6,20,"{'u2': 4, 'cx': 3, 'measure': 3}",19,5,"{'rz': 4, 'sx': 4, 'cx': 4, 'measure': 3}",20,127,"{'rz': 4, 'sx': 4, 'ecr': 3, 'measure': 3}",20,65,"{'rz': 4, 'sx': 4, 'cx': 3, 'measure': 3}",6,5,"{'u2': 4, 'cx': 3, 'measure': 3}",20,27,"{'rz': 4, 'sx': 4, 'ecr': 2, 'cx': 1, 'measure': 3}",6,28,"{'u2': 4, 'cx': 3, 'measure': 3}",20,7,"{'rz': 4, 'sx': 4, 'cx': 3, 'measure': 3}",18,127,"{'rz': 4, 'sx': 4, 'x': 1, 'ecr': 3, 'measure': 3}",6,5,"{'u2': 4, 'cx': 3, 'measure': 3}",13,5,"{'rz': 4, 'rx': 4, 'sx': 2, 'cx': 3, 'measure': 3}",22,27,"{'rz': 4, 'sx': 4, 'cx': 3, 'measure': 3}",17,16,"{'rz': 4, 'sx': 4, 'cx': 3, 'measure': 3}",17,27,"{'rz': 4, 'sx': 4, 'cx': 3, 'measure': 3}",22,7,"{'rz': 4, 'sx': 4, 'cx': 3, 'measure': 3}",6,20,"{'u2': 4, 'cx': 3, 'measure': 3}",20,127,"{'rz': 4, 'sx': 4, 'x': 1, 'ecr': 3, 'measure': 3}",22,27,"{'rz': 4, 'sx': 4, 'cx': 3, 'measure': 3}",14,127,"{'rz': 4, 'sx': 4, 'ecr': 3, 'measure': 3}",20,127,"{'rz': 4, 'sx': 4, 'ecr': 3, 'measure': 3}",17,7,"{'rz': 4, 'sx': 4, 'cx': 3, 'measure': 3}",22,5,"{'rz': 4, 'sx': 4, 'cx': 3, 'measure': 3}",6,5,"{'u2': 4, 'cx': 3, 'measure': 3}",22,65,"{'rz': 4, 'sx': 4, 'cx': 3, 'measure': 3}",23,5,"{'rz': 4, 'sx': 4, 'cx': 4, 'measure': 3}",17,15,"{'rz': 4, 'sx': 4, 'cx': 3, 'measure': 3}",22,27,"{'rz': 4, 'sx': 4, 'cx': 3, 'measure': 3}",17,27,"{'rz': 4, 'sx': 4, 'cx': 3, 'measure': 3}",20,7,"{'rz': 4, 'sx': 4, 'cx': 3, 'measure': 3}",14,127,"{'rz': 4, 'sx': 4, 'ecr': 3, 'measure': 3}",22,7,"{'rz': 4, 'sx': 4, 'cx': 3, 'measure': 3}",14,5,"{'rz': 4, 'sx': 4, 'cx': 3, 'measure': 3}",22,27,"{'rz': 4, 'sx': 4, 'cx': 3, 'measure': 3}",16,27,"{'rz': 4, 'sx': 4, 'ecr': 3, 'measure': 3}",22,7,"{'rz': 4, 'sx': 4, 'cx': 3, 'measure': 3}",10,33,"{'rz': 4, 'sx': 4, 'x': 1, 'cz': 3, 'measure': 3}",6,20,"{'u2': 4, 'cx': 3, 'measure': 3}",17,127,"{'rz': 4, 'sx': 4, 'ecr': 3, 'x': 1, 'measure': 3}",17,5,"{'rz': 4, 'sx': 4, 'cx': 3, 'measure': 3}",6,53,"{'u2': 4, 'cx': 3, 'measure': 3}",18,5,"{'rz': 4, 'sx': 4, 'cx': 4, 'measure': 3}",20,5,"{'rz': 4, 'sx': 4, 'cx': 3, 'x': 1, 'measure': 3}",16,127,"{'rz': 4, 'sx': 4, 'ecr': 3, 'measure': 3}",6,20,"{'u2': 4, 'cx': 3, 'measure': 3}",14,27,"{'rz': 4, 'sx': 4, 'cx': 3, 'measure': 3}",10,133,"{'rz': 4, 'sx': 4, 'x': 1, 'cz': 3, 'measure': 3}",22,27,"{'rz': 4, 'sx': 4, 'cx': 3, 'measure': 3}",20,5,"{'rz': 4, 'sx': 4, 'cx': 3, 'measure': 3}",20,5,"{'rz': 4, 'sx': 4, 'cx': 3, 'measure': 3}",20,127,"{'rz': 4, 'sx': 4, 'cx': 3, 'measure': 3}",22,5,"{'rz': 4, 'sx': 4, 'cx': 3, 'measure': 3}"
8,602,qnn,75,745,"{'cx': 11174, 'p': 5550, 'u2': 150, 'ry': 150, 'measure': 75, 'barrier': 1}",-1,-1,{},-1,-1,{},-1,-1,{},-1,-1,{},-1,-1,{},-1,-1,{},-1,-1,{},-1,-1,{},14038,127,"{'rz': 79, 'sx': 79, 'ecr': 85, 'x': 79, 'measure': 75}",-1,-1,{},-1,-1,{},-1,-1,{},-1,-1,{},-1,-1,{},9984,127,"{'rz': 77, 'sx': 77, 'ecr': 80, 'x': 77, 'measure': 75}",-1,-1,{},-1,-1,{},-1,-1,{},-1,-1,{},-1,-1,{},-1,-1,{},-1,-1,{},10064,127,"{'rz': 84, 'sx': 84, 'ecr': 88, 'x': 83, 'measure': 75}",-1,-1,{},13846,127,"{'rz': 75, 'sx': 75, 'ecr': 80, 'x': 75, 'measure': 75}",11891,127,"{'rz': 83, 'sx': 83, 'ecr': 88, 'x': 81, 'measure': 75}",-1,-1,{},-1,-1,{},-1,-1,{},-1,-1,{},-1,-1,{},-1,-1,{},-1,-1,{},-1,-1,{},-1,-1,{},11688,127,"{'rz': 77, 'sx': 77, 'ecr': 83, 'x': 77, 'measure': 75}",-1,-1,{},-1,-1,{},-1,-1,{},-1,-1,{},-1,-1,{},-1,-1,{},-1,-1,{},11515,127,"{'rz': 77, 'sx': 77, 'ecr': 80, 'x': 77, 'measure': 75}",-1,-1,{},-1,-1,{},-1,-1,{},-1,-1,{},13630,127,"{'rz': 76, 'sx': 76, 'ecr': 83, 'x': 75, 'measure': 75}",-1,-1,{},-1,-1,{},8979,133,"{'rz': 80, 'sx': 85, 'cz': 178, 'x': 42, 'measure': 75}",-1,-1,{},-1,-1,{},-1,-1,{},3286,127,"{'sx': 78, 'rz': 78, 'cx': 166, 'x': 74, 'measure': 75}",-1,-1,{}
8,663,graphstate,4,5,"{'h': 4, 'cz': 4, 'measure': 4, 'barrier': 1}",20,27,"{'rz': 4, 'sx': 4, 'cx': 5, 'measure': 4}",12,20,"{'u2': 4, 'cx': 5, 'measure': 4}",-1,-1,{},23,5,"{'rz': 4, 'sx': 4, 'cx': 5, 'measure': 4}",20,27,"{'rz': 4, 'sx': 4, 'cx': 5, 'measure': 4}",20,5,"{'rz': 4, 'sx': 4, 'cx': 5, 'measure': 4}",12,20,"{'u2': 4, 'cx': 5, 'measure': 4}",28,5,"{'rz': 4, 'sx': 4, 'cx': 5, 'measure': 4}",37,127,"{'rz': 4, 'sx': 4, 'ecr': 3, 'x': 2, 'measure': 4}",20,65,"{'rz': 4, 'sx': 4, 'cx': 5, 'measure': 4}",12,5,"{'u2': 4, 'cx': 5, 'measure': 4}",33,27,"{'rz': 4, 'sx': 4, 'cx': 1, 'ecr': 2, 'x': 2, 'measure': 4}",12,28,"{'u2': 4, 'cx': 5, 'measure': 4}",20,7,"{'rz': 4, 'sx': 4, 'cx': 5, 'measure': 4}",22,127,"{'rz': 4, 'sx': 4, 'ecr': 3, 'x': 2, 'measure': 4}",12,5,"{'u2': 4, 'cx': 5, 'measure': 4}",20,5,"{'rz': 4, 'rx': 4, 'cx': 5, 'measure': 4}",20,27,"{'rz': 4, 'sx': 4, 'cx': 5, 'measure': 4}",20,16,"{'rz': 4, 'sx': 4, 'cx': 5, 'measure': 4}",20,27,"{'rz': 4, 'sx': 4, 'cx': 5, 'measure': 4}",20,7,"{'rz': 4, 'sx': 4, 'cx': 5, 'measure': 4}",12,20,"{'u2': 4, 'cx': 5, 'measure': 4}",32,127,"{'rz': 4, 'sx': 4, 'ecr': 3, 'x': 2, 'measure': 4}",20,27,"{'rz': 4, 'sx': 4, 'cx': 5, 'measure': 4}",33,127,"{'rz': 4, 'sx': 4, 'ecr': 3, 'x': 2, 'measure': 4}",39,127,"{'rz': 4, 'sx': 4, 'ecr': 3, 'x': 1, 'measure': 4}",20,7,"{'rz': 4, 'sx': 4, 'cx': 5, 'measure': 4}",20,5,"{'rz': 4, 'sx': 4, 'cx': 5, 'measure': 4}",12,5,"{'u2': 4, 'cx': 5, 'measure': 4}",20,65,"{'rz': 4, 'sx': 4, 'cx': 5, 'measure': 4}",23,5,"{'rz': 4, 'sx': 4, 'cx': 5, 'measure': 4}",16,15,"{'rz': 4, 'sx': 4, 'cx': 4, 'measure': 4}",20,27,"{'rz': 4, 'sx': 4, 'cx': 5, 'measure': 4}",20,27,"{'rz': 4, 'sx': 4, 'cx': 5, 'measure': 4}",20,7,"{'rz': 4, 'sx': 4, 'cx': 5, 'measure': 4}",38,127,"{'rz': 4, 'sx': 4, 'ecr': 3, 'x': 2, 'measure': 4}",20,7,"{'rz': 4, 'sx': 4, 'cx': 5, 'measure': 4}",20,5,"{'rz': 4, 'sx': 4, 'cx': 5, 'measure': 4}",20,27,"{'rz': 4, 'sx': 4, 'cx': 5, 'measure': 4}",33,27,"{'rz': 4, 'sx': 4, 'ecr': 3, 'x': 1, 'measure': 4}",20,7,"{'rz': 4, 'sx': 4, 'cx': 5, 'measure': 4}",14,33,"{'rz': 4, 'sx': 4, 'cz': 4, 'measure': 4}",12,20,"{'u2': 4, 'cx': 5, 'measure': 4}",35,127,"{'rz': 4, 'sx': 4, 'ecr': 3, 'x': 1, 'measure': 4}",20,5,"{'rz': 4, 'sx': 4, 'cx': 5, 'measure': 4}",12,53,"{'u2': 4, 'cx': 5, 'measure': 4}",28,5,"{'rz': 4, 'sx': 4, 'cx': 5, 'measure': 4}",23,5,"{'rz': 4, 'sx': 4, 'cx': 5, 'measure': 4}",34,127,"{'rz': 4, 'sx': 4, 'ecr': 3, 'measure': 4}",12,20,"{'u2': 4, 'cx': 5, 'measure': 4}",20,27,"{'rz': 4, 'sx': 4, 'cx': 5, 'measure': 4}",14,133,"{'rz': 4, 'sx': 4, 'cz': 4, 'measure': 4}",20,27,"{'rz': 4, 'sx': 4, 'cx': 5, 'measure': 4}",20,5,"{'rz': 4, 'sx': 4, 'cx': 5, 'measure': 4}",20,5,"{'rz': 4, 'sx': 4, 'cx': 5, 'measure': 4}",20,127,"{'rz': 4, 'sx': 4, 'cx': 5, 'measure': 4}",17,5,"{'rz': 4, 'sx': 4, 'cx': 5, 'measure': 4}"
8,549,graphstate,45,9,"{'h': 45, 'cz': 45, 'measure': 45, 'barrier': 1}",-1,-1,{},-1,-1,{},-1,-1,{},-1,-1,{},-1,-1,{},-1,-1,{},-1,-1,{},-1,-1,{},148,127,"{'rz': 48, 'sx': 48, 'ecr': 50, 'x': 25, 'measure': 45}",57,65,"{'rz': 48, 'sx': 48, 'cx': 82, 'x': 2, 'measure': 45}",-1,-1,{},-1,-1,{},-1,-1,{},-1,-1,{},140,127,"{'rz': 49, 'sx': 49, 'ecr': 51, 'x': 23, 'measure': 45}",-1,-1,{},-1,-1,{},-1,-1,{},-1,-1,{},-1,-1,{},-1,-1,{},-1,-1,{},166,127,"{'rz': 49, 'sx': 49, 'ecr': 53, 'x': 25, 'measure': 45}",-1,-1,{},150,127,"{'rz': 54, 'sx': 54, 'ecr': 55, 'x': 21, 'measure': 45}",109,127,"{'rz': 52, 'sx': 52, 'ecr': 54, 'x': 24, 'measure': 45}",-1,-1,{},-1,-1,{},-1,-1,{},49,65,"{'x': 1, 'rz': 46, 'sx': 46, 'cx': 74, 'measure': 45}",-1,-1,{},-1,-1,{},-1,-1,{},-1,-1,{},-1,-1,{},82,127,"{'rz': 60, 'sx': 60, 'ecr': 61, 'x': 24, 'measure': 45}",-1,-1,{},-1,-1,{},-1,-1,{},-1,-1,{},-1,-1,{},-1,-1,{},-1,-1,{},124,127,"{'rz': 52, 'sx': 52, 'ecr': 54, 'x': 23, 'measure': 45}",-1,-1,{},32,53,"{'u2': 47, 'cx': 78, 'u1': 2, 'u3': 2, 'measure': 45}",-1,-1,{},-1,-1,{},158,127,"{'rz': 52, 'sx': 52, 'ecr': 56, 'x': 27, 'measure': 45}",-1,-1,{},-1,-1,{},51,133,"{'rz': 45, 'sx': 58, 'cz': 67, 'measure': 45}",-1,-1,{},-1,-1,{},-1,-1,{},47,127,"{'rz': 46, 'sx': 46, 'cx': 83, 'measure': 45}",-1,-1,{}
8,306,ghz,121,122,"{'measure': 121, 'cx': 120, 'h': 1, 'barrier': 1}",-1,-1,{},-1,-1,{},-1,-1,{},-1,-1,{},-1,-1,{},-1,-1,{},-1,-1,{},-1,-1,{},2043,127,"{'rz': 123, 'sx': 123, 'ecr': 130, 'x': 65, 'measure': 121}",-1,-1,{},-1,-1,{},-1,-1,{},-1,-1,{},-1,-1,{},2109,127,"{'rz': 123, 'sx': 123, 'ecr': 130, 'x': 61, 'measure': 121}",-1,-1,{},-1,-1,{},-1,-1,{},-1,-1,{},-1,-1,{},-1,-1,{},-1,-1,{},1982,127,"{'rz': 123, 'sx': 123, 'ecr': 128, 'x': 58, 'measure': 121}",-1,-1,{},2206,127,"{'rz': 123, 'sx': 123, 'ecr': 128, 'x': 69, 'measure': 121}",2424,127,"{'rz': 123, 'sx': 123, 'ecr': 129, 'x': 68, 'measure': 121}",-1,-1,{},-1,-1,{},-1,-1,{},-1,-1,{},-1,-1,{},-1,-1,{},-1,-1,{},-1,-1,{},-1,-1,{},2290,127,"{'rz': 123, 'sx': 123, 'ecr': 127, 'x': 62, 'measure': 121}",-1,-1,{},-1,-1,{},-1,-1,{},-1,-1,{},-1,-1,{},-1,-1,{},-1,-1,{},2306,127,"{'rz': 123, 'sx': 123, 'ecr': 126, 'x': 66, 'measure': 121}",-1,-1,{},-1,-1,{},-1,-1,{},-1,-1,{},1945,127,"{'rz': 122, 'sx': 122, 'ecr': 126, 'x': 51, 'measure': 121}",-1,-1,{},-1,-1,{},1151,133,"{'rz': 99, 'sx': 122, 'cz': 197, 'x': 4, 'measure': 121}",-1,-1,{},-1,-1,{},-1,-1,{},726,127,"{'x': 6, 'rz': 38, 'cx': 213, 'sx': 38, 'measure': 121}",-1,-1,{}
8,488,qpeexact,127,380,"{'cp': 8001, 'h': 252, 'measure': 126, 'swap': 63, 'x': 1, 'barrier': 1}",-1,-1,{},-1,-1,{},-1,-1,{},-1,-1,{},-1,-1,{},-1,-1,{},-1,-1,{},-1,-1,{},16277,127,"{'rz': 127, 'sx': 127, 'ecr': 141, 'x': 90, 'measure': 126}",-1,-1,{},-1,-1,{},-1,-1,{},-1,-1,{},-1,-1,{},15213,127,"{'rz': 127, 'sx': 127, 'ecr': 141, 'x': 105, 'measure': 126}",-1,-1,{},-1,-1,{},-1,-1,{},-1,-1,{},-1,-1,{},-1,-1,{},-1,-1,{},13939,127,"{'rz': 127, 'sx': 127, 'ecr': 143, 'x': 92, 'measure': 126}",-1,-1,{},13687,127,"{'rz': 127, 'sx': 127, 'ecr': 139, 'x': 84, 'measure': 126}",12435,127,"{'rz': 127, 'sx': 127, 'ecr': 142, 'x': 101, 'measure': 126}",-1,-1,{},-1,-1,{},-1,-1,{},-1,-1,{},-1,-1,{},-1,-1,{},-1,-1,{},-1,-1,{},-1,-1,{},12606,127,"{'rz': 127, 'sx': 127, 'ecr': 141, 'x': 90, 'measure': 126}",-1,-1,{},-1,-1,{},-1,-1,{},-1,-1,{},-1,-1,{},-1,-1,{},-1,-1,{},14359,127,"{'rz': 127, 'sx': 127, 'ecr': 143, 'x': 93, 'measure': 126}",-1,-1,{},-1,-1,{},-1,-1,{},-1,-1,{},14412,127,"{'rz': 127, 'sx': 127, 'ecr': 142, 'x': 91, 'measure': 126}",-1,-1,{},-1,-1,{},9505,133,"{'rz': 127, 'sx': 128, 'cz': 248, 'x': 49, 'measure': 126}",-1,-1,{},-1,-1,{},-1,-1,{},4728,127,"{'rz': 127, 'sx': 127, 'cx': 273, 'x': 51, 'measure': 126}",-1,-1,{}
8,393,qpeinexact,108,323,"{'cp': 5778, 'h': 214, 'measure': 107, 'swap': 53, 'x': 1, 'barrier': 1}",-1,-1,{},-1,-1,{},-1,-1,{},-1,-1,{},-1,-1,{},-1,-1,{},-1,-1,{},-1,-1,{},10747,127,"{'rz': 110, 'sx': 110, 'ecr': 122, 'x': 78, 'measure': 107}",-1,-1,{},-1,-1,{},-1,-1,{},-1,-1,{},-1,-1,{},10839,127,"{'rz': 117, 'sx': 117, 'ecr': 127, 'x': 83, 'measure': 107}",-1,-1,{},-1,-1,{},-1,-1,{},-1,-1,{},-1,-1,{},-1,-1,{},-1,-1,{},11125,127,"{'rz': 115, 'sx': 115, 'ecr': 125, 'x': 82, 'measure': 107}",-1,-1,{},11081,127,"{'rz': 114, 'sx': 114, 'ecr': 125, 'x': 79, 'measure': 107}",10675,127,"{'rz': 115, 'sx': 115, 'ecr': 127, 'x': 85, 'measure': 107}",-1,-1,{},-1,-1,{},-1,-1,{},-1,-1,{},-1,-1,{},-1,-1,{},-1,-1,{},-1,-1,{},-1,-1,{},12565,127,"{'rz': 110, 'sx': 110, 'ecr': 120, 'x': 82, 'measure': 107}",-1,-1,{},-1,-1,{},-1,-1,{},-1,-1,{},-1,-1,{},-1,-1,{},-1,-1,{},13457,127,"{'rz': 113, 'sx': 113, 'x': 83, 'ecr': 122, 'measure': 107}",-1,-1,{},-1,-1,{},-1,-1,{},-1,-1,{},10316,127,"{'rz': 115, 'sx': 115, 'ecr': 125, 'x': 74, 'measure': 107}",-1,-1,{},-1,-1,{},9289,133,"{'rz': 109, 'sx': 110, 'cz': 219, 'x': 39, 'measure': 107}",-1,-1,{},-1,-1,{},-1,-1,{},4764,127,"{'rz': 109, 'sx': 109, 'cx': 248, 'x': 68, 'measure': 107}",-1,-1,{}
8,218,qft,8,17,"{'cp': 28, 'h': 8, 'measure': 8, 'swap': 4, 'barrier': 1}",115,27,"{'rz': 8, 'sx': 6, 'cx': 13, 'x': 5, 'measure': 8}",103,20,"{'u2': 6, 'cx': 14, 'u1': 8, 'u3': 3, 'measure': 8}",-1,-1,{},-1,-1,{},105,27,"{'rz': 8, 'sx': 8, 'cx': 11, 'x': 5, 'measure': 8}",-1,-1,{},99,20,"{'u2': 6, 'cx': 14, 'u1': 8, 'u3': 4, 'measure': 8}",-1,-1,{},219,127,"{'rz': 8, 'sx': 8, 'ecr': 7, 'x': 6, 'measure': 8}",104,65,"{'rz': 8, 'sx': 7, 'cx': 12, 'x': 5, 'measure': 8}",-1,-1,{},-1,-1,{},96,28,"{'u3': 5, 'u2': 7, 'cx': 13, 'u1': 7, 'measure': 8}",-1,-1,{},231,127,"{'rz': 8, 'sx': 8, 'x': 7, 'ecr': 7, 'measure': 8}",-1,-1,{},-1,-1,{},115,27,"{'rz': 8, 'sx': 8, 'cx': 11, 'x': 4, 'measure': 8}",105,16,"{'rz': 8, 'sx': 8, 'cx': 11, 'x': 5, 'measure': 8}",126,27,"{'rz': 8, 'sx': 6, 'cx': 14, 'x': 2, 'measure': 8}",-1,-1,{},92,20,"{'u2': 8, 'cx': 14, 'u1': 7, 'u3': 6, 'measure': 8}",253,127,"{'x': 3, 'rz': 8, 'sx': 8, 'ecr': 7, 'measure': 8}",108,27,"{'rz': 8, 'sx': 7, 'cx': 13, 'x': 5, 'measure': 8}",264,127,"{'rz': 8, 'sx': 8, 'ecr': 7, 'x': 4, 'measure': 8}",253,127,"{'rz': 8, 'sx': 8, 'ecr': 7, 'x': 5, 'measure': 8}",-1,-1,{},-1,-1,{},-1,-1,{},115,65,"{'rz': 8, 'sx': 8, 'cx': 11, 'x': 4, 'measure': 8}",-1,-1,{},93,15,"{'rz': 8, 'sx': 6, 'cx': 19, 'x': 4, 'measure': 8}",124,27,"{'rz': 8, 'sx': 7, 'cx': 12, 'x': 2, 'measure': 8}",124,27,"{'rz': 8, 'sx': 7, 'cx': 12, 'x': 2, 'measure': 8}",-1,-1,{},231,127,"{'rz': 8, 'sx': 8, 'ecr': 7, 'x': 6, 'measure': 8}",-1,-1,{},-1,-1,{},137,27,"{'rz': 8, 'sx': 6, 'cx': 13, 'x': 4, 'measure': 8}",268,27,"{'rz': 8, 'sx': 8, 'x': 5, 'ecr': 7, 'measure': 8}",-1,-1,{},203,33,"{'rz': 8, 'sx': 8, 'cz': 12, 'x': 1, 'measure': 8}",114,20,"{'u2': 4, 'cx': 14, 'u1': 8, 'u3': 2, 'measure': 8}",231,127,"{'rz': 8, 'sx': 8, 'x': 7, 'ecr': 7, 'measure': 8}",-1,-1,{},133,53,"{'u2': 6, 'cx': 14, 'u1': 8, 'u3': 5, 'measure': 8}",-1,-1,{},-1,-1,{},260,127,"{'rz': 8, 'sx': 8, 'ecr': 7, 'x': 7, 'measure': 8}",103,20,"{'u2': 6, 'cx': 14, 'u1': 8, 'u3': 3, 'measure': 8}",115,27,"{'rz': 8, 'sx': 7, 'cx': 13, 'x': 5, 'measure': 8}",262,133,"{'rz': 8, 'sx': 8, 'cz': 12, 'x': 2, 'measure': 8}",115,27,"{'rz': 8, 'sx': 8, 'cx': 11, 'x': 4, 'measure': 8}",-1,-1,{},-1,-1,{},109,127,"{'rz': 8, 'sx': 8, 'cx': 11, 'x': 5, 'measure': 8}",-1,-1,{}
8,250,qnn,83,825,"{'cx': 13694, 'p': 6806, 'u2': 166, 'ry': 166, 'measure': 83, 'barrier': 1}",-1,-1,{},-1,-1,{},-1,-1,{},-1,-1,{},-1,-1,{},-1,-1,{},-1,-1,{},-1,-1,{},17131,127,"{'rz': 85, 'sx': 85, 'ecr': 94, 'x': 85, 'measure': 83}",-1,-1,{},-1,-1,{},-1,-1,{},-1,-1,{},-1,-1,{},14155,127,"{'rz': 84, 'sx': 84, 'ecr': 92, 'x': 84, 'measure': 83}",-1,-1,{},-1,-1,{},-1,-1,{},-1,-1,{},-1,-1,{},-1,-1,{},-1,-1,{},16080,127,"{'rz': 87, 'sx': 87, 'ecr': 95, 'x': 87, 'measure': 83}",-1,-1,{},13845,127,"{'rz': 88, 'sx': 88, 'ecr': 96, 'x': 87, 'measure': 83}",11653,127,"{'rz': 90, 'sx': 90, 'ecr': 96, 'x': 89, 'measure': 83}",-1,-1,{},-1,-1,{},-1,-1,{},-1,-1,{},-1,-1,{},-1,-1,{},-1,-1,{},-1,-1,{},-1,-1,{},18074,127,"{'rz': 83, 'sx': 83, 'ecr': 89, 'x': 83, 'measure': 83}",-1,-1,{},-1,-1,{},-1,-1,{},-1,-1,{},-1,-1,{},-1,-1,{},-1,-1,{},16716,127,"{'rz': 86, 'sx': 86, 'ecr': 95, 'x': 84, 'measure': 83}",-1,-1,{},-1,-1,{},-1,-1,{},-1,-1,{},14327,127,"{'rz': 89, 'sx': 89, 'ecr': 94, 'x': 88, 'measure': 83}",-1,-1,{},-1,-1,{},12751,133,"{'rz': 89, 'sx': 89, 'cz': 190, 'x': 38, 'measure': 83}",-1,-1,{},-1,-1,{},-1,-1,{},5996,127,"{'rz': 84, 'sx': 84, 'cx': 180, 'x': 82, 'measure': 83}",-1,-1,{}
8,101,qftentangled,61,125,"{'cp': 1830, 'h': 62, 'measure': 61, 'cx': 60, 'swap': 30, 'barrier': 1}",-1,-1,{},-1,-1,{},-1,-1,{},-1,-1,{},-1,-1,{},-1,-1,{},-1,-1,{},-1,-1,{},5735,127,"{'rz': 61, 'sx': 61, 'ecr': 65, 'x': 44, 'measure': 61}",2160,65,"{'x': 38, 'rz': 60, 'cx': 138, 'sx': 56, 'measure': 61}",-1,-1,{},-1,-1,{},-1,-1,{},-1,-1,{},5041,127,"{'rz': 63, 'sx': 63, 'ecr': 69, 'x': 47, 'measure': 61}",-1,-1,{},-1,-1,{},-1,-1,{},-1,-1,{},-1,-1,{},-1,-1,{},-1,-1,{},5137,127,"{'rz': 64, 'sx': 64, 'ecr': 69, 'x': 45, 'measure': 61}",-1,-1,{},5351,127,"{'rz': 64, 'sx': 64, 'ecr': 68, 'x': 48, 'measure': 61}",4825,127,"{'rz': 71, 'sx': 71, 'ecr': 78, 'x': 58, 'measure': 61}",-1,-1,{},-1,-1,{},-1,-1,{},1523,65,"{'cx': 131, 'rz': 53, 'sx': 44, 'x': 26, 'measure': 61}",-1,-1,{},-1,-1,{},-1,-1,{},-1,-1,{},-1,-1,{},5595,127,"{'rz': 62, 'sx': 62, 'ecr': 65, 'x': 41, 'measure': 61}",-1,-1,{},-1,-1,{},-1,-1,{},-1,-1,{},-1,-1,{},-1,-1,{},-1,-1,{},6322,127,"{'rz': 72, 'sx': 72, 'ecr': 78, 'x': 52, 'measure': 61}",-1,-1,{},-1,-1,{},-1,-1,{},-1,-1,{},6288,127,"{'rz': 65, 'sx': 65, 'ecr': 70, 'x': 48, 'measure': 61}",-1,-1,{},-1,-1,{},4038,133,"{'sx': 64, 'rz': 57, 'cz': 125, 'x': 9, 'measure': 61}",-1,-1,{},-1,-1,{},-1,-1,{},2098,127,"{'rz': 55, 'cx': 146, 'sx': 49, 'x': 37, 'measure': 61}",-1,-1,{}
8,96,qftentangled,16,35,"{'cp': 120, 'h': 17, 'measure': 16, 'cx': 15, 'swap': 8, 'barrier': 1}",325,27,"{'rz': 16, 'sx': 14, 'cx': 31, 'x': 9, 'measure': 16}",276,20,"{'u1': 16, 'u3': 14, 'u2': 15, 'cx': 36, 'measure': 16}",-1,-1,{},-1,-1,{},397,27,"{'x': 12, 'rz': 16, 'cx': 26, 'sx': 16, 'measure': 16}",-1,-1,{},331,20,"{'u2': 14, 'cx': 35, 'u1': 16, 'u3': 13, 'measure': 16}",-1,-1,{},992,127,"{'rz': 16, 'sx': 16, 'ecr': 15, 'x': 10, 'measure': 16}",330,65,"{'x': 9, 'rz': 16, 'cx': 30, 'sx': 12, 'measure': 16}",-1,-1,{},-1,-1,{},377,28,"{'u2': 13, 'cx': 31, 'u1': 12, 'u3': 12, 'measure': 16}",-1,-1,{},840,127,"{'rz': 16, 'sx': 16, 'ecr': 15, 'x': 12, 'measure': 16}",-1,-1,{},-1,-1,{},380,27,"{'rz': 16, 'sx': 15, 'cx': 28, 'x': 12, 'measure': 16}",393,16,"{'rz': 16, 'sx': 15, 'cx': 29, 'x': 11, 'measure': 16}",390,27,"{'rz': 16, 'sx': 15, 'cx': 27, 'x': 11, 'measure': 16}",-1,-1,{},272,20,"{'u3': 16, 'u2': 16, 'cx': 36, 'u1': 15, 'measure': 16}",1053,127,"{'rz': 16, 'sx': 16, 'ecr': 15, 'x': 12, 'measure': 16}",381,27,"{'rz': 16, 'sx': 13, 'cx': 29, 'x': 10, 'measure': 16}",722,127,"{'rz': 16, 'sx': 16, 'ecr': 15, 'x': 14, 'measure': 16}",888,127,"{'rz': 16, 'sx': 16, 'ecr': 15, 'x': 11, 'measure': 16}",-1,-1,{},-1,-1,{},-1,-1,{},386,65,"{'rz': 16, 'sx': 14, 'cx': 27, 'x': 12, 'measure': 16}",-1,-1,{},-1,-1,{},364,27,"{'cx': 30, 'rz': 15, 'sx': 13, 'x': 9, 'measure': 16}",308,27,"{'rz': 16, 'sx': 14, 'cx': 27, 'x': 11, 'measure': 16}",-1,-1,{},765,127,"{'rz': 16, 'sx': 16, 'ecr': 15, 'x': 13, 'measure': 16}",-1,-1,{},-1,-1,{},373,27,"{'rz': 16, 'sx': 14, 'cx': 31, 'x': 10, 'measure': 16}",716,27,"{'rz': 16, 'sx': 16, 'ecr': 15, 'x': 5, 'measure': 16}",-1,-1,{},738,33,"{'rz': 16, 'sx': 16, 'cz': 27, 'x': 1, 'measure': 16}",305,20,"{'u2': 16, 'cx': 32, 'u1': 12, 'u3': 15, 'measure': 16}",803,127,"{'rz': 16, 'sx': 16, 'ecr': 15, 'x': 5, 'measure': 16}",-1,-1,{},334,53,"{'u2': 14, 'cx': 30, 'u3': 14, 'u1': 16, 'measure': 16}",-1,-1,{},-1,-1,{},866,127,"{'rz': 16, 'sx': 16, 'ecr': 15, 'x': 14, 'measure': 16}",314,20,"{'u2': 12, 'cx': 40, 'u3': 12, 'u1': 17, 'measure': 16}",312,27,"{'rz': 16, 'sx': 13, 'cx': 28, 'x': 9, 'measure': 16}",671,133,"{'rz': 16, 'sx': 16, 'cz': 28, 'x': 2, 'measure': 16}",385,27,"{'rz': 16, 'sx': 14, 'cx': 30, 'x': 12, 'measure': 16}",-1,-1,{},-1,-1,{},348,127,"{'rz': 16, 'sx': 14, 'cx': 32, 'x': 10, 'measure': 16}",-1,-1,{}
8,363,qnn,130,1295,"{'cx': 33669, 'p': 16770, 'u2': 260, 'ry': 260, 'measure': 130, 'barrier': 1}",-1,-1,{},-1,-1,{},-1,-1,{},-1,-1,{},-1,-1,{},-1,-1,{},-1,-1,{},-1,-1,{},-1,-1,{},-1,-1,{},-1,-1,{},-1,-1,{},-1,-1,{},-1,-1,{},-1,-1,{},-1,-1,{},-1,-1,{},-1,-1,{},-1,-1,{},-1,-1,{},-1,-1,{},-1,-1,{},-1,-1,{},-1,-1,{},-1,-1,{},-1,-1,{},-1,-1,{},-1,-1,{},-1,-1,{},-1,-1,{},-1,-1,{},-1,-1,{},-1,-1,{},-1,-1,{},-1,-1,{},-1,-1,{},-1,-1,{},-1,-1,{},-1,-1,{},-1,-1,{},-1,-1,{},-1,-1,{},-1,-1,{},-1,-1,{},-1,-1,{},-1,-1,{},-1,-1,{},-1,-1,{},-1,-1,{},-1,-1,{},-1,-1,{},23647,133,"{'rz': 130, 'sx': 130, 'cz': 294, 'x': 65, 'measure': 130}",-1,-1,{},-1,-1,{},-1,-1,{},-1,-1,{},-1,-1,{}
8,222,qft,99,199,"{'cp': 4851, 'h': 99, 'measure': 99, 'swap': 49, 'barrier': 1}",-1,-1,{},-1,-1,{},-1,-1,{},-1,-1,{},-1,-1,{},-1,-1,{},-1,-1,{},-1,-1,{},10207,127,"{'rz': 100, 'sx': 100, 'ecr': 107, 'x': 65, 'measure': 99}",-1,-1,{},-1,-1,{},-1,-1,{},-1,-1,{},-1,-1,{},10064,127,"{'rz': 104, 'sx': 104, 'x': 69, 'ecr': 110, 'measure': 99}",-1,-1,{},-1,-1,{},-1,-1,{},-1,-1,{},-1,-1,{},-1,-1,{},-1,-1,{},10692,127,"{'rz': 101, 'sx': 101, 'ecr': 108, 'x': 67, 'measure': 99}",-1,-1,{},9307,127,"{'rz': 105, 'sx': 105, 'ecr': 111, 'x': 64, 'measure': 99}",10235,127,"{'rz': 103, 'sx': 103, 'ecr': 112, 'x': 71, 'measure': 99}",-1,-1,{},-1,-1,{},-1,-1,{},-1,-1,{},-1,-1,{},-1,-1,{},-1,-1,{},-1,-1,{},-1,-1,{},9312,127,"{'rz': 100, 'sx': 100, 'ecr': 109, 'x': 65, 'measure': 99}",-1,-1,{},-1,-1,{},-1,-1,{},-1,-1,{},-1,-1,{},-1,-1,{},-1,-1,{},10736,127,"{'rz': 102, 'sx': 102, 'x': 71, 'ecr': 109, 'measure': 99}",-1,-1,{},-1,-1,{},-1,-1,{},-1,-1,{},9763,127,"{'rz': 103, 'sx': 103, 'ecr': 111, 'x': 68, 'measure': 99}",-1,-1,{},-1,-1,{},7782,133,"{'rz': 101, 'sx': 101, 'cz': 182, 'x': 17, 'measure': 99}",-1,-1,{},-1,-1,{},-1,-1,{},4356,127,"{'rz': 100, 'sx': 71, 'cx': 214, 'x': 51, 'measure': 99}",-1,-1,{}
8,169,dj,75,77,"{'h': 78, 'cx': 74, 'measure': 74, 'u2': 71, 'barrier': 1}",-1,-1,{},-1,-1,{},-1,-1,{},-1,-1,{},-1,-1,{},-1,-1,{},-1,-1,{},-1,-1,{},1142,127,"{'rz': 75, 'sx': 75, 'ecr': 77, 'x': 28, 'measure': 74}",-1,-1,{},-1,-1,{},-1,-1,{},-1,-1,{},-1,-1,{},1046,127,"{'rz': 77, 'sx': 77, 'x': 21, 'ecr': 79, 'measure': 74}",-1,-1,{},-1,-1,{},-1,-1,{},-1,-1,{},-1,-1,{},-1,-1,{},-1,-1,{},944,127,"{'rz': 75, 'sx': 75, 'ecr': 75, 'x': 16, 'measure': 74}",-1,-1,{},979,127,"{'rz': 75, 'sx': 75, 'ecr': 75, 'x': 22, 'measure': 74}",1163,127,"{'rz': 76, 'sx': 76, 'ecr': 80, 'x': 22, 'measure': 74}",-1,-1,{},-1,-1,{},-1,-1,{},-1,-1,{},-1,-1,{},-1,-1,{},-1,-1,{},-1,-1,{},-1,-1,{},973,127,"{'rz': 76, 'sx': 76, 'ecr': 75, 'x': 24, 'measure': 74}",-1,-1,{},-1,-1,{},-1,-1,{},-1,-1,{},-1,-1,{},-1,-1,{},-1,-1,{},985,127,"{'rz': 76, 'sx': 76, 'ecr': 77, 'x': 21, 'measure': 74}",-1,-1,{},-1,-1,{},-1,-1,{},-1,-1,{},1017,127,"{'rz': 75, 'sx': 75, 'ecr': 75, 'x': 17, 'measure': 74}",-1,-1,{},-1,-1,{},619,133,"{'sx': 75, 'rz': 75, 'cz': 85, 'x': 1, 'measure': 74}",-1,-1,{},-1,-1,{},-1,-1,{},487,127,"{'rz': 75, 'sx': 75, 'x': 7, 'cx': 141, 'measure': 74}",-1,-1,{}
8,90,qft,65,131,"{'cp': 2080, 'h': 65, 'measure': 65, 'swap': 32, 'barrier': 1}",-1,-1,{},-1,-1,{},-1,-1,{},-1,-1,{},-1,-1,{},-1,-1,{},-1,-1,{},-1,-1,{},7254,127,"{'rz': 69, 'sx': 69, 'x': 48, 'ecr': 72, 'measure': 65}",1796,65,"{'rz': 65, 'sx': 49, 'cx': 134, 'x': 39, 'measure': 65}",-1,-1,{},-1,-1,{},-1,-1,{},-1,-1,{},5010,127,"{'rz': 67, 'sx': 67, 'ecr': 70, 'x': 45, 'measure': 65}",-1,-1,{},-1,-1,{},-1,-1,{},-1,-1,{},-1,-1,{},-1,-1,{},-1,-1,{},5690,127,"{'rz': 65, 'sx': 65, 'ecr': 68, 'x': 38, 'measure': 65}",-1,-1,{},6653,127,"{'rz': 66, 'sx': 66, 'ecr': 71, 'x': 47, 'measure': 65}",5976,127,"{'rz': 68, 'sx': 68, 'ecr': 72, 'x': 42, 'measure': 65}",-1,-1,{},-1,-1,{},-1,-1,{},2272,65,"{'rz': 64, 'cx': 141, 'sx': 48, 'x': 37, 'measure': 65}",-1,-1,{},-1,-1,{},-1,-1,{},-1,-1,{},-1,-1,{},5879,127,"{'rz': 66, 'sx': 66, 'x': 45, 'ecr': 70, 'measure': 65}",-1,-1,{},-1,-1,{},-1,-1,{},-1,-1,{},-1,-1,{},-1,-1,{},-1,-1,{},6524,127,"{'rz': 66, 'sx': 66, 'ecr': 68, 'x': 44, 'measure': 65}",-1,-1,{},-1,-1,{},-1,-1,{},-1,-1,{},6362,127,"{'rz': 68, 'sx': 68, 'ecr': 72, 'x': 43, 'measure': 65}",-1,-1,{},-1,-1,{},4175,133,"{'rz': 65, 'sx': 67, 'cz': 118, 'x': 10, 'measure': 65}",-1,-1,{},-1,-1,{},-1,-1,{},2031,127,"{'rz': 65, 'sx': 43, 'cx': 138, 'x': 33, 'measure': 65}",-1,-1,{}
8,321,graphstate,30,9,"{'h': 30, 'cz': 30, 'measure': 30, 'barrier': 1}",-1,-1,{},-1,-1,{},-1,-1,{},-1,-1,{},-1,-1,{},-1,-1,{},-1,-1,{},-1,-1,{},137,127,"{'rz': 32, 'sx': 32, 'ecr': 32, 'x': 11, 'measure': 30}",53,65,"{'rz': 32, 'sx': 32, 'cx': 61, 'measure': 30}",-1,-1,{},-1,-1,{},-1,-1,{},-1,-1,{},99,127,"{'rz': 31, 'sx': 31, 'ecr': 32, 'x': 13, 'measure': 30}",-1,-1,{},-1,-1,{},-1,-1,{},-1,-1,{},-1,-1,{},-1,-1,{},-1,-1,{},161,127,"{'rz': 31, 'sx': 31, 'ecr': 32, 'x': 10, 'measure': 30}",-1,-1,{},88,127,"{'rz': 39, 'sx': 39, 'ecr': 38, 'x': 15, 'measure': 30}",90,127,"{'rz': 31, 'sx': 31, 'ecr': 33, 'x': 13, 'measure': 30}",-1,-1,{},-1,-1,{},-1,-1,{},45,65,"{'rz': 30, 'sx': 30, 'cx': 45, 'x': 1, 'measure': 30}",-1,-1,{},-1,-1,{},-1,-1,{},-1,-1,{},-1,-1,{},115,127,"{'rz': 41, 'sx': 41, 'ecr': 41, 'x': 14, 'measure': 30}",-1,-1,{},-1,-1,{},-1,-1,{},-1,-1,{},-1,-1,{},33,33,"{'rz': 30, 'sx': 30, 'cz': 36, 'measure': 30}",-1,-1,{},144,127,"{'rz': 37, 'sx': 37, 'ecr': 37, 'x': 14, 'measure': 30}",-1,-1,{},29,53,"{'u2': 29, 'cx': 47, 'u3': 2, 'measure': 30}",-1,-1,{},-1,-1,{},95,127,"{'rz': 34, 'sx': 34, 'ecr': 34, 'x': 9, 'measure': 30}",-1,-1,{},-1,-1,{},70,133,"{'rz': 30, 'sx': 32, 'cz': 39, 'x': 1, 'measure': 30}",-1,-1,{},-1,-1,{},-1,-1,{},51,127,"{'rz': 30, 'sx': 30, 'cx': 49, 'measure': 30}",-1,-1,{}
9,735,qpeexact,105,314,"{'cp': 5460, 'h': 208, 'measure': 104, 'swap': 52, 'x': 1, 'barrier': 1}",-1,-1,{},-1,-1,{},-1,-1,{},-1,-1,{},-1,-1,{},-1,-1,{},-1,-1,{},-1,-1,{},11611,127,"{'rz': 108, 'sx': 108, 'ecr': 116, 'x': 76, 'measure': 104}",-1,-1,{},-1,-1,{},-1,-1,{},-1,-1,{},-1,-1,{},9915,127,"{'rz': 106, 'sx': 106, 'ecr': 116, 'x': 79, 'measure': 104}",-1,-1,{},-1,-1,{},-1,-1,{},-1,-1,{},-1,-1,{},-1,-1,{},-1,-1,{},9432,127,"{'rz': 108, 'sx': 108, 'ecr': 118, 'x': 72, 'measure': 104}",-1,-1,{},10480,127,"{'rz': 109, 'sx': 109, 'ecr': 119, 'x': 77, 'measure': 104}",10589,127,"{'rz': 112, 'sx': 112, 'ecr': 120, 'x': 76, 'measure': 104}",-1,-1,{},-1,-1,{},-1,-1,{},-1,-1,{},-1,-1,{},-1,-1,{},-1,-1,{},-1,-1,{},-1,-1,{},11599,127,"{'rz': 108, 'sx': 108, 'ecr': 119, 'x': 83, 'measure': 104}",-1,-1,{},-1,-1,{},-1,-1,{},-1,-1,{},-1,-1,{},-1,-1,{},-1,-1,{},11397,127,"{'rz': 111, 'sx': 111, 'ecr': 124, 'x': 82, 'measure': 104}",-1,-1,{},-1,-1,{},-1,-1,{},-1,-1,{},10031,127,"{'rz': 105, 'sx': 105, 'ecr': 116, 'x': 73, 'measure': 104}",-1,-1,{},-1,-1,{},8883,133,"{'rz': 105, 'sx': 109, 'cz': 204, 'x': 36, 'measure': 104}",-1,-1,{},-1,-1,{},-1,-1,{},5103,127,"{'rz': 106, 'sx': 105, 'x': 55, 'cx': 236, 'measure': 104}",-1,-1,{}
9,785,ghz,14,15,"{'measure': 14, 'cx': 13, 'h': 1, 'barrier': 1}",17,27,"{'rz': 1, 'sx': 1, 'cx': 13, 'measure': 14}",15,20,"{'u2': 1, 'cx': 13, 'measure': 14}",-1,-1,{},-1,-1,{},17,27,"{'rz': 1, 'sx': 1, 'cx': 13, 'measure': 14}",-1,-1,{},15,20,"{'u2': 1, 'cx': 13, 'measure': 14}",-1,-1,{},71,127,"{'rz': 14, 'sx': 14, 'ecr': 13, 'x': 2, 'measure': 14}",17,65,"{'rz': 1, 'sx': 1, 'cx': 13, 'measure': 14}",-1,-1,{},63,27,"{'rz': 13, 'sx': 12, 'ecr': 9, 'cx': 4, 'x': 2, 'measure': 14}",15,28,"{'u2': 1, 'cx': 13, 'measure': 14}",-1,-1,{},60,127,"{'rz': 14, 'sx': 14, 'ecr': 13, 'x': 7, 'measure': 14}",-1,-1,{},-1,-1,{},17,27,"{'rz': 1, 'sx': 1, 'cx': 13, 'measure': 14}",33,16,"{'x': 1, 'rz': 5, 'sx': 5, 'cx': 13, 'measure': 14}",17,27,"{'rz': 1, 'sx': 1, 'cx': 13, 'measure': 14}",-1,-1,{},15,20,"{'u2': 1, 'cx': 13, 'measure': 14}",60,127,"{'rz': 14, 'sx': 14, 'ecr': 13, 'x': 6, 'measure': 14}",17,27,"{'rz': 1, 'sx': 1, 'cx': 13, 'measure': 14}",69,127,"{'rz': 14, 'sx': 14, 'ecr': 13, 'x': 1, 'measure': 14}",63,127,"{'rz': 14, 'sx': 14, 'ecr': 13, 'x': 4, 'measure': 14}",-1,-1,{},-1,-1,{},-1,-1,{},17,65,"{'rz': 1, 'sx': 1, 'cx': 13, 'measure': 14}",-1,-1,{},17,15,"{'rz': 1, 'sx': 1, 'cx': 13, 'measure': 14}",17,27,"{'rz': 1, 'sx': 1, 'cx': 13, 'measure': 14}",17,27,"{'rz': 1, 'sx': 1, 'cx': 13, 'measure': 14}",-1,-1,{},68,127,"{'rz': 14, 'sx': 14, 'ecr': 13, 'x': 2, 'measure': 14}",-1,-1,{},-1,-1,{},17,27,"{'rz': 1, 'sx': 1, 'cx': 13, 'measure': 14}",57,27,"{'rz': 14, 'sx': 14, 'ecr': 13, 'x': 7, 'measure': 14}",-1,-1,{},43,33,"{'rz': 14, 'sx': 14, 'cz': 13, 'measure': 14}",15,20,"{'u2': 1, 'cx': 13, 'measure': 14}",59,127,"{'rz': 14, 'sx': 14, 'ecr': 13, 'x': 5, 'measure': 14}",-1,-1,{},15,53,"{'u2': 1, 'cx': 13, 'measure': 14}",-1,-1,{},-1,-1,{},61,127,"{'rz': 14, 'sx': 14, 'ecr': 13, 'x': 4, 'measure': 14}",15,20,"{'u2': 1, 'cx': 13, 'measure': 14}",17,27,"{'rz': 1, 'sx': 1, 'cx': 13, 'measure': 14}",43,133,"{'rz': 14, 'sx': 14, 'cz': 13, 'measure': 14}",17,27,"{'rz': 1, 'sx': 1, 'cx': 13, 'measure': 14}",-1,-1,{},-1,-1,{},17,127,"{'rz': 1, 'sx': 1, 'cx': 13, 'measure': 14}",-1,-1,{}
9,645,ghz,128,129,"{'measure': 128, 'cx': 127, 'h': 1, 'barrier': 1}",-1,-1,{},-1,-1,{},-1,-1,{},-1,-1,{},-1,-1,{},-1,-1,{},-1,-1,{},-1,-1,{},-1,-1,{},-1,-1,{},-1,-1,{},-1,-1,{},-1,-1,{},-1,-1,{},-1,-1,{},-1,-1,{},-1,-1,{},-1,-1,{},-1,-1,{},-1,-1,{},-1,-1,{},-1,-1,{},-1,-1,{},-1,-1,{},-1,-1,{},-1,-1,{},-1,-1,{},-1,-1,{},-1,-1,{},-1,-1,{},-1,-1,{},-1,-1,{},-1,-1,{},-1,-1,{},-1,-1,{},-1,-1,{},-1,-1,{},-1,-1,{},-1,-1,{},-1,-1,{},-1,-1,{},-1,-1,{},-1,-1,{},-1,-1,{},-1,-1,{},-1,-1,{},-1,-1,{},-1,-1,{},-1,-1,{},-1,-1,{},-1,-1,{},1087,133,"{'rz': 101, 'sx': 128, 'cz': 204, 'x': 2, 'measure': 128}",-1,-1,{},-1,-1,{},-1,-1,{},-1,-1,{},-1,-1,{}
9,788,ghz,23,24,"{'measure': 23, 'cx': 22, 'h': 1, 'barrier': 1}",60,27,"{'rz': 9, 'sx': 9, 'cx': 22, 'x': 1, 'measure': 23}",-1,-1,{},-1,-1,{},-1,-1,{},57,27,"{'x': 1, 'rz': 3, 'sx': 3, 'cx': 32, 'measure': 23}",-1,-1,{},-1,-1,{},-1,-1,{},97,127,"{'rz': 23, 'sx': 23, 'ecr': 22, 'x': 9, 'measure': 23}",26,65,"{'rz': 1, 'sx': 1, 'cx': 22, 'measure': 23}",-1,-1,{},126,27,"{'rz': 22, 'sx': 20, 'ecr': 11, 'cx': 12, 'x': 7, 'measure': 23}",24,28,"{'u2': 1, 'cx': 22, 'measure': 23}",-1,-1,{},103,127,"{'rz': 23, 'sx': 23, 'ecr': 22, 'x': 12, 'measure': 23}",-1,-1,{},-1,-1,{},56,27,"{'rz': 5, 'sx': 5, 'cx': 27, 'measure': 23}",-1,-1,{},74,27,"{'rz': 7, 'sx': 7, 'cx': 32, 'measure': 23}",-1,-1,{},-1,-1,{},104,127,"{'rz': 23, 'sx': 23, 'ecr': 22, 'x': 8, 'measure': 23}",73,27,"{'x': 2, 'rz': 11, 'sx': 11, 'cx': 26, 'measure': 23}",106,127,"{'rz': 23, 'sx': 23, 'ecr': 22, 'x': 6, 'measure': 23}",116,127,"{'rz': 23, 'sx': 23, 'ecr': 22, 'x': 2, 'measure': 23}",-1,-1,{},-1,-1,{},-1,-1,{},26,65,"{'rz': 1, 'sx': 1, 'cx': 22, 'measure': 23}",-1,-1,{},-1,-1,{},71,27,"{'rz': 5, 'sx': 5, 'cx': 34, 'measure': 23}",60,27,"{'x': 1, 'rz': 7, 'sx': 7, 'cx': 28, 'measure': 23}",-1,-1,{},112,127,"{'rz': 23, 'sx': 23, 'ecr': 22, 'x': 3, 'measure': 23}",-1,-1,{},-1,-1,{},57,27,"{'cx': 26, 'x': 1, 'rz': 7, 'sx': 7, 'measure': 23}",171,27,"{'rz': 23, 'sx': 23, 'ecr': 22, 'x': 8, 'measure': 23}",-1,-1,{},70,33,"{'rz': 23, 'sx': 23, 'cz': 22, 'measure': 23}",-1,-1,{},95,127,"{'rz': 23, 'sx': 23, 'ecr': 22, 'x': 11, 'measure': 23}",-1,-1,{},24,53,"{'u2': 1, 'cx': 22, 'measure': 23}",-1,-1,{},-1,-1,{},115,127,"{'rz': 23, 'sx': 23, 'ecr': 22, 'x': 6, 'measure': 23}",-1,-1,{},47,27,"{'rz': 5, 'sx': 5, 'cx': 24, 'measure': 23}",70,133,"{'rz': 23, 'sx': 23, 'cz': 22, 'measure': 23}",71,27,"{'rz': 7, 'sx': 7, 'cx': 31, 'measure': 23}",-1,-1,{},-1,-1,{},26,127,"{'rz': 1, 'sx': 1, 'cx': 22, 'measure': 23}",-1,-1,{}
9,682,qft,124,249,"{'cp': 7626, 'h': 124, 'measure': 124, 'swap': 62, 'barrier': 1}",-1,-1,{},-1,-1,{},-1,-1,{},-1,-1,{},-1,-1,{},-1,-1,{},-1,-1,{},-1,-1,{},13868,127,"{'rz': 124, 'sx': 124, 'ecr': 135, 'x': 80, 'measure': 124}",-1,-1,{},-1,-1,{},-1,-1,{},-1,-1,{},-1,-1,{},12086,127,"{'rz': 124, 'sx': 124, 'ecr': 133, 'x': 82, 'measure': 124}",-1,-1,{},-1,-1,{},-1,-1,{},-1,-1,{},-1,-1,{},-1,-1,{},-1,-1,{},12952,127,"{'rz': 124, 'sx': 124, 'ecr': 136, 'x': 72, 'measure': 124}",-1,-1,{},13624,127,"{'rz': 124, 'sx': 124, 'ecr': 135, 'x': 74, 'measure': 124}",12588,127,"{'rz': 124, 'sx': 124, 'ecr': 133, 'x': 80, 'measure': 124}",-1,-1,{},-1,-1,{},-1,-1,{},-1,-1,{},-1,-1,{},-1,-1,{},-1,-1,{},-1,-1,{},-1,-1,{},11508,127,"{'rz': 126, 'sx': 126, 'ecr': 136, 'x': 81, 'measure': 124}",-1,-1,{},-1,-1,{},-1,-1,{},-1,-1,{},-1,-1,{},-1,-1,{},-1,-1,{},12832,127,"{'rz': 125, 'sx': 125, 'ecr': 139, 'x': 86, 'measure': 124}",-1,-1,{},-1,-1,{},-1,-1,{},-1,-1,{},12012,127,"{'rz': 126, 'sx': 126, 'ecr': 140, 'x': 84, 'measure': 124}",-1,-1,{},-1,-1,{},9122,133,"{'rz': 124, 'sx': 124, 'cz': 230, 'x': 17, 'measure': 124}",-1,-1,{},-1,-1,{},-1,-1,{},4882,127,"{'rz': 123, 'sx': 75, 'cx': 262, 'x': 55, 'measure': 124}",-1,-1,{}
9,566,qft,62,125,"{'cp': 1891, 'h': 62, 'measure': 62, 'swap': 31, 'barrier': 1}",-1,-1,{},-1,-1,{},-1,-1,{},-1,-1,{},-1,-1,{},-1,-1,{},-1,-1,{},-1,-1,{},6059,127,"{'x': 38, 'rz': 66, 'sx': 66, 'ecr': 67, 'measure': 62}",1798,65,"{'rz': 61, 'sx': 43, 'cx': 132, 'x': 35, 'measure': 62}",-1,-1,{},-1,-1,{},-1,-1,{},-1,-1,{},5481,127,"{'rz': 65, 'sx': 65, 'ecr': 69, 'x': 44, 'measure': 62}",-1,-1,{},-1,-1,{},-1,-1,{},-1,-1,{},-1,-1,{},-1,-1,{},-1,-1,{},5844,127,"{'rz': 67, 'sx': 67, 'ecr': 70, 'x': 47, 'measure': 62}",-1,-1,{},5909,127,"{'rz': 64, 'sx': 64, 'ecr': 68, 'x': 43, 'measure': 62}",5982,127,"{'rz': 65, 'sx': 65, 'ecr': 69, 'x': 50, 'measure': 62}",-1,-1,{},-1,-1,{},-1,-1,{},2282,65,"{'rz': 63, 'sx': 52, 'cx': 132, 'x': 37, 'measure': 62}",-1,-1,{},-1,-1,{},-1,-1,{},-1,-1,{},-1,-1,{},6209,127,"{'rz': 62, 'sx': 62, 'ecr': 65, 'x': 47, 'measure': 62}",-1,-1,{},-1,-1,{},-1,-1,{},-1,-1,{},-1,-1,{},-1,-1,{},-1,-1,{},5055,127,"{'rz': 65, 'sx': 65, 'ecr': 69, 'x': 40, 'measure': 62}",-1,-1,{},-1,-1,{},-1,-1,{},-1,-1,{},5089,127,"{'rz': 66, 'sx': 66, 'x': 40, 'ecr': 68, 'measure': 62}",-1,-1,{},-1,-1,{},4396,133,"{'rz': 62, 'sx': 62, 'cz': 122, 'x': 10, 'measure': 62}",-1,-1,{},-1,-1,{},-1,-1,{},1945,127,"{'rz': 62, 'sx': 44, 'cx': 135, 'x': 33, 'measure': 62}",-1,-1,{}
9,756,qpeinexact,25,74,"{'cp': 300, 'h': 48, 'measure': 24, 'swap': 12, 'x': 1, 'barrier': 1}",837,27,"{'rz': 25, 'sx': 25, 'x': 14, 'cx': 50, 'measure': 24}",-1,-1,{},-1,-1,{},-1,-1,{},854,27,"{'rz': 25, 'sx': 25, 'x': 19, 'cx': 49, 'measure': 24}",-1,-1,{},-1,-1,{},-1,-1,{},2073,127,"{'rz': 27, 'sx': 27, 'ecr': 26, 'x': 21, 'measure': 24}",830,65,"{'rz': 25, 'sx': 25, 'x': 15, 'cx': 49, 'measure': 24}",-1,-1,{},-1,-1,{},856,28,"{'u2': 25, 'u3': 22, 'cx': 50, 'u1': 23, 'measure': 24}",-1,-1,{},2100,127,"{'rz': 25, 'sx': 25, 'ecr': 24, 'x': 24, 'measure': 24}",-1,-1,{},-1,-1,{},896,27,"{'rz': 25, 'sx': 25, 'x': 14, 'cx': 50, 'measure': 24}",-1,-1,{},883,27,"{'rz': 25, 'sx': 25, 'x': 15, 'cx': 50, 'measure': 24}",-1,-1,{},-1,-1,{},2093,127,"{'rz': 25, 'sx': 25, 'x': 21, 'ecr': 25, 'measure': 24}",830,27,"{'rz': 25, 'sx': 25, 'x': 18, 'cx': 50, 'measure': 24}",1981,127,"{'rz': 25, 'sx': 25, 'x': 21, 'ecr': 25, 'measure': 24}",2099,127,"{'rz': 25, 'sx': 25, 'ecr': 25, 'x': 20, 'measure': 24}",-1,-1,{},-1,-1,{},-1,-1,{},798,65,"{'rz': 25, 'sx': 24, 'x': 17, 'cx': 50, 'measure': 24}",-1,-1,{},-1,-1,{},788,27,"{'rz': 26, 'sx': 25, 'x': 14, 'cx': 54, 'measure': 24}",803,27,"{'rz': 25, 'sx': 25, 'x': 19, 'cx': 47, 'measure': 24}",-1,-1,{},2222,127,"{'rz': 25, 'sx': 25, 'x': 22, 'ecr': 24, 'measure': 24}",-1,-1,{},-1,-1,{},844,27,"{'rz': 25, 'sx': 25, 'cx': 48, 'x': 11, 'measure': 24}",1959,27,"{'rz': 25, 'sx': 25, 'x': 22, 'ecr': 25, 'measure': 24}",-1,-1,{},1361,33,"{'rz': 25, 'sx': 25, 'x': 11, 'cz': 47, 'measure': 24}",-1,-1,{},2003,127,"{'rz': 29, 'sx': 29, 'ecr': 29, 'x': 25, 'measure': 24}",-1,-1,{},847,53,"{'u2': 25, 'u3': 17, 'cx': 53, 'u1': 26, 'measure': 24}",-1,-1,{},-1,-1,{},2302,127,"{'rz': 25, 'sx': 25, 'ecr': 25, 'x': 21, 'measure': 24}",-1,-1,{},844,27,"{'rz': 25, 'sx': 25, 'cx': 48, 'x': 13, 'measure': 24}",1718,133,"{'rz': 25, 'sx': 25, 'cz': 45, 'x': 10, 'measure': 24}",914,27,"{'sx': 25, 'rz': 25, 'cx': 48, 'x': 15, 'measure': 24}",-1,-1,{},-1,-1,{},819,127,"{'rz': 25, 'sx': 25, 'x': 14, 'cx': 50, 'measure': 24}",-1,-1,{}
9,241,qnn,123,1225,"{'cx': 30134, 'p': 15006, 'u2': 246, 'ry': 246, 'measure': 123, 'barrier': 1}",-1,-1,{},-1,-1,{},-1,-1,{},-1,-1,{},-1,-1,{},-1,-1,{},-1,-1,{},-1,-1,{},54823,127,"{'rz': 125, 'sx': 125, 'ecr': 142, 'x': 125, 'measure': 123}",-1,-1,{},-1,-1,{},-1,-1,{},-1,-1,{},-1,-1,{},45896,127,"{'rz': 125, 'sx': 125, 'ecr': 141, 'x': 125, 'measure': 123}",-1,-1,{},-1,-1,{},-1,-1,{},-1,-1,{},-1,-1,{},-1,-1,{},-1,-1,{},48092,127,"{'rz': 124, 'sx': 124, 'ecr': 140, 'x': 124, 'measure': 123}",-1,-1,{},45288,127,"{'rz': 125, 'sx': 125, 'ecr': 141, 'x': 125, 'measure': 123}",38357,127,"{'rz': 125, 'sx': 125, 'ecr': 142, 'x': 125, 'measure': 123}",-1,-1,{},-1,-1,{},-1,-1,{},-1,-1,{},-1,-1,{},-1,-1,{},-1,-1,{},-1,-1,{},-1,-1,{},59826,127,"{'rz': 125, 'sx': 125, 'ecr': 142, 'x': 125, 'measure': 123}",-1,-1,{},-1,-1,{},-1,-1,{},-1,-1,{},-1,-1,{},-1,-1,{},-1,-1,{},46923,127,"{'rz': 125, 'sx': 125, 'ecr': 140, 'x': 125, 'measure': 123}",-1,-1,{},-1,-1,{},-1,-1,{},-1,-1,{},50454,127,"{'rz': 125, 'sx': 125, 'ecr': 142, 'x': 124, 'measure': 123}",-1,-1,{},-1,-1,{},20750,133,"{'rz': 126, 'sx': 127, 'cz': 284, 'x': 57, 'measure': 123}",-1,-1,{},-1,-1,{},-1,-1,{},11625,127,"{'rz': 124, 'sx': 124, 'cx': 278, 'x': 122, 'measure': 123}",-1,-1,{}
9,238,qnn,113,1125,"{'cx': 25424, 'p': 12656, 'u2': 226, 'ry': 226, 'measure': 113, 'barrier': 1}",-1,-1,{},-1,-1,{},-1,-1,{},-1,-1,{},-1,-1,{},-1,-1,{},-1,-1,{},-1,-1,{},40218,127,"{'rz': 115, 'sx': 115, 'ecr': 128, 'x': 115, 'measure': 113}",-1,-1,{},-1,-1,{},-1,-1,{},-1,-1,{},-1,-1,{},36564,127,"{'rz': 123, 'sx': 123, 'ecr': 138, 'x': 123, 'measure': 113}",-1,-1,{},-1,-1,{},-1,-1,{},-1,-1,{},-1,-1,{},-1,-1,{},-1,-1,{},38603,127,"{'rz': 122, 'sx': 122, 'ecr': 137, 'x': 121, 'measure': 113}",-1,-1,{},40208,127,"{'rz': 115, 'sx': 115, 'ecr': 129, 'x': 115, 'measure': 113}",43197,127,"{'rz': 118, 'sx': 118, 'ecr': 133, 'x': 118, 'measure': 113}",-1,-1,{},-1,-1,{},-1,-1,{},-1,-1,{},-1,-1,{},-1,-1,{},-1,-1,{},-1,-1,{},-1,-1,{},37123,127,"{'rz': 118, 'sx': 118, 'ecr': 134, 'x': 118, 'measure': 113}",-1,-1,{},-1,-1,{},-1,-1,{},-1,-1,{},-1,-1,{},-1,-1,{},-1,-1,{},40365,127,"{'rz': 124, 'sx': 124, 'ecr': 139, 'x': 123, 'measure': 113}",-1,-1,{},-1,-1,{},-1,-1,{},-1,-1,{},45837,127,"{'rz': 120, 'sx': 120, 'ecr': 135, 'x': 120, 'measure': 113}",-1,-1,{},-1,-1,{},34403,133,"{'rz': 122, 'sx': 125, 'cz': 280, 'x': 42, 'measure': 113}",-1,-1,{},-1,-1,{},-1,-1,{},18011,127,"{'rz': 115, 'sx': 115, 'cx': 260, 'x': 114, 'measure': 113}",-1,-1,{}
9,345,qft,94,189,"{'cp': 4371, 'h': 94, 'measure': 94, 'swap': 47, 'barrier': 1}",-1,-1,{},-1,-1,{},-1,-1,{},-1,-1,{},-1,-1,{},-1,-1,{},-1,-1,{},-1,-1,{},8826,127,"{'rz': 95, 'sx': 95, 'x': 64, 'ecr': 102, 'measure': 94}",-1,-1,{},-1,-1,{},-1,-1,{},-1,-1,{},-1,-1,{},9113,127,"{'rz': 95, 'sx': 95, 'ecr': 102, 'x': 58, 'measure': 94}",-1,-1,{},-1,-1,{},-1,-1,{},-1,-1,{},-1,-1,{},-1,-1,{},-1,-1,{},9045,127,"{'rz': 96, 'sx': 96, 'ecr': 103, 'x': 68, 'measure': 94}",-1,-1,{},8989,127,"{'x': 66, 'rz': 100, 'sx': 100, 'ecr': 107, 'measure': 94}",11396,127,"{'rz': 95, 'sx': 95, 'ecr': 102, 'x': 61, 'measure': 94}",-1,-1,{},-1,-1,{},-1,-1,{},-1,-1,{},-1,-1,{},-1,-1,{},-1,-1,{},-1,-1,{},-1,-1,{},9813,127,"{'rz': 99, 'sx': 99, 'ecr': 107, 'x': 67, 'measure': 94}",-1,-1,{},-1,-1,{},-1,-1,{},-1,-1,{},-1,-1,{},-1,-1,{},-1,-1,{},10661,127,"{'rz': 97, 'sx': 97, 'x': 69, 'ecr': 103, 'measure': 94}",-1,-1,{},-1,-1,{},-1,-1,{},-1,-1,{},8478,127,"{'rz': 96, 'sx': 96, 'ecr': 102, 'x': 56, 'measure': 94}",-1,-1,{},-1,-1,{},7064,133,"{'rz': 94, 'sx': 94, 'cz': 165, 'x': 12, 'measure': 94}",-1,-1,{},-1,-1,{},-1,-1,{},3566,127,"{'sx': 80, 'rz': 93, 'cx': 207, 'x': 52, 'measure': 94}",-1,-1,{}
9,39,ae,59,348,"{'cp': 1653, 'cx': 116, 'u': 59, 'measure': 59, 'u2': 58, 'u3': 58, 'h': 58, 'barrier': 1}",-1,-1,{},-1,-1,{},-1,-1,{},-1,-1,{},-1,-1,{},-1,-1,{},-1,-1,{},-1,-1,{},6729,127,"{'rz': 60, 'sx': 60, 'ecr': 63, 'x': 46, 'measure': 59}",2024,65,"{'rz': 60, 'sx': 60, 'cx': 128, 'x': 38, 'measure': 59}",-1,-1,{},-1,-1,{},-1,-1,{},-1,-1,{},6064,127,"{'rz': 59, 'sx': 59, 'ecr': 63, 'x': 46, 'measure': 59}",-1,-1,{},-1,-1,{},-1,-1,{},-1,-1,{},-1,-1,{},-1,-1,{},-1,-1,{},6686,127,"{'rz': 63, 'sx': 63, 'ecr': 68, 'x': 44, 'measure': 59}",-1,-1,{},6473,127,"{'rz': 67, 'sx': 67, 'ecr': 72, 'x': 47, 'measure': 59}",6937,127,"{'rz': 59, 'sx': 59, 'ecr': 61, 'x': 46, 'measure': 59}",-1,-1,{},-1,-1,{},-1,-1,{},2566,65,"{'rz': 60, 'sx': 59, 'cx': 132, 'x': 41, 'measure': 59}",-1,-1,{},-1,-1,{},-1,-1,{},-1,-1,{},-1,-1,{},6880,127,"{'rz': 61, 'sx': 61, 'ecr': 65, 'x': 46, 'measure': 59}",-1,-1,{},-1,-1,{},-1,-1,{},-1,-1,{},-1,-1,{},-1,-1,{},-1,-1,{},5463,127,"{'rz': 59, 'sx': 59, 'ecr': 61, 'x': 42, 'measure': 59}",-1,-1,{},-1,-1,{},-1,-1,{},-1,-1,{},5862,127,"{'rz': 60, 'sx': 60, 'ecr': 64, 'x': 45, 'measure': 59}",-1,-1,{},-1,-1,{},5024,133,"{'rz': 61, 'sx': 61, 'cz': 116, 'x': 26, 'measure': 59}",-1,-1,{},-1,-1,{},-1,-1,{},2147,127,"{'rz': 59, 'sx': 59, 'cx': 123, 'x': 37, 'measure': 59}",-1,-1,{}
9,628,qwalk-v-chain,17,398,"{'rccx': 336, 'x': 52, 'ccx': 48, 'measure': 17, 'cx': 6, 'u2': 2, 'h': 1, 'barrier': 1}",5034,27,"{'rz': 17, 'sx': 17, 'cx': 34, 'x': 12, 'measure': 17}",4004,20,"{'u3': 17, 'u2': 17, 'cx': 40, 'u1': 17, 'measure': 17}",-1,-1,{},-1,-1,{},4984,27,"{'rz': 16, 'sx': 16, 'cx': 34, 'x': 14, 'measure': 17}",-1,-1,{},3933,20,"{'u2': 17, 'cx': 40, 'u1': 16, 'u3': 16, 'measure': 17}",-1,-1,{},13228,127,"{'rz': 17, 'sx': 17, 'ecr': 17, 'x': 13, 'measure': 17}",5112,65,"{'rz': 17, 'sx': 17, 'cx': 34, 'x': 12, 'measure': 17}",-1,-1,{},-1,-1,{},4229,28,"{'u2': 17, 'cx': 34, 'u1': 17, 'u3': 16, 'measure': 17}",-1,-1,{},13177,127,"{'rz': 17, 'sx': 17, 'x': 14, 'ecr': 17, 'measure': 17}",-1,-1,{},-1,-1,{},5046,27,"{'rz': 17, 'sx': 17, 'cx': 34, 'x': 11, 'measure': 17}",-1,-1,{},5137,27,"{'rz': 17, 'sx': 17, 'cx': 34, 'x': 12, 'measure': 17}",-1,-1,{},4014,20,"{'u2': 18, 'cx': 46, 'u1': 17, 'u3': 15, 'measure': 17}",12881,127,"{'rz': 17, 'sx': 17, 'x': 15, 'ecr': 17, 'measure': 17}",5133,27,"{'rz': 17, 'sx': 17, 'cx': 34, 'x': 12, 'measure': 17}",13363,127,"{'rz': 17, 'sx': 17, 'ecr': 17, 'x': 14, 'measure': 17}",12904,127,"{'rz': 17, 'sx': 17, 'x': 16, 'ecr': 17, 'measure': 17}",-1,-1,{},-1,-1,{},-1,-1,{},5066,65,"{'rz': 17, 'sx': 17, 'cx': 34, 'x': 15, 'measure': 17}",-1,-1,{},-1,-1,{},4993,27,"{'rz': 17, 'sx': 17, 'cx': 34, 'x': 14, 'measure': 17}",5040,27,"{'rz': 17, 'sx': 17, 'cx': 34, 'x': 13, 'measure': 17}",-1,-1,{},13006,127,"{'rz': 17, 'sx': 17, 'x': 12, 'ecr': 17, 'measure': 17}",-1,-1,{},-1,-1,{},5030,27,"{'rz': 17, 'sx': 17, 'cx': 34, 'x': 12, 'measure': 17}",13353,27,"{'rz': 17, 'sx': 17, 'x': 14, 'ecr': 17, 'measure': 17}",-1,-1,{},8174,33,"{'rz': 17, 'sx': 17, 'cz': 33, 'x': 5, 'measure': 17}",3947,20,"{'u2': 17, 'cx': 46, 'u1': 17, 'u3': 17, 'measure': 17}",13362,127,"{'rz': 17, 'sx': 17, 'x': 12, 'ecr': 17, 'measure': 17}",-1,-1,{},4160,53,"{'u2': 17, 'cx': 34, 'u1': 15, 'u3': 17, 'measure': 17}",-1,-1,{},-1,-1,{},13146,127,"{'rz': 17, 'sx': 17, 'ecr': 17, 'x': 13, 'measure': 17}",3957,20,"{'u3': 17, 'u2': 17, 'cx': 40, 'u1': 16, 'measure': 17}",5158,27,"{'rz': 17, 'sx': 17, 'cx': 34, 'x': 11, 'measure': 17}",8236,133,"{'rz': 17, 'sx': 17, 'cz': 33, 'x': 5, 'measure': 17}",5194,27,"{'rz': 17, 'sx': 17, 'cx': 34, 'x': 13, 'measure': 17}",-1,-1,{},-1,-1,{},5090,127,"{'rz': 17, 'sx': 17, 'cx': 34, 'x': 15, 'measure': 17}",-1,-1,{}
9,205,qft,109,219,"{'cp': 5886, 'h': 109, 'measure': 109, 'swap': 54, 'barrier': 1}",-1,-1,{},-1,-1,{},-1,-1,{},-1,-1,{},-1,-1,{},-1,-1,{},-1,-1,{},-1,-1,{},12290,127,"{'rz': 116, 'sx': 116, 'ecr': 125, 'x': 71, 'measure': 109}",-1,-1,{},-1,-1,{},-1,-1,{},-1,-1,{},-1,-1,{},11010,127,"{'rz': 109, 'sx': 109, 'ecr': 114, 'x': 76, 'measure': 109}",-1,-1,{},-1,-1,{},-1,-1,{},-1,-1,{},-1,-1,{},-1,-1,{},-1,-1,{},11674,127,"{'rz': 110, 'sx': 110, 'x': 72, 'ecr': 120, 'measure': 109}",-1,-1,{},10496,127,"{'rz': 109, 'sx': 109, 'ecr': 117, 'x': 63, 'measure': 109}",12181,127,"{'rz': 109, 'sx': 109, 'ecr': 117, 'x': 66, 'measure': 109}",-1,-1,{},-1,-1,{},-1,-1,{},-1,-1,{},-1,-1,{},-1,-1,{},-1,-1,{},-1,-1,{},-1,-1,{},11900,127,"{'rz': 111, 'sx': 111, 'ecr': 118, 'x': 72, 'measure': 109}",-1,-1,{},-1,-1,{},-1,-1,{},-1,-1,{},-1,-1,{},-1,-1,{},-1,-1,{},11597,127,"{'rz': 109, 'sx': 109, 'ecr': 117, 'x': 74, 'measure': 109}",-1,-1,{},-1,-1,{},-1,-1,{},-1,-1,{},12388,127,"{'rz': 111, 'sx': 111, 'ecr': 122, 'x': 76, 'measure': 109}",-1,-1,{},-1,-1,{},8978,133,"{'rz': 114, 'sx': 115, 'cz': 218, 'x': 18, 'measure': 109}",-1,-1,{},-1,-1,{},-1,-1,{},4720,127,"{'rz': 109, 'cx': 234, 'sx': 75, 'x': 54, 'measure': 109}",-1,-1,{}
9,789,ghz,27,28,"{'measure': 27, 'cx': 26, 'h': 1, 'barrier': 1}",85,27,"{'x': 4, 'rz': 11, 'sx': 11, 'cx': 36, 'measure': 27}",-1,-1,{},-1,-1,{},-1,-1,{},87,27,"{'x': 3, 'rz': 11, 'sx': 11, 'cx': 36, 'measure': 27}",-1,-1,{},-1,-1,{},-1,-1,{},125,127,"{'rz': 27, 'sx': 27, 'ecr': 26, 'x': 8, 'measure': 27}",30,65,"{'rz': 1, 'sx': 1, 'cx': 26, 'measure': 27}",-1,-1,{},-1,-1,{},28,28,"{'u2': 1, 'cx': 26, 'measure': 27}",-1,-1,{},120,127,"{'rz': 27, 'sx': 27, 'ecr': 26, 'x': 13, 'measure': 27}",-1,-1,{},-1,-1,{},80,27,"{'cx': 37, 'x': 2, 'rz': 7, 'sx': 7, 'measure': 27}",-1,-1,{},93,27,"{'rz': 11, 'sx': 11, 'cx': 36, 'measure': 27}",-1,-1,{},-1,-1,{},112,127,"{'rz': 27, 'sx': 27, 'ecr': 26, 'x': 13, 'measure': 27}",89,27,"{'rz': 11, 'sx': 11, 'cx': 36, 'x': 2, 'measure': 27}",131,127,"{'rz': 27, 'sx': 27, 'ecr': 26, 'x': 5, 'measure': 27}",109,127,"{'rz': 27, 'sx': 27, 'ecr': 26, 'x': 15, 'measure': 27}",-1,-1,{},-1,-1,{},-1,-1,{},30,65,"{'rz': 1, 'sx': 1, 'cx': 26, 'measure': 27}",-1,-1,{},-1,-1,{},80,27,"{'rz': 11, 'sx': 11, 'cx': 32, 'x': 2, 'measure': 27}",91,27,"{'x': 1, 'rz': 11, 'sx': 11, 'cx': 36, 'measure': 27}",-1,-1,{},137,127,"{'rz': 27, 'sx': 27, 'ecr': 26, 'x': 2, 'measure': 27}",-1,-1,{},-1,-1,{},92,27,"{'rz': 11, 'sx': 11, 'cx': 35, 'x': 2, 'measure': 27}",234,27,"{'rz': 27, 'sx': 27, 'ecr': 26, 'x': 8, 'measure': 27}",-1,-1,{},173,33,"{'sx': 27, 'rz': 21, 'cz': 40, 'measure': 27}",-1,-1,{},134,127,"{'rz': 27, 'sx': 27, 'ecr': 26, 'x': 2, 'measure': 27}",-1,-1,{},28,53,"{'u2': 1, 'cx': 26, 'measure': 27}",-1,-1,{},-1,-1,{},119,127,"{'rz': 27, 'sx': 27, 'ecr': 26, 'x': 11, 'measure': 27}",-1,-1,{},103,27,"{'x': 1, 'rz': 15, 'sx': 15, 'cx': 33, 'measure': 27}",82,133,"{'rz': 27, 'sx': 27, 'cz': 26, 'measure': 27}",80,27,"{'x': 2, 'rz': 11, 'sx': 11, 'cx': 32, 'measure': 27}",-1,-1,{},-1,-1,{},30,127,"{'rz': 1, 'sx': 1, 'cx': 26, 'measure': 27}",-1,-1,{}
9,698,qft,31,63,"{'cp': 465, 'h': 31, 'measure': 31, 'swap': 15, 'barrier': 1}",-1,-1,{},-1,-1,{},-1,-1,{},-1,-1,{},-1,-1,{},-1,-1,{},-1,-1,{},-1,-1,{},2705,127,"{'rz': 33, 'sx': 33, 'x': 27, 'ecr': 33, 'measure': 31}",950,65,"{'rz': 31, 'sx': 27, 'cx': 70, 'x': 18, 'measure': 31}",-1,-1,{},-1,-1,{},-1,-1,{},-1,-1,{},2117,127,"{'rz': 31, 'sx': 31, 'x': 25, 'ecr': 31, 'measure': 31}",-1,-1,{},-1,-1,{},-1,-1,{},-1,-1,{},-1,-1,{},-1,-1,{},-1,-1,{},2230,127,"{'x': 30, 'rz': 34, 'sx': 34, 'ecr': 35, 'measure': 31}",-1,-1,{},2455,127,"{'rz': 33, 'sx': 33, 'ecr': 35, 'x': 20, 'measure': 31}",2321,127,"{'rz': 34, 'sx': 34, 'ecr': 35, 'x': 21, 'measure': 31}",-1,-1,{},-1,-1,{},-1,-1,{},890,65,"{'sx': 30, 'rz': 33, 'cx': 70, 'x': 23, 'measure': 31}",-1,-1,{},-1,-1,{},-1,-1,{},-1,-1,{},-1,-1,{},2312,127,"{'rz': 32, 'sx': 32, 'x': 27, 'ecr': 33, 'measure': 31}",-1,-1,{},-1,-1,{},-1,-1,{},-1,-1,{},-1,-1,{},1619,33,"{'rz': 31, 'sx': 31, 'cz': 58, 'x': 4, 'measure': 31}",-1,-1,{},2168,127,"{'rz': 32, 'sx': 32, 'x': 25, 'ecr': 32, 'measure': 31}",-1,-1,{},1039,53,"{'u2': 28, 'u3': 25, 'cx': 61, 'u1': 28, 'measure': 31}",-1,-1,{},-1,-1,{},2157,127,"{'rz': 32, 'sx': 32, 'ecr': 33, 'x': 23, 'measure': 31}",-1,-1,{},-1,-1,{},1739,133,"{'rz': 33, 'sx': 35, 'cz': 70, 'x': 3, 'measure': 31}",-1,-1,{},-1,-1,{},-1,-1,{},892,127,"{'rz': 30, 'cx': 67, 'sx': 25, 'x': 20, 'measure': 31}",-1,-1,{}
10,343,qft,44,89,"{'cp': 946, 'h': 44, 'measure': 44, 'swap': 22, 'barrier': 1}",-1,-1,{},-1,-1,{},-1,-1,{},-1,-1,{},-1,-1,{},-1,-1,{},-1,-1,{},-1,-1,{},3942,127,"{'rz': 46, 'sx': 46, 'x': 30, 'ecr': 48, 'measure': 44}",1208,65,"{'rz': 42, 'cx': 96, 'sx': 35, 'x': 25, 'measure': 44}",-1,-1,{},-1,-1,{},-1,-1,{},-1,-1,{},3673,127,"{'rz': 46, 'sx': 46, 'ecr': 48, 'x': 35, 'measure': 44}",-1,-1,{},-1,-1,{},-1,-1,{},-1,-1,{},-1,-1,{},-1,-1,{},-1,-1,{},3593,127,"{'x': 29, 'rz': 44, 'sx': 44, 'ecr': 46, 'measure': 44}",-1,-1,{},3987,127,"{'rz': 45, 'sx': 45, 'x': 32, 'ecr': 49, 'measure': 44}",4114,127,"{'rz': 50, 'sx': 50, 'ecr': 52, 'x': 30, 'measure': 44}",-1,-1,{},-1,-1,{},-1,-1,{},1532,65,"{'sx': 33, 'rz': 44, 'cx': 95, 'x': 25, 'measure': 44}",-1,-1,{},-1,-1,{},-1,-1,{},-1,-1,{},-1,-1,{},3514,127,"{'rz': 52, 'sx': 52, 'ecr': 53, 'x': 36, 'measure': 44}",-1,-1,{},-1,-1,{},-1,-1,{},-1,-1,{},-1,-1,{},-1,-1,{},-1,-1,{},4598,127,"{'rz': 44, 'sx': 44, 'x': 29, 'ecr': 45, 'measure': 44}",-1,-1,{},1213,53,"{'u1': 41, 'cx': 90, 'u3': 30, 'u2': 34, 'measure': 44}",-1,-1,{},-1,-1,{},2828,127,"{'rz': 44, 'sx': 44, 'x': 31, 'ecr': 45, 'measure': 44}",-1,-1,{},-1,-1,{},2727,133,"{'rz': 44, 'sx': 48, 'cz': 88, 'x': 2, 'measure': 44}",-1,-1,{},-1,-1,{},-1,-1,{},1487,127,"{'sx': 36, 'rz': 44, 'cx': 92, 'x': 26, 'measure': 44}",-1,-1,{}
10,153,random,28,337,"{'cx': 511, 'u2': 246, 'cu1': 178, 'u1': 154, 'h': 122, 'u3': 99, 'ry': 76, 's': 45, 'rxx': 32, 'tdg': 29, 'ccx': 29, 'measure': 28, 'sdg': 27, 'cu3': 27, 'cy': 24, 't': 23, 'ch': 22, 'rz': 21, 'cry': 20, 'crz': 20, 'x': 20, 'cswap': 20, 'cp': 19, 'crx': 17, 'cz': 15, 'swap': 14, 'sx': 13, 'rx': 9, 'sxdg': 9, 'p': 7, 'rzz': 6, 'z': 6, 'y': 5, 'u': 3, 'barrier': 1}",-1,-1,{},-1,-1,{},-1,-1,{},-1,-1,{},-1,-1,{},-1,-1,{},-1,-1,{},-1,-1,{},8043,127,"{'rz': 30, 'sx': 30, 'ecr': 32, 'x': 30, 'measure': 28}",2886,65,"{'rz': 28, 'sx': 28, 'cx': 60, 'x': 27, 'measure': 28}",-1,-1,{},-1,-1,{},2171,28,"{'u1': 28, 'u3': 28, 'cx': 60, 'u2': 28, 'measure': 28}",-1,-1,{},7977,127,"{'rz': 28, 'sx': 28, 'ecr': 29, 'x': 27, 'measure': 28}",-1,-1,{},-1,-1,{},-1,-1,{},-1,-1,{},-1,-1,{},-1,-1,{},-1,-1,{},8071,127,"{'rz': 32, 'sx': 32, 'x': 31, 'ecr': 34, 'measure': 28}",-1,-1,{},7125,127,"{'rz': 29, 'sx': 29, 'x': 29, 'ecr': 31, 'measure': 28}",7531,127,"{'rz': 29, 'sx': 29, 'ecr': 31, 'x': 29, 'measure': 28}",-1,-1,{},-1,-1,{},-1,-1,{},2753,65,"{'rz': 28, 'cx': 60, 'sx': 28, 'x': 28, 'measure': 28}",-1,-1,{},-1,-1,{},-1,-1,{},-1,-1,{},-1,-1,{},8237,127,"{'rz': 30, 'sx': 30, 'x': 30, 'ecr': 32, 'measure': 28}",-1,-1,{},-1,-1,{},-1,-1,{},-1,-1,{},-1,-1,{},5030,33,"{'x': 26, 'rz': 28, 'sx': 28, 'cz': 58, 'measure': 28}",-1,-1,{},8252,127,"{'rz': 30, 'sx': 30, 'ecr': 32, 'x': 30, 'measure': 28}",-1,-1,{},2404,53,"{'u3': 28, 'u1': 28, 'cx': 60, 'u2': 28, 'measure': 28}",-1,-1,{},-1,-1,{},7854,127,"{'x': 28, 'rz': 28, 'ecr': 30, 'sx': 28, 'measure': 28}",-1,-1,{},-1,-1,{},4742,133,"{'sx': 28, 'rz': 28, 'cz': 60, 'x': 28, 'measure': 28}",-1,-1,{},-1,-1,{},-1,-1,{},2712,127,"{'rz': 28, 'sx': 28, 'cx': 60, 'x': 27, 'measure': 28}",-1,-1,{}
10,683,qft,125,251,"{'cp': 7750, 'h': 125, 'measure': 125, 'swap': 62, 'barrier': 1}",-1,-1,{},-1,-1,{},-1,-1,{},-1,-1,{},-1,-1,{},-1,-1,{},-1,-1,{},-1,-1,{},12831,127,"{'rz': 125, 'sx': 125, 'ecr': 133, 'x': 81, 'measure': 125}",-1,-1,{},-1,-1,{},-1,-1,{},-1,-1,{},-1,-1,{},12760,127,"{'rz': 125, 'sx': 125, 'ecr': 134, 'x': 85, 'measure': 125}",-1,-1,{},-1,-1,{},-1,-1,{},-1,-1,{},-1,-1,{},-1,-1,{},-1,-1,{},13544,127,"{'rz': 125, 'sx': 125, 'ecr': 132, 'x': 82, 'measure': 125}",-1,-1,{},12632,127,"{'rz': 127, 'sx': 127, 'ecr': 139, 'x': 77, 'measure': 125}",11135,127,"{'rz': 126, 'sx': 126, 'ecr': 135, 'x': 84, 'measure': 125}",-1,-1,{},-1,-1,{},-1,-1,{},-1,-1,{},-1,-1,{},-1,-1,{},-1,-1,{},-1,-1,{},-1,-1,{},13823,127,"{'rz': 126, 'sx': 126, 'ecr': 136, 'x': 87, 'measure': 125}",-1,-1,{},-1,-1,{},-1,-1,{},-1,-1,{},-1,-1,{},-1,-1,{},-1,-1,{},14572,127,"{'rz': 126, 'sx': 126, 'ecr': 138, 'x': 78, 'measure': 125}",-1,-1,{},-1,-1,{},-1,-1,{},-1,-1,{},12808,127,"{'rz': 125, 'sx': 125, 'ecr': 133, 'x': 76, 'measure': 125}",-1,-1,{},-1,-1,{},11575,133,"{'rz': 125, 'sx': 126, 'cz': 234, 'x': 21, 'measure': 125}",-1,-1,{},-1,-1,{},-1,-1,{},4866,127,"{'rz': 125, 'sx': 82, 'cx': 274, 'x': 59, 'measure': 125}",-1,-1,{}
10,516,qwalk-v-chain,7,68,"{'rccx': 36, 'x': 22, 'ccx': 18, 'measure': 7, 'cx': 6, 'u2': 2, 'h': 1, 'barrier': 1}",800,27,"{'rz': 7, 'sx': 7, 'cx': 12, 'x': 3, 'measure': 7}",600,20,"{'u2': 7, 'cx': 14, 'u1': 7, 'u3': 6, 'measure': 7}",-1,-1,{},-1,-1,{},746,27,"{'rz': 7, 'sx': 7, 'cx': 12, 'x': 5, 'measure': 7}",-1,-1,{},603,20,"{'u2': 7, 'cx': 14, 'u1': 7, 'u3': 7, 'measure': 7}",-1,-1,{},1839,127,"{'rz': 7, 'sx': 7, 'ecr': 6, 'x': 6, 'measure': 7}",791,65,"{'rz': 7, 'sx': 7, 'cx': 12, 'x': 4, 'measure': 7}",-1,-1,{},-1,-1,{},644,28,"{'u2': 7, 'cx': 12, 'u1': 6, 'u3': 7, 'measure': 7}",787,7,"{'rz': 7, 'sx': 7, 'cx': 12, 'x': 3, 'measure': 7}",1808,127,"{'rz': 7, 'sx': 7, 'x': 5, 'ecr': 6, 'measure': 7}",-1,-1,{},-1,-1,{},797,27,"{'rz': 7, 'sx': 7, 'cx': 12, 'x': 3, 'measure': 7}",746,16,"{'rz': 7, 'sx': 7, 'cx': 12, 'x': 3, 'measure': 7}",794,27,"{'rz': 7, 'sx': 7, 'cx': 12, 'x': 3, 'measure': 7}",788,7,"{'rz': 7, 'sx': 7, 'cx': 12, 'x': 3, 'measure': 7}",604,20,"{'u2': 7, 'cx': 14, 'u1': 7, 'u3': 5, 'measure': 7}",1980,127,"{'rz': 7, 'sx': 7, 'ecr': 6, 'x': 5, 'measure': 7}",791,27,"{'rz': 7, 'sx': 7, 'cx': 12, 'x': 3, 'measure': 7}",1911,127,"{'rz': 7, 'sx': 7, 'ecr': 6, 'x': 5, 'measure': 7}",1843,127,"{'rz': 7, 'sx': 7, 'x': 6, 'ecr': 6, 'measure': 7}",786,7,"{'rz': 7, 'sx': 7, 'cx': 12, 'x': 3, 'measure': 7}",-1,-1,{},-1,-1,{},740,65,"{'rz': 7, 'sx': 7, 'cx': 12, 'x': 4, 'measure': 7}",-1,-1,{},671,15,"{'rz': 7, 'sx': 7, 'cx': 16, 'x': 5, 'measure': 7}",744,27,"{'rz': 7, 'sx': 7, 'cx': 12, 'x': 3, 'measure': 7}",742,27,"{'rz': 7, 'sx': 7, 'cx': 12, 'x': 3, 'measure': 7}",788,7,"{'rz': 7, 'sx': 7, 'cx': 12, 'x': 3, 'measure': 7}",1830,127,"{'rz': 7, 'sx': 7, 'ecr': 6, 'x': 4, 'measure': 7}",792,7,"{'rz': 7, 'sx': 7, 'cx': 12, 'x': 3, 'measure': 7}",-1,-1,{},795,27,"{'rz': 7, 'sx': 7, 'cx': 12, 'x': 3, 'measure': 7}",1792,27,"{'x': 5, 'rz': 7, 'sx': 7, 'ecr': 6, 'measure': 7}",791,7,"{'rz': 7, 'sx': 7, 'cx': 12, 'x': 3, 'measure': 7}",1163,33,"{'sx': 7, 'rz': 7, 'cz': 11, 'x': 3, 'measure': 7}",601,20,"{'u2': 7, 'cx': 14, 'u1': 7, 'u3': 5, 'measure': 7}",1705,127,"{'rz': 7, 'sx': 7, 'ecr': 6, 'x': 4, 'measure': 7}",-1,-1,{},645,53,"{'u2': 7, 'cx': 12, 'u1': 7, 'u3': 7, 'measure': 7}",-1,-1,{},-1,-1,{},2178,127,"{'rz': 7, 'sx': 7, 'ecr': 6, 'x': 3, 'measure': 7}",571,20,"{'u2': 8, 'cx': 15, 'u1': 5, 'u3': 4, 'measure': 7}",744,27,"{'rz': 7, 'sx': 7, 'cx': 12, 'x': 3, 'measure': 7}",1126,133,"{'rz': 7, 'sx': 7, 'cz': 10, 'x': 3, 'measure': 7}",807,27,"{'rz': 7, 'sx': 7, 'cx': 12, 'x': 3, 'measure': 7}",-1,-1,{},-1,-1,{},791,127,"{'rz': 7, 'sx': 7, 'cx': 12, 'x': 3, 'measure': 7}",-1,-1,{}
10,647,ghz,38,39,"{'measure': 38, 'cx': 37, 'h': 1, 'barrier': 1}",-1,-1,{},-1,-1,{},-1,-1,{},-1,-1,{},-1,-1,{},-1,-1,{},-1,-1,{},-1,-1,{},176,127,"{'rz': 38, 'sx': 38, 'ecr': 37, 'x': 9, 'measure': 38}",41,65,"{'rz': 1, 'sx': 1, 'cx': 37, 'measure': 38}",-1,-1,{},-1,-1,{},-1,-1,{},-1,-1,{},173,127,"{'rz': 38, 'sx': 38, 'ecr': 37, 'x': 12, 'measure': 38}",-1,-1,{},-1,-1,{},-1,-1,{},-1,-1,{},-1,-1,{},-1,-1,{},-1,-1,{},175,127,"{'rz': 38, 'sx': 38, 'ecr': 37, 'x': 10, 'measure': 38}",-1,-1,{},164,127,"{'rz': 38, 'sx': 38, 'ecr': 37, 'x': 17, 'measure': 38}",165,127,"{'rz': 38, 'sx': 38, 'ecr': 37, 'x': 16, 'measure': 38}",-1,-1,{},-1,-1,{},-1,-1,{},41,65,"{'rz': 1, 'sx': 1, 'cx': 37, 'measure': 38}",-1,-1,{},-1,-1,{},-1,-1,{},-1,-1,{},-1,-1,{},175,127,"{'rz': 38, 'sx': 38, 'ecr': 37, 'x': 15, 'measure': 38}",-1,-1,{},-1,-1,{},-1,-1,{},-1,-1,{},-1,-1,{},-1,-1,{},-1,-1,{},166,127,"{'rz': 38, 'sx': 38, 'ecr': 37, 'x': 15, 'measure': 38}",-1,-1,{},39,53,"{'u2': 1, 'cx': 37, 'measure': 38}",-1,-1,{},-1,-1,{},167,127,"{'rz': 38, 'sx': 38, 'ecr': 37, 'x': 14, 'measure': 38}",-1,-1,{},-1,-1,{},115,133,"{'rz': 38, 'sx': 38, 'cz': 37, 'measure': 38}",-1,-1,{},-1,-1,{},-1,-1,{},41,127,"{'rz': 1, 'sx': 1, 'cx': 37, 'measure': 38}",-1,-1,{}
10,5,ae,28,162,"{'cp': 351, 'cx': 54, 'u': 28, 'measure': 28, 'u2': 27, 'u3': 27, 'h': 27, 'barrier': 1}",-1,-1,{},-1,-1,{},-1,-1,{},-1,-1,{},-1,-1,{},-1,-1,{},-1,-1,{},-1,-1,{},2697,127,"{'rz': 28, 'sx': 28, 'ecr': 28, 'x': 24, 'measure': 28}",1034,65,"{'rz': 29, 'sx': 29, 'cx': 55, 'x': 19, 'measure': 28}",-1,-1,{},-1,-1,{},797,28,"{'u2': 28, 'u3': 26, 'cx': 58, 'u1': 25, 'measure': 28}",-1,-1,{},1999,127,"{'rz': 28, 'sx': 28, 'ecr': 27, 'x': 25, 'measure': 28}",-1,-1,{},-1,-1,{},-1,-1,{},-1,-1,{},-1,-1,{},-1,-1,{},-1,-1,{},2462,127,"{'rz': 29, 'sx': 29, 'ecr': 29, 'x': 27, 'measure': 28}",-1,-1,{},2148,127,"{'rz': 29, 'sx': 29, 'ecr': 30, 'x': 23, 'measure': 28}",2116,127,"{'rz': 28, 'sx': 28, 'ecr': 27, 'x': 23, 'measure': 28}",-1,-1,{},-1,-1,{},-1,-1,{},986,65,"{'rz': 28, 'sx': 28, 'cx': 53, 'x': 16, 'measure': 28}",-1,-1,{},-1,-1,{},-1,-1,{},-1,-1,{},-1,-1,{},1865,127,"{'rz': 28, 'sx': 28, 'ecr': 27, 'x': 25, 'measure': 28}",-1,-1,{},-1,-1,{},-1,-1,{},-1,-1,{},-1,-1,{},1685,33,"{'rz': 28, 'sx': 28, 'cz': 52, 'x': 21, 'measure': 28}",-1,-1,{},2436,127,"{'rz': 28, 'sx': 28, 'ecr': 27, 'x': 25, 'measure': 28}",-1,-1,{},776,53,"{'u2': 28, 'u3': 22, 'cx': 52, 'u1': 24, 'measure': 28}",-1,-1,{},-1,-1,{},2454,127,"{'rz': 28, 'sx': 28, 'ecr': 28, 'x': 20, 'measure': 28}",-1,-1,{},-1,-1,{},1748,133,"{'rz': 28, 'sx': 28, 'cz': 48, 'x': 14, 'measure': 28}",-1,-1,{},-1,-1,{},-1,-1,{},971,127,"{'rz': 28, 'sx': 28, 'cx': 49, 'x': 16, 'measure': 28}",-1,-1,{}
10,649,ghz,40,41,"{'measure': 40, 'cx': 39, 'h': 1, 'barrier': 1}",-1,-1,{},-1,-1,{},-1,-1,{},-1,-1,{},-1,-1,{},-1,-1,{},-1,-1,{},-1,-1,{},183,127,"{'rz': 40, 'sx': 40, 'ecr': 39, 'x': 9, 'measure': 40}",43,65,"{'rz': 1, 'sx': 1, 'cx': 39, 'measure': 40}",-1,-1,{},-1,-1,{},-1,-1,{},-1,-1,{},178,127,"{'rz': 40, 'sx': 40, 'ecr': 39, 'x': 12, 'measure': 40}",-1,-1,{},-1,-1,{},-1,-1,{},-1,-1,{},-1,-1,{},-1,-1,{},-1,-1,{},195,127,"{'rz': 40, 'sx': 40, 'ecr': 39, 'x': 7, 'measure': 40}",-1,-1,{},171,127,"{'rz': 40, 'sx': 40, 'ecr': 39, 'x': 18, 'measure': 40}",176,127,"{'rz': 40, 'sx': 40, 'ecr': 39, 'x': 16, 'measure': 40}",-1,-1,{},-1,-1,{},-1,-1,{},43,65,"{'rz': 1, 'sx': 1, 'cx': 39, 'measure': 40}",-1,-1,{},-1,-1,{},-1,-1,{},-1,-1,{},-1,-1,{},188,127,"{'rz': 40, 'sx': 40, 'ecr': 39, 'x': 8, 'measure': 40}",-1,-1,{},-1,-1,{},-1,-1,{},-1,-1,{},-1,-1,{},-1,-1,{},-1,-1,{},162,127,"{'rz': 40, 'sx': 40, 'ecr': 39, 'x': 19, 'measure': 40}",-1,-1,{},41,53,"{'u2': 1, 'cx': 39, 'measure': 40}",-1,-1,{},-1,-1,{},181,127,"{'rz': 40, 'sx': 40, 'ecr': 39, 'x': 13, 'measure': 40}",-1,-1,{},-1,-1,{},121,133,"{'rz': 40, 'sx': 40, 'cz': 39, 'measure': 40}",-1,-1,{},-1,-1,{},-1,-1,{},43,127,"{'rz': 1, 'sx': 1, 'cx': 39, 'measure': 40}",-1,-1,{}
10,514,qwalk-v-chain,25,878,"{'rccx': 792, 'x': 76, 'ccx': 72, 'measure': 25, 'cx': 6, 'u2': 2, 'h': 1, 'barrier': 1}",11265,27,"{'rz': 25, 'sx': 25, 'cx': 52, 'x': 22, 'measure': 25}",-1,-1,{},-1,-1,{},-1,-1,{},11139,27,"{'rz': 25, 'sx': 25, 'cx': 52, 'x': 22, 'measure': 25}",-1,-1,{},-1,-1,{},-1,-1,{},29405,127,"{'rz': 25, 'sx': 25, 'ecr': 26, 'x': 22, 'measure': 25}",11359,65,"{'rz': 25, 'sx': 25, 'cx': 52, 'x': 22, 'measure': 25}",-1,-1,{},-1,-1,{},9452,28,"{'u2': 25, 'cx': 60, 'u1': 25, 'u3': 25, 'measure': 25}",-1,-1,{},29227,127,"{'rz': 25, 'sx': 25, 'x': 23, 'ecr': 26, 'measure': 25}",-1,-1,{},-1,-1,{},11259,27,"{'rz': 25, 'sx': 25, 'cx': 52, 'x': 18, 'measure': 25}",-1,-1,{},11167,27,"{'rz': 25, 'sx': 25, 'cx': 52, 'x': 19, 'measure': 25}",-1,-1,{},-1,-1,{},28835,127,"{'rz': 25, 'sx': 25, 'x': 23, 'ecr': 26, 'measure': 25}",11103,27,"{'rz': 25, 'sx': 25, 'cx': 52, 'x': 20, 'measure': 25}",29530,127,"{'rz': 29, 'sx': 29, 'x': 23, 'ecr': 31, 'measure': 25}",29682,127,"{'rz': 25, 'sx': 25, 'x': 21, 'ecr': 26, 'measure': 25}",-1,-1,{},-1,-1,{},-1,-1,{},11087,65,"{'rz': 25, 'sx': 25, 'cx': 52, 'x': 18, 'measure': 25}",-1,-1,{},-1,-1,{},11128,27,"{'rz': 25, 'sx': 25, 'cx': 52, 'x': 21, 'measure': 25}",11405,27,"{'rz': 25, 'sx': 25, 'cx': 52, 'x': 20, 'measure': 25}",-1,-1,{},29540,127,"{'rz': 25, 'sx': 25, 'ecr': 26, 'x': 21, 'measure': 25}",-1,-1,{},-1,-1,{},11244,27,"{'rz': 25, 'sx': 25, 'cx': 52, 'x': 21, 'measure': 25}",30145,27,"{'rz': 25, 'sx': 25, 'x': 22, 'ecr': 26, 'measure': 25}",-1,-1,{},18567,33,"{'rz': 25, 'sx': 25, 'cz': 51, 'x': 9, 'measure': 25}",-1,-1,{},29719,127,"{'rz': 25, 'sx': 25, 'ecr': 26, 'x': 24, 'measure': 25}",-1,-1,{},9505,53,"{'u2': 25, 'cx': 52, 'u1': 25, 'u3': 23, 'measure': 25}",-1,-1,{},-1,-1,{},29358,127,"{'rz': 25, 'sx': 25, 'x': 21, 'ecr': 26, 'measure': 25}",-1,-1,{},11113,27,"{'rz': 25, 'sx': 25, 'cx': 52, 'x': 17, 'measure': 25}",18049,133,"{'rz': 25, 'sx': 25, 'cz': 52, 'x': 7, 'measure': 25}",11319,27,"{'rz': 25, 'sx': 25, 'cx': 52, 'x': 20, 'measure': 25}",-1,-1,{},-1,-1,{},11292,127,"{'rz': 25, 'sx': 25, 'cx': 52, 'x': 19, 'measure': 25}",-1,-1,{}
10,556,portfolioqaoa,15,63,"{'rzz': 315, 'u3': 30, 'measure': 30, 'u2': 15, 'rx': 15, 'barrier': 2}",842,27,"{'rz': 16, 'sx': 16, 'cx': 36, 'x': 8, 'measure': 15}",627,20,"{'u1': 15, 'u2': 15, 'u3': 15, 'cx': 34, 'measure': 15}",-1,-1,{},-1,-1,{},661,27,"{'rz': 17, 'sx': 17, 'cx': 34, 'x': 8, 'measure': 15}",-1,-1,{},602,20,"{'u2': 16, 'cx': 36, 'u1': 15, 'u3': 15, 'measure': 15}",-1,-1,{},2325,127,"{'rz': 15, 'sx': 15, 'ecr': 14, 'x': 15, 'measure': 15}",536,65,"{'rz': 15, 'sx': 15, 'cx': 28, 'x': 5, 'measure': 15}",-1,-1,{},1390,27,"{'rz': 15, 'sx': 15, 'ecr': 10, 'x': 15, 'cx': 4, 'measure': 15}",846,28,"{'u2': 15, 'cx': 38, 'u1': 16, 'u3': 16, 'measure': 15}",-1,-1,{},2361,127,"{'rz': 15, 'sx': 15, 'ecr': 14, 'x': 15, 'measure': 15}",-1,-1,{},-1,-1,{},814,27,"{'rz': 16, 'sx': 16, 'cx': 34, 'x': 10, 'measure': 15}",872,16,"{'rz': 15, 'sx': 15, 'cx': 30, 'x': 7, 'measure': 15}",663,27,"{'rz': 17, 'sx': 17, 'cx': 34, 'x': 8, 'measure': 15}",-1,-1,{},702,20,"{'u2': 15, 'u3': 16, 'u1': 16, 'cx': 38, 'measure': 15}",1350,127,"{'rz': 15, 'sx': 15, 'ecr': 14, 'x': 15, 'measure': 15}",893,27,"{'rz': 15, 'sx': 15, 'cx': 28, 'x': 7, 'measure': 15}",2336,127,"{'rz': 15, 'sx': 15, 'ecr': 14, 'x': 15, 'measure': 15}",1939,127,"{'rz': 15, 'sx': 15, 'ecr': 14, 'x': 15, 'measure': 15}",-1,-1,{},-1,-1,{},-1,-1,{},847,65,"{'rz': 16, 'sx': 16, 'cx': 38, 'x': 7, 'measure': 15}",-1,-1,{},471,15,"{'rz': 15, 'sx': 15, 'cx': 40, 'x': 12, 'measure': 15}",850,27,"{'rz': 15, 'sx': 15, 'cx': 28, 'x': 8, 'measure': 15}",751,27,"{'rz': 16, 'sx': 16, 'cx': 38, 'x': 10, 'measure': 15}",-1,-1,{},2571,127,"{'rz': 15, 'sx': 15, 'ecr': 14, 'x': 15, 'measure': 15}",-1,-1,{},-1,-1,{},938,27,"{'rz': 16, 'sx': 15, 'cx': 38, 'x': 9, 'measure': 15}",1742,27,"{'rz': 15, 'sx': 15, 'ecr': 15, 'x': 15, 'measure': 15}",-1,-1,{},1457,33,"{'rz': 16, 'sx': 17, 'cz': 32, 'x': 14, 'measure': 15}",669,20,"{'u2': 15, 'u1': 16, 'cx': 36, 'u3': 13, 'measure': 15}",2308,127,"{'rz': 15, 'sx': 15, 'ecr': 14, 'x': 15, 'measure': 15}",-1,-1,{},703,53,"{'u2': 15, 'u1': 15, 'u3': 15, 'cx': 28, 'measure': 15}",-1,-1,{},-1,-1,{},1609,127,"{'rz': 15, 'sx': 15, 'ecr': 14, 'x': 15, 'measure': 15}",627,20,"{'u2': 15, 'u1': 15, 'cx': 34, 'u3': 15, 'measure': 15}",887,27,"{'rz': 15, 'sx': 15, 'cx': 30, 'x': 8, 'measure': 15}",1152,133,"{'rz': 15, 'sx': 15, 'cz': 28, 'x': 11, 'measure': 15}",816,27,"{'rz': 16, 'sx': 16, 'cx': 38, 'x': 12, 'measure': 15}",-1,-1,{},-1,-1,{},666,127,"{'rz': 15, 'sx': 15, 'cx': 28, 'x': 10, 'measure': 15}",-1,-1,{}
10,142,qpeinexact,129,386,"{'cp': 8256, 'h': 256, 'measure': 128, 'swap': 64, 'x': 1, 'barrier': 1}",-1,-1,{},-1,-1,{},-1,-1,{},-1,-1,{},-1,-1,{},-1,-1,{},-1,-1,{},-1,-1,{},-1,-1,{},-1,-1,{},-1,-1,{},-1,-1,{},-1,-1,{},-1,-1,{},-1,-1,{},-1,-1,{},-1,-1,{},-1,-1,{},-1,-1,{},-1,-1,{},-1,-1,{},-1,-1,{},-1,-1,{},-1,-1,{},-1,-1,{},-1,-1,{},-1,-1,{},-1,-1,{},-1,-1,{},-1,-1,{},-1,-1,{},-1,-1,{},-1,-1,{},-1,-1,{},-1,-1,{},-1,-1,{},-1,-1,{},-1,-1,{},-1,-1,{},-1,-1,{},-1,-1,{},-1,-1,{},-1,-1,{},-1,-1,{},-1,-1,{},-1,-1,{},-1,-1,{},-1,-1,{},-1,-1,{},-1,-1,{},-1,-1,{},9602,133,"{'rz': 129, 'sx': 131, 'cz': 243, 'x': 49, 'measure': 128}",-1,-1,{},-1,-1,{},-1,-1,{},-1,-1,{},-1,-1,{}
10,112,qnn,121,1205,"{'cx': 29160, 'p': 14520, 'u2': 242, 'ry': 242, 'measure': 121, 'barrier': 1}",-1,-1,{},-1,-1,{},-1,-1,{},-1,-1,{},-1,-1,{},-1,-1,{},-1,-1,{},-1,-1,{},42221,127,"{'rz': 124, 'sx': 124, 'ecr': 140, 'x': 124, 'measure': 121}",-1,-1,{},-1,-1,{},-1,-1,{},-1,-1,{},-1,-1,{},43266,127,"{'rz': 124, 'sx': 124, 'ecr': 140, 'x': 124, 'measure': 121}",-1,-1,{},-1,-1,{},-1,-1,{},-1,-1,{},-1,-1,{},-1,-1,{},-1,-1,{},44491,127,"{'rz': 124, 'sx': 124, 'ecr': 140, 'x': 124, 'measure': 121}",-1,-1,{},46209,127,"{'rz': 125, 'sx': 125, 'ecr': 141, 'x': 125, 'measure': 121}",53706,127,"{'rz': 125, 'sx': 125, 'ecr': 142, 'x': 125, 'measure': 121}",-1,-1,{},-1,-1,{},-1,-1,{},-1,-1,{},-1,-1,{},-1,-1,{},-1,-1,{},-1,-1,{},-1,-1,{},39688,127,"{'rz': 125, 'sx': 125, 'ecr': 142, 'x': 125, 'measure': 121}",-1,-1,{},-1,-1,{},-1,-1,{},-1,-1,{},-1,-1,{},-1,-1,{},-1,-1,{},46733,127,"{'rz': 125, 'sx': 125, 'ecr': 142, 'x': 125, 'measure': 121}",-1,-1,{},-1,-1,{},-1,-1,{},-1,-1,{},42871,127,"{'rz': 123, 'sx': 123, 'ecr': 139, 'x': 123, 'measure': 121}",-1,-1,{},-1,-1,{},33163,133,"{'rz': 125, 'sx': 125, 'cz': 284, 'x': 59, 'measure': 121}",-1,-1,{},-1,-1,{},-1,-1,{},22839,127,"{'rz': 121, 'sx': 121, 'cx': 272, 'x': 121, 'measure': 121}",-1,-1,{}
10,390,qpeexact,76,227,"{'cp': 2850, 'h': 150, 'measure': 75, 'swap': 37, 'x': 1, 'barrier': 1}",-1,-1,{},-1,-1,{},-1,-1,{},-1,-1,{},-1,-1,{},-1,-1,{},-1,-1,{},-1,-1,{},7202,127,"{'rz': 80, 'sx': 80, 'x': 58, 'ecr': 87, 'measure': 75}",-1,-1,{},-1,-1,{},-1,-1,{},-1,-1,{},-1,-1,{},7690,127,"{'rz': 76, 'sx': 76, 'ecr': 83, 'x': 52, 'measure': 75}",-1,-1,{},-1,-1,{},-1,-1,{},-1,-1,{},-1,-1,{},-1,-1,{},-1,-1,{},8339,127,"{'rz': 80, 'sx': 80, 'ecr': 85, 'x': 57, 'measure': 75}",-1,-1,{},8247,127,"{'rz': 76, 'sx': 76, 'x': 59, 'ecr': 81, 'measure': 75}",8193,127,"{'rz': 78, 'sx': 78, 'ecr': 83, 'x': 54, 'measure': 75}",-1,-1,{},-1,-1,{},-1,-1,{},-1,-1,{},-1,-1,{},-1,-1,{},-1,-1,{},-1,-1,{},-1,-1,{},8384,127,"{'rz': 76, 'sx': 76, 'ecr': 82, 'x': 56, 'measure': 75}",-1,-1,{},-1,-1,{},-1,-1,{},-1,-1,{},-1,-1,{},-1,-1,{},-1,-1,{},9262,127,"{'rz': 76, 'sx': 76, 'ecr': 82, 'x': 50, 'measure': 75}",-1,-1,{},-1,-1,{},-1,-1,{},-1,-1,{},6786,127,"{'rz': 82, 'sx': 82, 'ecr': 91, 'x': 61, 'measure': 75}",-1,-1,{},-1,-1,{},6806,133,"{'rz': 78, 'sx': 82, 'cz': 149, 'x': 24, 'measure': 75}",-1,-1,{},-1,-1,{},-1,-1,{},3498,127,"{'rz': 77, 'sx': 77, 'cx': 166, 'x': 37, 'measure': 75}",-1,-1,{}
10,12,ae,34,198,"{'cp': 528, 'cx': 66, 'u': 34, 'measure': 34, 'u2': 33, 'u3': 33, 'h': 33, 'barrier': 1}",-1,-1,{},-1,-1,{},-1,-1,{},-1,-1,{},-1,-1,{},-1,-1,{},-1,-1,{},-1,-1,{},3600,127,"{'rz': 34, 'sx': 34, 'ecr': 35, 'x': 25, 'measure': 34}",1178,65,"{'rz': 35, 'sx': 35, 'cx': 72, 'x': 23, 'measure': 34}",-1,-1,{},-1,-1,{},-1,-1,{},-1,-1,{},3015,127,"{'rz': 34, 'sx': 34, 'ecr': 35, 'x': 28, 'measure': 34}",-1,-1,{},-1,-1,{},-1,-1,{},-1,-1,{},-1,-1,{},-1,-1,{},-1,-1,{},2933,127,"{'rz': 35, 'sx': 35, 'ecr': 37, 'x': 31, 'measure': 34}",-1,-1,{},3346,127,"{'rz': 34, 'sx': 34, 'ecr': 34, 'x': 28, 'measure': 34}",2985,127,"{'rz': 34, 'sx': 34, 'ecr': 33, 'x': 29, 'measure': 34}",-1,-1,{},-1,-1,{},-1,-1,{},1337,65,"{'rz': 35, 'sx': 35, 'cx': 76, 'x': 22, 'measure': 34}",-1,-1,{},-1,-1,{},-1,-1,{},-1,-1,{},-1,-1,{},3206,127,"{'rz': 35, 'sx': 35, 'ecr': 37, 'x': 32, 'measure': 34}",-1,-1,{},-1,-1,{},-1,-1,{},-1,-1,{},-1,-1,{},-1,-1,{},-1,-1,{},2517,127,"{'rz': 38, 'sx': 38, 'ecr': 41, 'x': 31, 'measure': 34}",-1,-1,{},1159,53,"{'u2': 33, 'u3': 25, 'u1': 33, 'cx': 79, 'measure': 34}",-1,-1,{},-1,-1,{},2811,127,"{'rz': 36, 'sx': 36, 'ecr': 37, 'x': 28, 'measure': 34}",-1,-1,{},-1,-1,{},2212,133,"{'rz': 34, 'sx': 34, 'cz': 65, 'x': 17, 'measure': 34}",-1,-1,{},-1,-1,{},-1,-1,{},1340,127,"{'rz': 34, 'sx': 34, 'cx': 67, 'x': 21, 'measure': 34}",-1,-1,{}
10,35,ae,55,324,"{'cp': 1431, 'cx': 108, 'u': 55, 'measure': 55, 'u2': 54, 'u3': 54, 'h': 54, 'barrier': 1}",-1,-1,{},-1,-1,{},-1,-1,{},-1,-1,{},-1,-1,{},-1,-1,{},-1,-1,{},-1,-1,{},6226,127,"{'rz': 56, 'sx': 56, 'ecr': 58, 'x': 43, 'measure': 55}",2051,65,"{'rz': 56, 'sx': 56, 'cx': 130, 'x': 38, 'measure': 55}",-1,-1,{},-1,-1,{},-1,-1,{},-1,-1,{},4973,127,"{'rz': 56, 'sx': 56, 'ecr': 60, 'x': 40, 'measure': 55}",-1,-1,{},-1,-1,{},-1,-1,{},-1,-1,{},-1,-1,{},-1,-1,{},-1,-1,{},4559,127,"{'rz': 55, 'sx': 55, 'ecr': 56, 'x': 43, 'measure': 55}",-1,-1,{},5027,127,"{'rz': 55, 'sx': 55, 'ecr': 57, 'x': 39, 'measure': 55}",6035,127,"{'rz': 59, 'sx': 59, 'ecr': 63, 'x': 48, 'measure': 55}",-1,-1,{},-1,-1,{},-1,-1,{},2421,65,"{'rz': 55, 'sx': 55, 'cx': 116, 'x': 35, 'measure': 55}",-1,-1,{},-1,-1,{},-1,-1,{},-1,-1,{},-1,-1,{},5408,127,"{'rz': 60, 'sx': 60, 'ecr': 65, 'x': 48, 'measure': 55}",-1,-1,{},-1,-1,{},-1,-1,{},-1,-1,{},-1,-1,{},-1,-1,{},-1,-1,{},5753,127,"{'rz': 56, 'sx': 56, 'ecr': 60, 'x': 43, 'measure': 55}",-1,-1,{},-1,-1,{},-1,-1,{},-1,-1,{},5143,127,"{'rz': 57, 'sx': 57, 'ecr': 61, 'x': 43, 'measure': 55}",-1,-1,{},-1,-1,{},4459,133,"{'rz': 55, 'sx': 57, 'cz': 106, 'x': 28, 'measure': 55}",-1,-1,{},-1,-1,{},-1,-1,{},2412,127,"{'rz': 55, 'sx': 55, 'cx': 118, 'x': 31, 'measure': 55}",-1,-1,{}
10,540,ghz,73,74,"{'measure': 73, 'cx': 72, 'h': 1, 'barrier': 1}",-1,-1,{},-1,-1,{},-1,-1,{},-1,-1,{},-1,-1,{},-1,-1,{},-1,-1,{},-1,-1,{},350,127,"{'rz': 73, 'sx': 73, 'ecr': 72, 'x': 17, 'measure': 73}",-1,-1,{},-1,-1,{},-1,-1,{},-1,-1,{},-1,-1,{},330,127,"{'rz': 73, 'sx': 73, 'ecr': 72, 'x': 31, 'measure': 73}",-1,-1,{},-1,-1,{},-1,-1,{},-1,-1,{},-1,-1,{},-1,-1,{},-1,-1,{},330,127,"{'rz': 73, 'sx': 73, 'ecr': 72, 'x': 25, 'measure': 73}",-1,-1,{},327,127,"{'rz': 73, 'sx': 73, 'ecr': 72, 'x': 26, 'measure': 73}",328,127,"{'rz': 73, 'sx': 73, 'ecr': 72, 'x': 24, 'measure': 73}",-1,-1,{},-1,-1,{},-1,-1,{},-1,-1,{},-1,-1,{},-1,-1,{},-1,-1,{},-1,-1,{},-1,-1,{},307,127,"{'rz': 73, 'sx': 73, 'ecr': 72, 'x': 36, 'measure': 73}",-1,-1,{},-1,-1,{},-1,-1,{},-1,-1,{},-1,-1,{},-1,-1,{},-1,-1,{},318,127,"{'rz': 73, 'sx': 73, 'ecr': 72, 'x': 28, 'measure': 73}",-1,-1,{},-1,-1,{},-1,-1,{},-1,-1,{},335,127,"{'rz': 73, 'sx': 73, 'ecr': 72, 'x': 20, 'measure': 73}",-1,-1,{},-1,-1,{},220,133,"{'rz': 73, 'sx': 73, 'cz': 72, 'measure': 73}",-1,-1,{},-1,-1,{},-1,-1,{},76,127,"{'rz': 1, 'sx': 1, 'cx': 72, 'measure': 73}",-1,-1,{}
