task_id,backend,width,depth,gates_errors,critical_path,readout_errors
1,algiers,27,242,"{'rz_3': 0.0030624782873868704, 'sx_3': 0.00020971415765103286, 'rz_5': 0.004482919344212904, 'sx_5': 0.00023568810467765412, 'sx_8': 0.00014677579882956408, 'rz_8': 0.002428512019130191, 'rz_9': 0.0016233429729286444, 'sx_9': 0.0002425125860515617, 'rz_11': 0.004311196545498988, 'sx_11': 0.00022418135524221932, 'rz_12': 0.0016281405972876407, 'sx_12': 0.0005363385792100055, 'rz_13': 0.003188263424746277, 'sx_13': 0.0004906716948563812, 'rz_14': 0.0038167210024614125, 'sx_14': 0.00017517554799118665, 'rz_15': 0.003679562482606778, 'sx_15': 0.0007600720263561464, 'cx_12_15': 0.007225594073887148, 'x_12': 0.0005363385792100055, 'cx_13_12': 0.00463673736108855, 'cx_13_14': 0.0060574085183768556, 'cx_14_13': 0.0060574085183768556, 'rz_16': 0.0022203262094608284, 'sx_16': 0.0005383169129881337, 'cx_16_14': 0.013870374195214918, 'cx_11_14': 0.006981360920830071, 'cx_14_11': 0.006981360920830071, 'cx_11_8': 0.005781043012329068, 'cx_9_8': 0.009104391439261922, 'cx_8_5': 0.008257776031444564, 'cx_5_8': 0.008257776031444564, 'cx_3_5': 0.006631426504692228, 'cx_5_3': 0.006631426504692228, 'x_11': 0.00022418135524221932, 'cx_8_11': 0.005781043012329068, 'cx_8_9': 0.009104391439261922, 'cx_14_16': 0.013870374195214918, 'x_13': 0.0004906716948563812, 'measure_11': 0.008599999999999941, 'measure_8': 0.007299999999999973, 'measure_14': 0.011800000000000033, 'measure_9': 0.007900000000000018, 'measure_5': 0.00770000000000004, 'measure_16': 0.043300000000000005, 'measure_13': 0.02210000000000001, 'measure_12': 0.011099999999999999, 'measure_15': 0.008000000000000007, 'measure_3': 0.01090000000000002}","{'rz_12': 36.23177839618544, 'sx_12': 35.55555555555556, 'cx_12_15': 469.3333333333333, 'x_12': 35.55555555555556, 'cx_13_12': 213.33333333333331, 'sx_13': 35.55555555555556, 'rz_13': 78.66903977463284, 'cx_13_14': 355.55555555555554, 'cx_14_13': 391.1111111111111, 'cx_16_14': 497.7777777777778, 'rz_14': 87.06951261035053, 'sx_14': 35.55555555555556, 'cx_11_14': 376.88888888888886, 'cx_14_11': 412.4444444444444, 'rz_11': 94.14901025562838, 'sx_11': 35.55555555555556, 'cx_11_8': 362.66666666666663, 'rz_8': 43.76658506648507, 'sx_8': 35.55555555555556, 'cx_9_8': 398.2222222222222, 'cx_8_5': 398.2222222222222, 'cx_5_8': 362.66666666666663, 'cx_3_5': 348.4444444444444, 'rz_5': 31.070878643877858, 'sx_5': 35.55555555555556, 'cx_5_3': 384.0, 'x_11': 35.55555555555556, 'cx_8_11': 398.2222222222222, 'cx_8_9': 362.66666666666663, 'rz_9': 66.10637295567196, 'cx_14_16': 462.2222222222222, 'rz_16': 43.116844619126184, 'measure_3': 910.2222222222222}","{'3': 0.01090000000000002, '5': 0.00770000000000004, '8': 0.007299999999999973, '9': 0.007900000000000018, '11': 0.008599999999999941, '12': 0.011099999999999999, '13': 0.02210000000000001, '14': 0.011800000000000033, '15': 0.008000000000000007, '16': 0.043300000000000005}"
1,almaden,20,192,"{'u2_7': 0.002476289962052625, 'u2_9': 0.00037827886659219667, 'u2_10': 0.004490211390377991, 'u2_11': 0.0006406681088573286, 'u2_12': 0.0008119155425188793, 'u2_13': 0.0008670699238243136, 'u2_14': 0.0007263405207647444, 'u3_16': 0.0013437834325376041, 'u2_17': 0.0006755162524116166, 'cx_17_16': 0.013682673991560784, 'cx_16_11': 0.017304741012142633, 'cx_11_16': 0.017304741012142633, 'cx_10_11': 0.0671824379600231, 'u3_11': 0.0012809257620889358, 'u1_10': 0.00043173017566359566, 'u1_16': 0.00371561070364423, 'cx_11_12': 0.01686952643464759, 'cx_12_11': 0.01686952643464759, 'u3_17': 0.0013505761826159146, 'cx_7_12': 0.024499869373118682, 'u3_12': 0.001623171878189611, 'u1_7': 0.0039615867219184794, 'cx_13_12': 0.01786250604752221, 'u1_11': 0.0010854701864709676, 'cx_12_13': 0.01786250604752221, 'cx_13_14': 0.013264067904028926, 'cx_14_13': 0.013264067904028926, 'cx_9_14': 0.011060396302206316, 'u3_14': 0.0014521534709772688, 'u2_18': 0.0015070669745671861, 'cx_18_13': 0.02294636596367508, 'cx_13_18': 0.02294636596367508, 'u1_18': 0.002598606570644652, 'u1_13': 0.004018656458947086, 'cx_14_9': 0.011060396302206316, 'u1_14': 0.0045226580159880925, 'u1_12': 0.0029583894674509426, 'u2_16': 0.0006721175872943437, 'cx_16_17': 0.013682673991560784, 'cx_11_10': 0.0671824379600231, 'cx_12_7': 0.024499869373118682, 'measure_12': 0.023333333333333317, 'measure_13': 0.04499999999999993, 'measure_11': 0.02499999999999991, 'measure_7': 0.22666666666666657, 'measure_14': 0.02499999999999991, 'measure_18': 0.036666666666666625, 'measure_16': 0.04499999999999993, 'measure_10': 0.07666666666666666, 'measure_17': 0.026666666666666616, 'measure_9': 0.018333333333333313}","{'u2_17': 35.55555555555556, 'cx_17_16': 291.55555555555554, 'u3_16': 71.11111111111111, 'cx_16_11': 405.3333333333333, 'cx_11_16': 369.77777777777777, 'cx_10_11': 348.4444444444444, 'u3_11': 71.11111111111111, 'cx_11_12': 327.1111111111111, 'cx_12_11': 362.66666666666663, 'cx_7_12': 348.4444444444444, 'u3_12': 71.11111111111111, 'cx_13_12': 376.88888888888886, 'cx_12_13': 341.3333333333333, 'cx_13_14': 263.1111111111111, 'cx_14_13': 298.66666666666663, 'cx_9_14': 305.77777777777777, 'u3_14': 71.11111111111111, 'cx_18_13': 469.3333333333333, 'cx_13_18': 504.8888888888888, 'cx_14_9': 270.22222222222223, 'u1_14': 23.815331341333398, 'u1_13': 18.798398853282144, 'u1_12': 97.89371383229246, 'u2_13': 35.55555555555556, 'u1_18': 16.962995738736183, 'u2_11': 35.55555555555556, 'u2_12': 35.55555555555556, 'cx_12_7': 312.88888888888886, 'u1_7': 42.27240036153639, 'u1_11': 49.887485556470665, 'measure_9': 23.365257690530413}","{'7': 0.22666666666666657, '9': 0.018333333333333313, '10': 0.07666666666666666, '11': 0.02499999999999991, '12': 0.023333333333333317, '13': 0.04499999999999993, '14': 0.02499999999999991, '16': 0.04499999999999993, '17': 0.026666666666666616, '18': 0.036666666666666625}"
1,auckland,27,259,"{'sx_2': 0.00016329712402304687, 'rz_3': 0.0015174891272827322, 'sx_3': 0.0001646441454011488, 'rz_5': 0.00045808894234554805, 'sx_5': 0.00038717364065691374, 'rz_8': 0.0005375409245619767, 'sx_8': 0.00033209289829961013, 'rz_9': 0.003171598932593838, 'sx_9': 0.00021459908354215754, 'rz_11': 0.0017597989542578385, 'sx_11': 0.00025364853154237834, 'rz_12': 0.00024738769885060034, 'sx_12': 0.00015605807821230923, 'rz_13': 0.004245389301013438, 'sx_13': 0.00029739363179632713, 'rz_14': 0.00297906597267222, 'sx_14': 0.0002788949755109307, 'cx_13_14': 0.008826369125610523, 'cx_12_13': 0.005597559085368908, 'cx_13_12': 0.005597559085368908, 'rz_16': 0.0014299999997549136, 'sx_16': 0.0003055612963743264, 'cx_16_14': 0.007076615747205195, 'cx_14_11': 0.008345537525996677, 'cx_11_14': 0.008345537525996677, 'cx_8_11': 0.0073757300178272645, 'cx_9_8': 0.006674939255656931, 'cx_11_8': 0.0073757300178272645, 'cx_8_5': 0.007666231736729673, 'cx_5_8': 0.007666231736729673, 'cx_3_5': 0.007696913168048103, 'cx_5_3': 0.007696913168048103, 'cx_2_3': 0.005163243855750427, 'rz_2': 0.004470540081721114, 'cx_14_13': 0.008826369125610523, 'x_13': 0.00029739363179632713, 'x_14': 0.0002788949755109307, 'x_5': 0.00038717364065691374, 'x_8': 0.00033209289829961013, 'cx_14_16': 0.007076615747205195, 'cx_8_9': 0.006674939255656931, 'x_11': 0.00025364853154237834, 'measure_8': 0.010499999999999954, 'measure_5': 0.008399999999999963, 'measure_11': 0.00550000000000006, 'measure_3': 0.010099999999999998, 'measure_9': 0.008199999999999985, 'measure_14': 0.007500000000000062, 'measure_13': 0.007800000000000029, 'measure_16': 0.007600000000000051, 'measure_12': 0.011700000000000044, 'measure_2': 0.007500000000000062}","{'rz_14': 63.59346598518218, 'sx_14': 35.55555555555556, 'cx_13_14': 462.2222222222222, 'cx_16_14': 391.1111111111111, 'cx_14_11': 334.22222222222223, 'cx_11_14': 369.77777777777777, 'rz_11': 66.01077672981533, 'sx_11': 35.55555555555556, 'cx_8_11': 369.77777777777777, 'sx_8': 35.55555555555556, 'rz_8': 49.07273918904496, 'cx_9_8': 476.4444444444444, 'cx_11_8': 405.3333333333333, 'cx_8_5': 327.1111111111111, 'cx_5_8': 362.66666666666663, 'cx_3_5': 320.0, 'sx_5': 35.55555555555556, 'rz_5': 13.797847334014389, 'cx_5_3': 284.44444444444446, 'rz_3': 25.091237055259256, 'sx_3': 35.55555555555556, 'cx_2_3': 355.55555555555554, 'sx_2': 35.55555555555556, 'x_8': 35.55555555555556, 'cx_14_16': 355.55555555555554, 'cx_8_9': 440.88888888888886, 'measure_2': 785.7777777777777}","{'2': 0.007500000000000062, '3': 0.010099999999999998, '5': 0.008399999999999963, '8': 0.010499999999999954, '9': 0.008199999999999985, '11': 0.00550000000000006, '12': 0.011700000000000044, '13': 0.007800000000000029, '14': 0.007500000000000062, '16': 0.007600000000000051}"
1,boeblingen,20,197,"{'u2_1': 0.00031184241260348973, 'u2_2': 0.0005399110585891418, 'u2_3': 0.00032460860123477756, 'u2_4': 0.00046067926001784333, 'u3_7': 0.0010579891113060569, 'u2_8': 0.0003812601426374729, 'u2_9': 0.0004900653901014868, 'u2_11': 0.0007456548534376229, 'u3_12': 0.0007042291287553404, 'u2_13': 0.0007872376369094243, 'cx_13_12': 0.014428107180732508, 'u1_13': 0.0008382535805875092, 'cx_11_12': 0.011780720077114976, 'u1_11': 0.0018142670031452961, 'cx_12_7': 0.0102133125336899, 'u2_12': 0.00035217657854891987, 'cx_7_8': 0.010609710294715358, 'cx_8_7': 0.010609710294715358, 'cx_3_8': 0.010804369721755996, 'u3_8': 0.0007623749259786372, 'cx_4_3': 0.01422352546224151, 'cx_3_4': 0.01422352546224151, 'u1_4': 0.0049399282749182085, 'cx_9_8': 0.016477892085117074, 'u1_9': 0.003635306075161932, 'u1_7': 0.0029645761848378195, 'cx_8_3': 0.010804369721755996, 'cx_3_2': 0.01251619290964262, 'cx_2_3': 0.01251619290964262, 'cx_1_2': 0.010429708285584843, 'u3_2': 0.0010795306132271865, 'cx_2_1': 0.010429708285584843, 'u1_2': 0.00017610882637707442, 'u1_3': 0.0028497778350952425, 'u1_8': 0.0015366984367759656, 'u2_7': 0.0005291345473375843, 'u1_12': 0.0008198374477461855, 'cx_12_11': 0.011780720077114976, 'u3_3': 0.0006491118317254463, 'cx_8_9': 0.016477892085117074, 'u3_9': 0.0009798906161162524, 'cx_13_14': 0.016644300532046796, 'cx_14_13': 0.016644300532046796, 'u2_14': 0.00041971114150360074, 'cx_14_9': 0.01770335844976184, 'u3_14': 0.000839246125564963, 'measure_8': 0.05459999999999998, 'measure_3': 0.023299999999999987, 'measure_9': 0.036699999999999955, 'measure_2': 0.06820000000000004, 'measure_4': 0.03259999999999996, 'measure_7': 0.04079999999999995, 'measure_14': 0.03279999999999994, 'measure_12': 0.04059999999999997, 'measure_11': 0.031399999999999983, 'measure_1': 0.03849999999999998}","{'u2_13': 35.55555555555556, 'cx_13_12': 419.55555555555554, 'u3_12': 71.11111111111111, 'cx_11_12': 334.22222222222223, 'cx_12_7': 270.22222222222223, 'u2_12': 35.55555555555556, 'u3_7': 71.11111111111111, 'cx_7_8': 412.4444444444444, 'cx_8_7': 448.0, 'cx_3_8': 327.1111111111111, 'u3_8': 71.11111111111111, 'cx_4_3': 732.4444444444445, 'cx_3_4': 768.0, 'cx_9_8': 490.66666666666663, 'cx_8_3': 362.66666666666663, 'cx_3_2': 241.77777777777774, 'cx_2_3': 277.3333333333333, 'cx_1_2': 334.22222222222223, 'u3_2': 71.11111111111111, 'cx_2_1': 298.66666666666663, 'u1_2': 56.239994779456275, 'u1_3': 52.976820543779745, 'u1_8': 57.279119389456696, 'u1_12': 38.673144537209275, 'cx_12_11': 298.66666666666663, 'u2_7': 35.55555555555556, 'cx_8_9': 455.1111111111111, 'u2_3': 35.55555555555556, 'u1_4': 81.4853506320538, 'u1_9': 65.46944719110564, 'u2_8': 35.55555555555556, 'measure_1': 5813.333333333333}","{'1': 0.03849999999999998, '2': 0.06820000000000004, '3': 0.023299999999999987, '4': 0.03259999999999996, '7': 0.04079999999999995, '8': 0.05459999999999998, '9': 0.036699999999999955, '11': 0.031399999999999983, '12': 0.04059999999999997, '14': 0.03279999999999994}"
1,brisbane,127,499,"{'rz_2': 0.0005964176075937383, 'sx_2': 0.0007627363658695768, 'rz_3': 0.004213144439115542, 'sx_3': 0.0001018005759596194, 'sx_4': 0.0012599820528993257, 'rz_4': 0.001321414370852079, 'ecr_4_3': 0.006435937434493222, 'ecr_3_2': 0.0069698307041639596, 'rz_5': 0.004819295788002223, 'sx_5': 0.00012769169367837923, 'ecr_4_5': 0.004250181425420468, 'x_4': 0.0012599820528993257, 'rz_6': 0.0030171580510929105, 'sx_6': 0.00014108262009159068, 'ecr_6_5': 0.005575704364881168, 'rz_15': 0.004931985545265515, 'sx_15': 0.00014422003735761768, 'ecr_4_15': 0.004865335235039098, 'rz_20': 0.002708671590727953, 'sx_20': 0.00028656481071536155, 'rz_21': 0.002589696301745076, 'sx_21': 0.0001584551974156572, 'rz_22': 0.0008341761349598259, 'sx_22': 0.00013957979382311464, 'ecr_15_22': 0.004478390041435465, 'x_15': 0.00014422003735761768, 'rz_23': 0.0005105559006708398, 'sx_23': 0.0004136671533554794, 'ecr_22_23': 0.008161146064847968, 'x_22': 0.00013957979382311464, 'ecr_21_22': 0.004330397179295814, 'ecr_21_20': 0.0034817738017980937, 'x_23': 0.0004136671533554794, 'x_21': 0.0001584551974156572, 'x_6': 0.00014108262009159068, 'x_5': 0.00012769169367837923, 'measure_15': 0.009400000000000075, 'measure_22': 0.014700000000000046, 'measure_4': 0.013800000000000034, 'measure_21': 0.009399999999999964, 'measure_23': 0.00990000000000002, 'measure_5': 0.00770000000000004, 'measure_6': 0.01110000000000011, 'measure_3': 0.025000000000000022, 'measure_2': 0.007500000000000062, 'measure_20': 0.011199999999999988}","{'rz_3': 74.27753087858956, 'sx_3': 59.99999999999999, 'ecr_4_3': 660.0, 'rz_4': 98.5388713134859, 'ecr_4_5': 660.0, 'rz_5': 23.577100301648272, 'sx_5': 59.99999999999999, 'ecr_6_5': 660.0, 'rz_6': 96.57911194530739, 'sx_6': 59.99999999999999, 'x_4': 59.99999999999999, 'ecr_4_15': 660.0, 'sx_4': 59.99999999999999, 'rz_15': 67.88028439060892, 'ecr_15_22': 660.0, 'rz_22': 77.55021045448153, 'sx_22': 59.99999999999999, 'ecr_22_23': 660.0, 'x_22': 59.99999999999999, 'sx_15': 59.99999999999999, 'ecr_21_22': 660.0, 'rz_21': 96.92688106511112, 'sx_21': 59.99999999999999, 'ecr_21_20': 660.0, 'rz_20': 89.97127176596778, 'sx_20': 59.99999999999999, 'x_15': 59.99999999999999, 'rz_23': 90.19546087609203, 'sx_23': 59.99999999999999, 'measure_20': 4000.0}","{'2': 0.007500000000000062, '3': 0.025000000000000022, '4': 0.013800000000000034, '5': 0.00770000000000004, '6': 0.01110000000000011, '15': 0.009400000000000075, '20': 0.011199999999999988, '21': 0.009399999999999964, '22': 0.014700000000000046, '23': 0.00990000000000002}"
1,brooklyn,65,231,"{'rz_31': 0.004502437129578773, 'sx_31': 0.0002938611705906998, 'rz_38': 0.0007913521563000704, 'sx_38': 0.00029888321274993464, 'sx_39': 0.00036642043367876337, 'rz_41': 0.0026381453259664107, 'sx_41': 0.00041715326699405053, 'cx_41_38': 0.009953732386281805, 'x_41': 0.00041715326699405053, 'rz_42': 0.002472779244940313, 'sx_42': 0.00028948591058396557, 'cx_42_41': 0.008206738015961917, 'rz_43': 0.0036670139632569176, 'sx_43': 0.000342659260850326, 'cx_42_43': 0.011524454971825998, 'cx_43_42': 0.011524454971825998, 'rz_44': 0.0021904314174993537, 'sx_44': 0.00031830216786654615, 'sx_45': 0.0003618511139033147, 'rz_45': 0.004335819660609604, 'rz_46': 0.0009462213145065301, 'sx_46': 0.00046396859667496767, 'rz_52': 0.004048456058526316, 'sx_52': 0.0002854423003022408, 'cx_52_43': 0.00851159406526572, 'cx_44_43': 0.009682294339593528, 'cx_44_45': 0.006689980705278348, 'cx_39_45': 0.009306120852551947, 'rz_39': 0.00034284340537351976, 'cx_46_45': 0.0091944577416119, 'cx_45_46': 0.0091944577416119, 'cx_31_39': 0.009428260800697197, 'cx_45_39': 0.009306120852551947, 'cx_39_31': 0.009428260800697197, 'x_44': 0.00031830216786654615, 'cx_43_44': 0.009682294339593528, 'cx_45_44': 0.006689980705278348, 'cx_43_52': 0.00851159406526572, 'x_42': 0.00028948591058396557, 'measure_44': 0.023800000000000043, 'measure_45': 0.021500000000000075, 'measure_43': 0.017199999999999993, 'measure_46': 0.018299999999999983, 'measure_39': 0.015900000000000025, 'measure_52': 0.016900000000000026, 'measure_42': 0.0252, 'measure_41': 0.016100000000000003, 'measure_38': 0.024599999999999955, 'measure_31': 0.013800000000000034}","{'rz_41': 42.464703828990146, 'sx_41': 35.55555555555556, 'cx_41_38': 305.77777777777777, 'x_41': 35.55555555555556, 'cx_42_41': 284.44444444444446, 'sx_42': 35.55555555555556, 'rz_42': 40.998482749545325, 'cx_42_43': 519.1111111111111, 'cx_43_42': 554.6666666666666, 'cx_52_43': 298.66666666666663, 'rz_43': 21.720071374449823, 'sx_43': 35.55555555555556, 'cx_44_43': 341.3333333333333, 'sx_44': 35.55555555555556, 'rz_44': 95.85707411467317, 'cx_44_45': 270.22222222222223, 'rz_45': 71.88126319192952, 'sx_45': 35.55555555555556, 'cx_39_45': 320.0, 'sx_39': 35.55555555555556, 'rz_39': 27.753309053592993, 'cx_31_39': 320.0, 'cx_45_39': 355.55555555555554, 'cx_39_31': 284.44444444444446, 'cx_46_45': 327.1111111111111, 'cx_43_44': 376.88888888888886, 'cx_45_46': 362.66666666666663, 'rz_46': 22.164206670994822, 'cx_45_44': 305.77777777777777, 'cx_43_52': 263.1111111111111, 'rz_52': 21.91117581606533, 'measure_31': 3900.444444444444}","{'38': 0.024599999999999955, '39': 0.015900000000000025, '41': 0.016100000000000003, '42': 0.0252, '43': 0.017199999999999993, '44': 0.023800000000000043, '45': 0.021500000000000075, '46': 0.018299999999999983, '52': 0.016900000000000026, '31': 0.013800000000000034}"
1,cairo,27,389,"{'rz_2': 0.004324261264237891, 'sx_2': 0.00019130997527639547, 'rz_3': 0.002312804422773309, 'sx_3': 0.00018544961195030864, 'rz_5': 0.004730239115710301, 'sx_5': 0.0007276964427070959, 'rz_8': 0.0021806598510193042, 'sx_8': 0.0003189211704852997, 'rz_9': 0.0015251421078224389, 'sx_9': 0.002149484143563874, 'rz_11': 0.0011728388794391906, 'rz_12': 0.004273341431266901, 'sx_12': 0.00019690066786905942, 'sx_13': 0.00021025229373819053, 'rz_13': 0.0010330631410891938, 'ecr_12_13': 0.017723842028994075, 'x_13': 0.00021025229373819053, 'sx_14': 0.0003132943159107299, 'cx_13_14': 0.004313375447630996, 'rz_14': 0.002143182115060567, 'rz_16': 0.0033459854575517136, 'sx_16': 0.00015207938169427824, 'cx_16_14': 0.0050279783971743375, 'ecr_11_14': 0.015095996637669529, 'sx_11': 0.0001920731945417019, 'ecr_8_11': 0.013944148603911827, 'x_11': 0.0001920731945417019, 'ecr_9_8': 0.011018129152638861, 'x_9': 0.002149484143563874, 'cx_5_8': 0.00692086024094965, 'x_5': 0.0007276964427070959, 'cx_3_5': 0.00674092741564572, 'ecr_3_2': 0.009230295303847003, 'x_2': 0.00019130997527639547, 'x_3': 0.00018544961195030864, 'x_8': 0.0003189211704852997, 'x_16': 0.00015207938169427824, 'measure_8': 0.027000000000000024, 'measure_5': 0.02859999999999996, 'measure_11': 0.00770000000000004, 'measure_3': 0.016799999999999926, 'measure_9': 0.09820000000000007, 'measure_14': 0.013900000000000023, 'measure_13': 0.008299999999999974, 'measure_16': 0.12349999999999994, 'measure_12': 0.009800000000000031, 'measure_2': 0.016199999999999992}","{'rz_12': 66.60965532825321, 'sx_12': 24.888888888888886, 'ecr_12_13': 408.88888888888886, 'rz_13': 54.40702864444229, 'sx_13': 24.888888888888886, 'x_13': 24.888888888888886, 'cx_13_14': 220.44444444444443, 'cx_16_14': 202.66666666666666, 'sx_14': 24.888888888888886, 'rz_14': 59.74674759568361, 'ecr_11_14': 380.4444444444444, 'rz_11': 34.55896611713261, 'sx_11': 24.888888888888886, 'ecr_8_11': 920.8888888888888, 'rz_8': 37.029314757275046, 'sx_8': 24.888888888888886, 'ecr_9_8': 309.3333333333333, 'cx_5_8': 167.11111111111111, 'x_5': 24.888888888888886, 'sx_5': 24.888888888888886, 'rz_5': 10.688614787230964, 'cx_3_5': 277.3333333333333, 'sx_3': 24.888888888888886, 'rz_3': 47.96763581648065, 'ecr_3_2': 181.33333333333331, 'rz_2': 46.23322517670866, 'sx_2': 24.888888888888886, 'x_3': 24.888888888888886, 'x_8': 24.888888888888886, 'rz_9': 63.33558653297157, 'sx_9': 24.888888888888886, 'measure_2': 732.4444444444445}","{'2': 0.016199999999999992, '3': 0.016799999999999926, '5': 0.02859999999999996, '8': 0.027000000000000024, '9': 0.09820000000000007, '11': 0.00770000000000004, '12': 0.009800000000000031, '13': 0.008299999999999974, '14': 0.013900000000000023, '16': 0.12349999999999994}"
1,cambridge,28,191,"{'u2_5': 0.0007671589871699946, 'u2_8': 0.00051236709505836, 'u3_9': 0.0016809777029238582, 'cx_5_9': 0.024965109561940202, 'u1_5': 0.0025914225069911577, 'cx_8_9': 0.025225148040120632, 'u1_8': 0.002357413819633378, 'u1_10': 0.0024285165032808874, 'cx_10_9': 0.02847013378574359, 'u2_10': 0.0005646150446474027, 'u3_10': 0.0011289112991462735, 'u2_11': 0.0008117124019842735, 'cx_10_11': 1, 'cx_11_10': 1, 'u2_12': 0.0005990348025734071, 'cx_12_11': 0.034554514456409974, 'u3_11': 0.0016227659269451022, 'u1_12': 0.00353463420611618, 'u2_17': 0.00172190818284288, 'cx_17_11': 0.03166120423146432, 'cx_11_17': 0.03166120423146432, 'u3_22': 0.004302468123686287, 'u2_23': 0.0004515689127509212, 'cx_17_23': 0.03162602878618942, 'cx_23_17': 0.03162602878618942, 'u2_24': 0.0004289912261651552, 'cx_24_23': 0.0277436263825821, 'u3_23': 0.0009029339110188106, 'u1_24': 0.0003086933389827598, 'u1_17': 0.004988587127931085, 'cx_23_22': 0.0720483304538358, 'u1_23': 0.0035427353489230237, 'u1_11': 0.0018805720904955872, 'u2_9': 0.000840842359398596, 'u1_9': 0.0011559195567668742, 'cx_23_24': 0.0277436263825821, 'cx_9_8': 0.025225148040120632, 'u3_5': 0.0015337294414282665, 'cx_11_12': 0.034554514456409974, 'u3_17': 0.003440851397895628, 'measure_23': 0.017000000000000015, 'measure_17': 0.16999999999999993, 'measure_24': 0.020000000000000018, 'measure_11': 0.031000000000000028, 'measure_10': 0.04400000000000004, 'measure_12': 0.04300000000000004, 'measure_9': 0.264, 'measure_5': 0.389, 'measure_8': 0.049000000000000044, 'measure_22': 0.14800000000000002}","{'u2_5': 52.17391304347826, 'cx_5_9': 522.6086956521739, 'u3_9': 104.34782608695652, 'cx_8_9': 591.304347826087, 'cx_10_9': 563.4782608695652, 'u2_10': 52.17391304347826, 'u3_10': 104.34782608695652, 'cx_10_11': 347.82608695652175, 'cx_11_10': 400.0, 'cx_12_11': 685.2173913043478, 'u3_11': 104.34782608695652, 'cx_17_11': 445.2173913043478, 'cx_11_17': 393.04347826086956, 'cx_17_23': 452.17391304347825, 'cx_23_17': 400.0, 'cx_24_23': 634.7826086956521, 'u3_23': 104.34782608695652, 'cx_23_22': 420.8695652173913, 'u2_23': 52.17391304347826, 'u1_23': 40.60145805540137, 'u1_11': 63.44262082313719, 'u1_17': 82.83367648932199, 'u2_11': 52.17391304347826, 'cx_11_12': 633.0434782608695, 'u3_17': 104.34782608695652, 'u2_17': 52.17391304347826, 'cx_23_24': 686.9565217391304, 'u1_24': 37.46023174191529, 'measure_22': 25.370990549713895}","{'5': 0.389, '8': 0.049000000000000044, '9': 0.264, '10': 0.04400000000000004, '11': 0.031000000000000028, '12': 0.04300000000000004, '17': 0.16999999999999993, '22': 0.14800000000000002, '23': 0.017000000000000015, '24': 0.020000000000000018}"
1,cusco,127,433,"{'rz_2': 0.0030003703241693507, 'sx_2': 0.00021584759176412568, 'rz_3': 0.004843362951939598, 'sx_3': 0.00020827000060476852, 'sx_4': 0.00011359027740978612, 'rz_4': 0.004945189331817425, 'ecr_4_3': 0.010281770192538231, 'ecr_3_2': 0.010506193531998498, 'x_4': 0.00011359027740978612, 'rz_5': 0.003945687579510153, 'sx_5': 0.004209818114472045, 'ecr_5_4': 0.024069261093805028, 'rz_15': 0.0007969898380381864, 'sx_15': 0.0001614880918304175, 'ecr_4_15': 0.0039061895594985907, 'x_15': 0.0001614880918304175, 'rz_22': 0.0008832334414411817, 'sx_22': 0.0002606447432482449, 'ecr_22_15': 0.012215495019777423, 'x_22': 0.0002606447432482449, 'rz_23': 0.0010719012890842764, 'sx_23': 0.000470838613300065, 'ecr_23_22': 0.008534974056306821, 'rz_24': 0.0015381705946344137, 'sx_24': 0.0010849955959513983, 'ecr_23_24': 0.008424743610030622, 'x_23': 0.000470838613300065, 'rz_25': 0.0038402122293652876, 'sx_25': 0.00033628902268529194, 'ecr_25_24': 0.010180236102942358, 'x_24': 0.0010849955959513983, 'rz_26': 0.0038396891244815733, 'sx_26': 0.0004738533763912661, 'ecr_26_25': 0.01287863640283346, 'x_25': 0.00033628902268529194, 'x_5': 0.004209818114472045, 'measure_23': 0.013900000000000023, 'measure_24': 0.054300000000000015, 'measure_22': 0.015800000000000036, 'measure_25': 0.011800000000000033, 'measure_15': 0.03760000000000008, 'measure_4': 0.008499999999999952, 'measure_3': 0.06299999999999994, 'measure_5': 0.014100000000000001, 'measure_2': 0.006900000000000017, 'measure_26': 0.025900000000000034}","{'rz_3': 97.37895294379038, 'sx_3': 44.0, 'ecr_4_3': 460.0, 'ecr_3_2': 940.0, 'x_4': 44.0, 'rz_4': 40.242267142754415, 'ecr_4_15': 460.0, 'sx_4': 44.0, 'rz_15': 90.09665212996003, 'x_15': 44.0, 'ecr_22_15': 460.0, 'sx_15': 44.0, 'rz_22': 48.71741980982229, 'sx_22': 44.0, 'x_22': 44.0, 'ecr_23_22': 460.0, 'rz_23': 65.77560145879278, 'sx_23': 44.0, 'ecr_23_24': 460.0, 'rz_24': 40.014423404617574, 'sx_24': 44.0, 'x_23': 44.0, 'ecr_25_24': 460.0, 'rz_25': 60.88241701774819, 'sx_25': 44.0, 'ecr_26_25': 460.0, 'rz_26': 65.43875689546772, 'sx_26': 44.0, 'measure_26': 4000.0}","{'2': 0.006900000000000017, '3': 0.06299999999999994, '4': 0.008499999999999952, '5': 0.014100000000000001, '15': 0.03760000000000008, '22': 0.015800000000000036, '23': 0.013900000000000023, '24': 0.054300000000000015, '25': 0.011800000000000033, '26': 0.025900000000000034}"
1,geneva,27,252,"{'rz_0': 0.0032297163024175867, 'sx_0': 0.00013038147938616084, 'rz_1': 0.0013658534404322503, 'sx_1': 0.00019270976568275602, 'rz_2': 0.001907644804776883, 'sx_2': 0.00010970704160830165, 'rz_3': 0.0028110731248761, 'sx_3': 0.00015310935262366902, 'cx_3_2': 0.0041657105529510075, 'x_3': 0.00015310935262366902, 'cx_2_1': 0.005433789282729057, 'cx_1_2': 0.005433789282729057, 'cx_0_1': 0.009436652319724764, 'rz_4': 0.0023142173503855716, 'sx_4': 0.00029332565181845125, 'cx_4_1': 0.009476193203188293, 'rz_6': 0.002800276662375069, 'sx_6': 9.170819313280846e-05, 'rz_7': 0.0038354417718917478, 'sx_7': 0.0001654650694544736, 'cx_4_7': 0.004798261042562951, 'cx_7_4': 0.004798261042562951, 'cx_6_7': 0.008698027488511645, 'rz_10': 0.003987876837444894, 'sx_10': 0.0001225536925261963, 'cx_10_7': 0.004024289832987499, 'cx_7_10': 0.004024289832987499, 'rz_12': 0.002103431763180208, 'sx_12': 0.0003721839433431682, 'cx_10_12': 0.008620644691067214, 'cx_12_10': 0.016293167652782742, 'rz_13': 0.0006503569048035485, 'sx_13': 0.00017905393319239842, 'cx_13_12': 0.005234139802573895, 'cx_12_13': 0.004136301919980739, 'x_1': 0.00019270976568275602, 'cx_1_0': 0.009436652319724764, 'cx_7_6': 0.005987676569414985, 'measure_7': 0.03289999999999993, 'measure_10': 0.018333333333333313, 'measure_4': 0.026899999999999924, 'measure_12': 0.025000000000000022, 'measure_6': 0.025900000000000034, 'measure_1': 0.024399999999999977, 'measure_2': 0.034599999999999964, 'measure_0': 0.023600000000000065, 'measure_3': 0.037900000000000045, 'measure_13': 0.045399999999999996}","{'rz_3': 75.38325417980435, 'sx_3': 35.55555555555556, 'cx_3_2': 391.1111111111111, 'x_3': 35.55555555555556, 'rz_2': 36.494618577927845, 'sx_2': 35.55555555555556, 'cx_2_1': 391.1111111111111, 'cx_1_2': 355.55555555555554, 'cx_0_1': 373.3333333333333, 'sx_1': 35.55555555555556, 'rz_1': 77.72909475177181, 'cx_4_1': 334.22222222222223, 'sx_4': 35.55555555555556, 'rz_4': 62.22041191724715, 'cx_4_7': 675.5555555555555, 'cx_7_4': 711.1111111111111, 'cx_6_7': 277.3333333333333, 'sx_7': 35.55555555555556, 'rz_7': 61.68738955008874, 'cx_10_7': 238.2222222222222, 'cx_7_10': 309.3333333333333, 'cx_10_12': 2204.4444444444443, 'cx_12_10': 1457.7777777777776, 'cx_13_12': 433.77777777777777, 'rz_12': 39.19348614895852, 'sx_12': 35.55555555555556, 'cx_12_13': 469.3333333333333, 'rz_10': 67.22736807091931, 'cx_7_6': 348.4444444444444, 'sx_10': 35.55555555555556, 'measure_13': 1411.5555555555554}","{'0': 0.023600000000000065, '1': 0.024399999999999977, '2': 0.034599999999999964, '3': 0.037900000000000045, '4': 0.026899999999999924, '6': 0.025900000000000034, '7': 0.03289999999999993, '10': 0.018333333333333313, '12': 0.025000000000000022, '13': 0.045399999999999996}"
1,guadalupe,16,252,"{'rz_0': 0.0006399384575448953, 'sx_0': 0.00036001433329410507, 'rz_1': 0.0010339203978630325, 'sx_1': 0.0004288454437029236, 'rz_4': 0.0006417996902937835, 'sx_4': 0.00025755287254214013, 'rz_6': 0.0002916295817286271, 'sx_6': 0.0002216000653717492, 'rz_7': 0.00457480608776352, 'sx_7': 0.0002722356128960255, 'sx_10': 0.00033961477099807, 'rz_10': 0.0008779653930834449, 'rz_11': 0.003551600430291076, 'sx_11': 0.0002732616178805673, 'sx_12': 0.00022004976915520247, 'rz_13': 0.0008311333993092087, 'sx_13': 0.0002459062818245387, 'rz_14': 0.004025165938686994, 'sx_14': 0.00037593078789548986, 'cx_14_13': 0.01209100682453551, 'cx_11_14': 0.010583335442069547, 'cx_14_11': 0.010583335442069547, 'cx_12_13': 0.007201501511472724, 'rz_12': 0.0012616623311107037, 'cx_12_10': 0.019895107721496635, 'cx_10_7': 0.006761672131573249, 'cx_7_10': 0.006761672131573249, 'cx_6_7': 0.006945819014654353, 'cx_4_7': 0.011911449632837301, 'cx_7_4': 0.011911449632837301, 'cx_4_1': 0.007311425454015613, 'cx_1_4': 0.007311425454015613, 'cx_0_1': 0.00969047789903843, 'cx_1_0': 0.00969047789903843, 'cx_13_14': 0.01209100682453551, 'x_11': 0.0002732616178805673, 'cx_7_6': 0.006945819014654353, 'x_10': 0.00033961477099807, 'measure_7': 0.020299999999999985, 'measure_4': 0.014799999999999924, 'measure_10': 0.016199999999999992, 'measure_1': 0.020499999999999963, 'measure_6': 0.011500000000000066, 'measure_12': 0.019100000000000006, 'measure_13': 0.011700000000000044, 'measure_14': 0.02089999999999992, 'measure_11': 0.014399999999999968, 'measure_0': 0.013600000000000056}","{'rz_13': 16.100378624751258, 'sx_13': 35.55555555555556, 'cx_14_13': 433.77777777777777, 'cx_12_13': 348.4444444444444, 'sx_12': 35.55555555555556, 'rz_12': 60.222411674515364, 'cx_12_10': 341.3333333333333, 'rz_10': 45.762955914802994, 'sx_10': 35.55555555555556, 'cx_10_7': 263.1111111111111, 'cx_7_10': 298.66666666666663, 'cx_6_7': 405.3333333333333, 'sx_7': 35.55555555555556, 'rz_7': 25.097950246193715, 'cx_4_7': 512.0, 'cx_7_4': 476.4444444444444, 'cx_4_1': 263.1111111111111, 'cx_1_4': 298.66666666666663, 'cx_0_1': 334.22222222222223, 'rz_1': 77.21879862221776, 'sx_1': 35.55555555555556, 'cx_1_0': 369.77777777777777, 'rz_4': 44.50522711899478, 'cx_7_6': 369.77777777777777, 'sx_4': 35.55555555555556, 'measure_0': 5351.11111111111}","{'0': 0.013600000000000056, '1': 0.020499999999999963, '4': 0.014799999999999924, '6': 0.011500000000000066, '7': 0.020299999999999985, '10': 0.016199999999999992, '11': 0.014399999999999968, '12': 0.019100000000000006, '13': 0.011700000000000044, '14': 0.02089999999999992}"
1,hanoi,27,258,"{'sx_7': 0.00018676642728295817, 'rz_8': 0.0025097326534582864, 'sx_8': 0.00016183981339197142, 'rz_10': 0.0032969000815233594, 'sx_10': 0.0013598877717506338, 'rz_11': 0.0014103944484243909, 'sx_11': 0.0002050700596015922, 'rz_12': 0.002879664870452179, 'sx_12': 0.00023549247008423138, 'rz_13': 0.0031794651075687606, 'sx_13': 0.0002331973190886932, 'rz_14': 0.003868851037644978, 'sx_14': 0.00020316246091095126, 'rz_15': 0.004543623426473193, 'sx_15': 0.00043382118073325847, 'rz_16': 0.00011612355569893561, 'sx_16': 0.00037315104024041436, 'rz_19': 0.0035180536633904707, 'sx_19': 0.00026607213649474363, 'cx_19_16': 0.011700420730836103, 'x_19': 0.00026607213649474363, 'cx_14_16': 0.019647586748811174, 'cx_11_14': 0.008345156821967736, 'cx_8_11': 0.00689585679694632, 'cx_11_8': 0.00689585679694632, 'cx_14_13': 0.0053211111248081255, 'cx_12_13': 0.005024180612346024, 'cx_14_11': 0.008345156821967736, 'cx_13_12': 0.005024180612346024, 'cx_10_12': 0.009311565513148545, 'cx_15_12': 0.0073257577765611925, 'cx_12_10': 0.009311565513148545, 'cx_7_10': 0.017300143041689253, 'rz_7': 0.003858246660624445, 'cx_13_14': 0.0053211111248081255, 'cx_12_15': 0.0073257577765611925, 'x_11': 0.0002050700596015922, 'x_14': 0.00020316246091095126, 'cx_16_14': 0.019647586748811174, 'measure_14': 0.00649999999999995, 'measure_13': 0.0464, 'measure_11': 0.09260000000000002, 'measure_12': 0.028799999999999937, 'measure_16': 0.012799999999999923, 'measure_15': 0.029900000000000038, 'measure_10': 0.013700000000000045, 'measure_8': 0.01990000000000003, 'measure_19': 0.008199999999999985, 'measure_7': 0.011499999999999955}","{'rz_19': 72.7164767147442, 'sx_19': 32.0, 'cx_19_16': 327.1111111111111, 'x_19': 32.0, 'rz_16': 63.1906174655637, 'sx_16': 32.0, 'cx_14_16': 440.88888888888886, 'sx_14': 32.0, 'rz_14': 25.20495751390255, 'cx_11_14': 728.8888888888888, 'cx_14_13': 334.22222222222223, 'rz_13': 79.53421865540707, 'sx_13': 32.0, 'cx_12_13': 437.3333333333333, 'cx_13_12': 405.3333333333333, 'cx_10_12': 298.66666666666663, 'sx_12': 32.0, 'rz_12': 13.262984698301526, 'cx_15_12': 376.88888888888886, 'cx_12_10': 330.66666666666663, 'rz_10': 87.56891220542846, 'sx_10': 32.0, 'cx_7_10': 202.66666666666666, 'sx_7': 32.0, 'cx_12_15': 408.88888888888886, 'x_14': 32.0, 'cx_14_11': 696.8888888888888, 'cx_16_14': 472.88888888888886, 'rz_11': 67.01146728959216, 'cx_8_11': 344.88888888888886, 'cx_11_8': 280.88888888888886, 'cx_13_14': 366.22222222222223, 'rz_15': 95.58850248917055, 'measure_7': 817.7777777777777}","{'7': 0.011499999999999955, '8': 0.01990000000000003, '10': 0.013700000000000045, '11': 0.09260000000000002, '12': 0.028799999999999937, '13': 0.0464, '14': 0.00649999999999995, '15': 0.029900000000000038, '16': 0.012799999999999923, '19': 0.008199999999999985}"
1,johannesburg,20,167,"{'u3_0': 0.0015075189600847194, 'u2_5': 0.0010149934511362508, 'u3_6': 0.0026088868670849363, 'u3_7': 0.0019351640008370419, 'u2_8': 0.0018493165838267458, 'u3_9': 0.001967513865044679, 'cx_8_9': 0.02868198931505117, 'u2_10': 0.0011000132808317812, 'u2_11': 0.0007365980259614171, 'u2_12': 0.0007635178891932271, 'u2_14': 0.0010608609701797844, 'cx_14_9': 0.03955117824470969, 'u1_14': 0.0027654541150623764, 'cx_9_8': 0.02868198931505117, 'u1_8': 0.004842598812062774, 'cx_8_7': 0.018684811657187883, 'u3_8': 0.003695213195826219, 'cx_12_7': 0.02642694636446183, 'cx_7_6': 0.04163380996796137, 'u2_7': 0.0009680505613631962, 'cx_6_5': 0.025321457238465073, 'cx_5_6': 0.025321457238465073, 'cx_10_5': 0.03205984431417075, 'u3_5': 0.0020289566905665746, 'cx_11_10': 0.01838745239177636, 'cx_10_11': 0.01838745239177636, 'u3_11': 0.0014726534752709242, 'u1_6': 0.004656984392589108, 'u1_10': 0.0020345319541703846, 'cx_5_0': 0.01871804771494831, 'u1_5': 0.004010401581762535, 'cx_5_10': 0.03205984431417075, 'u2_6': 0.001305295331493722, 'u3_10': 0.002198816532445469, 'cx_11_12': 0.026518373696625852, 'cx_12_11': 0.026518373696625852, 'u1_11': 0.002319777505952017, 'cx_7_12': 0.02642694636446183, 'u1_12': 0.0023120476701161304, 'u1_9': 0.0006715093084251607, 'cx_14_13': 0.05883686440283245, 'cx_13_14': 0.05883686440283245, 'u1_13': 0.0012819041975229738, 'cx_13_12': 0.016655297980949196, 'u3_12': 0.0015264528188194681, 'cx_12_13': 0.016655297980949196, 'u1_7': 0.0020169925599934123, 'measure_5': 0.07010000000000005, 'measure_10': 0.07240000000000002, 'measure_6': 0.06719999999999993, 'measure_11': 0.10130000000000006, 'measure_7': 0.01750000000000007, 'measure_12': 0.08840000000000003, 'measure_13': 0.026499999999999968, 'measure_8': 0.09020000000000006, 'measure_9': 0.09699999999999998, 'measure_0': 0.033399999999999985}","{'u2_8': 35.55555555555556, 'cx_8_9': 455.1111111111111, 'u3_9': 71.11111111111111, 'cx_14_9': 931.5555555555555, 'cx_9_8': 419.55555555555554, 'u1_8': 27.62076520120723, 'cx_8_7': 334.22222222222223, 'u3_8': 71.11111111111111, 'u3_7': 71.11111111111111, 'cx_12_7': 526.2222222222222, 'cx_7_6': 597.3333333333333, 'u2_7': 35.55555555555556, 'u3_6': 71.11111111111111, 'cx_6_5': 291.55555555555554, 'cx_5_6': 327.1111111111111, 'cx_10_5': 526.2222222222222, 'u3_5': 71.11111111111111, 'cx_5_0': 334.22222222222223, 'u2_5': 35.55555555555556, 'u1_5': 25.10727931529869, 'cx_5_10': 490.66666666666663, 'u2_10': 35.55555555555556, 'cx_10_11': 298.66666666666663, 'u3_10': 71.11111111111111, 'cx_7_12': 490.66666666666663, 'u1_9': 61.203888792104465, 'cx_14_13': 1479.111111111111, 'cx_13_14': 1514.6666666666665, 'u1_13': 46.07253659762646, 'cx_13_12': 312.88888888888886, 'u1_12': 32.68664829449026, 'u3_12': 71.11111111111111, 'cx_11_12': 483.5555555555555, 'u2_11': 35.55555555555556, 'u3_11': 71.11111111111111, 'u2_12': 35.55555555555556, 'cx_12_13': 348.4444444444444, 'cx_12_11': 519.1111111111111, 'u1_11': 14.245995774721372, 'u2_6': 35.55555555555556, 'u1_10': 13.806356190680114, 'u1_6': 64.23761026867611, 'measure_0': 21.427229424316565}","{'0': 0.033399999999999985, '5': 0.07010000000000005, '6': 0.06719999999999993, '7': 0.01750000000000007, '8': 0.09020000000000006, '9': 0.09699999999999998, '10': 0.07240000000000002, '11': 0.10130000000000006, '12': 0.08840000000000003, '13': 0.026499999999999968}"
1,kawasaki,127,443,"{'rz_45': 0.004243869831343397, 'rz_54': 0.00013851630361030827, 'sx_54': 0.00028818998258839216, 'rz_59': 0.0022391730967463554, 'sx_59': 0.000313377292711866, 'rz_60': 0.003394225458980291, 'sx_60': 0.0001482463677973438, 'ecr_59_60': 0.008433758174255124, 'rz_61': 0.00499782450132155, 'ecr_60_61': 0.003938065462881196, 'sx_61': 0.0001845657675274531, 'rz_62': 0.0037574061414881745, 'ecr_61_62': 0.005421089836766008, 'sx_62': 0.00019618848915213294, 'rz_63': 0.00211318783376025, 'rz_64': 0.001675495542837232, 'sx_64': 0.0001412973607957259, 'rz_65': 0.0034782436898790677, 'sx_65': 0.0002882936746246495, 'rz_72': 0.0026184376375620677, 'sx_72': 0.00022375903396883067, 'ecr_72_62': 0.005453487513360278, 'ecr_63_62': 0.0046520910869357335, 'sx_63': 0.00016177816879783322, 'ecr_63_64': 0.0033306834519093997, 'x_63': 0.00016177816879783322, 'ecr_64_54': 0.006914444606563652, 'ecr_64_65': 0.005400333138944752, 'x_64': 0.0001412973607957259, 'ecr_54_45': 0.007825699236668954, 'sx_45': 0.0001297744397070029, 'x_54': 0.00028818998258839216, 'x_65': 0.0002882936746246495, 'x_72': 0.00022375903396883067, 'x_62': 0.00019618848915213294, 'x_61': 0.0001845657675274531, 'measure_64': 0.009500000000000064, 'measure_65': 0.016899999999999915, 'measure_63': 0.007300000000000084, 'measure_54': 0.006099999999999994, 'measure_62': 0.009800000000000031, 'measure_61': 0.1341, 'measure_72': 0.007800000000000029, 'measure_60': 0.005700000000000038, 'measure_59': 0.007199999999999984, 'measure_45': 0.03059999999999996}","{'rz_59': 37.096040546314484, 'sx_59': 53.33333333333333, 'ecr_59_60': 586.6666666666666, 'rz_60': 43.64266218314187, 'sx_60': 53.33333333333333, 'ecr_60_61': 586.6666666666666, 'rz_61': 78.24002155709415, 'sx_61': 53.33333333333333, 'ecr_61_62': 586.6666666666666, 'rz_62': 28.754015908477495, 'sx_62': 53.33333333333333, 'ecr_72_62': 586.6666666666666, 'ecr_63_62': 586.6666666666666, 'rz_63': 99.55418767823701, 'sx_63': 53.33333333333333, 'ecr_63_64': 586.6666666666666, 'rz_64': 65.48972199277583, 'ecr_64_54': 586.6666666666666, 'rz_54': 58.17924786970836, 'sx_54': 53.33333333333333, 'ecr_64_65': 586.6666666666666, 'rz_65': 28.836871408238476, 'sx_65': 53.33333333333333, 'sx_64': 53.33333333333333, 'x_64': 53.33333333333333, 'ecr_54_45': 586.6666666666666, 'x_54': 53.33333333333333, 'x_63': 53.33333333333333, 'measure_45': 853.3333333333333}","{'64': 0.009500000000000064, '65': 0.016899999999999915, '72': 0.007800000000000029, '45': 0.03059999999999996, '54': 0.006099999999999994, '59': 0.007199999999999984, '60': 0.005700000000000038, '61': 0.1341, '62': 0.009800000000000031, '63': 0.007300000000000084}"
1,kolkata,27,261,"{'rz_1': 0.004781611005515756, 'sx_1': 0.00021926767609301508, 'rz_4': 0.0008607605800102073, 'sx_4': 0.0001973773139527713, 'rz_6': 0.002170877519227867, 'sx_6': 0.00038923983001489, 'rz_7': 0.0009114367788815451, 'sx_7': 0.0001804516888233985, 'rz_10': 0.003416111785332013, 'sx_10': 0.00019556642484215561, 'rz_12': 0.0037922453079731935, 'sx_12': 0.00023416943052979373, 'rz_13': 0.0038471681484626877, 'sx_13': 0.00029395324951765996, 'rz_14': 0.0010390726582213048, 'sx_14': 0.0001741763035257732, 'rz_15': 0.003392332149326436, 'sx_15': 0.00025988176970496486, 'rz_18': 0.0019153821156719577, 'sx_18': 0.00019798931961037083, 'cx_15_18': 0.013310479491755317, 'x_15': 0.00025988176970496486, 'cx_15_12': 0.006218100405557286, 'cx_13_12': 0.007049384298898176, 'cx_14_13': 0.005306661150886932, 'cx_13_14': 0.005306661150886932, 'cx_12_10': 0.011223598861325401, 'cx_10_7': 0.00808995472287899, 'cx_7_10': 0.00808995472287899, 'cx_4_7': 0.007656546592312463, 'cx_7_4': 0.007656546592312463, 'cx_6_7': 0.007428396229361339, 'cx_7_6': 0.007428396229361339, 'cx_1_4': 0.005007809095699811, 'cx_4_1': 0.005007809095699811, 'x_7': 0.0001804516888233985, 'x_12': 0.00023416943052979373, 'cx_12_13': 0.007049384298898176, 'cx_12_15': 0.006218100405557286, 'cx_10_12': 0.011223598861325401, 'measure_10': 0.01079999999999992, 'measure_7': 0.021100000000000008, 'measure_12': 0.00990000000000002, 'measure_6': 0.029299999999999993, 'measure_4': 0.020499999999999963, 'measure_15': 0.006899999999999906, 'measure_13': 0.01200000000000001, 'measure_14': 0.005800000000000027, 'measure_18': 0.007399999999999962, 'measure_1': 0.011800000000000033}","{'rz_15': 75.80431326977882, 'sx_15': 35.55555555555556, 'cx_15_18': 362.66666666666663, 'x_15': 35.55555555555556, 'cx_15_12': 398.2222222222222, 'rz_12': 11.17565190847159, 'sx_12': 35.55555555555556, 'cx_13_12': 305.77777777777777, 'cx_12_10': 554.6666666666666, 'rz_10': 79.87678868313793, 'sx_10': 35.55555555555556, 'cx_10_7': 526.2222222222222, 'cx_7_10': 490.66666666666663, 'cx_4_7': 512.0, 'rz_7': 23.883644179339356, 'sx_7': 35.55555555555556, 'cx_7_4': 476.4444444444444, 'cx_1_4': 355.55555555555554, 'rz_4': 58.6325434009481, 'sx_4': 35.55555555555556, 'cx_4_1': 320.0, 'cx_6_7': 476.4444444444444, 'x_7': 35.55555555555556, 'x_12': 35.55555555555556, 'cx_12_13': 341.3333333333333, 'cx_12_15': 433.77777777777777, 'rz_13': 81.08229124970408, 'cx_14_13': 245.33333333333331, 'cx_13_14': 316.4444444444444, 'cx_10_12': 590.2222222222222, 'cx_7_6': 440.88888888888886, 'rz_6': 68.00536752744239, 'measure_1': 675.5555555555555}","{'1': 0.011800000000000033, '4': 0.020499999999999963, '6': 0.029299999999999993, '7': 0.021100000000000008, '10': 0.01079999999999992, '12': 0.00990000000000002, '13': 0.01200000000000001, '14': 0.005800000000000027, '15': 0.006899999999999906, '18': 0.007399999999999962}"
1,kyiv,127,477,"{'rz_24': 0.0014800653380007012, 'sx_24': 0.0005345392474389415, 'sx_34': 0.0002012164531933923, 'rz_34': 0.004090371527893818, 'ecr_34_24': 0.010980065267959638, 'rz_40': 0.003292127526605452, 'sx_40': 0.00027705669804049387, 'rz_41': 0.0007315597436747864, 'sx_41': 0.000169830026387968, 'rz_42': 0.0034259785007028434, 'rz_43': 0.00026545295222179426, 'sx_43': 0.00018565954640207405, 'ecr_43_34': 0.008839616523827892, 'rz_44': 0.004903555915847353, 'sx_44': 0.0003215302788483756, 'ecr_44_43': 0.01557575205551237, 'ecr_42_43': 0.00713881718127371, 'sx_42': 0.000143422875748098, 'ecr_42_41': 0.008481932755508015, 'ecr_40_41': 0.015472645683553499, 'x_42': 0.000143422875748098, 'rz_53': 0.0019017859970020105, 'sx_53': 0.00012178755568529578, 'ecr_53_41': 0.005927873667290556, 'rz_60': 0.0029623241832694353, 'sx_60': 0.00013792464543334652, 'ecr_53_60': 0.004357952900339135, 'x_53': 0.00012178755568529578, 'rz_61': 0.00479899574852347, 'sx_61': 0.00022782011038028501, 'ecr_60_61': 0.008241389998422138, 'x_60': 0.00013792464543334652, 'x_61': 0.00022782011038028501, 'x_41': 0.000169830026387968, 'x_40': 0.00027705669804049387, 'x_44': 0.0003215302788483756, 'measure_41': 0.0037000000000000366, 'measure_53': 0.0041999999999999815, 'measure_42': 0.0010000000000000009, 'measure_60': 0.0044999999999999485, 'measure_40': 0.008499999999999952, 'measure_43': 0.0025999999999999357, 'measure_34': 0.0032000000000000917, 'measure_44': 0.02300000000000002, 'measure_24': 0.007099999999999995, 'measure_61': 0.011099999999999999}","{'rz_24': 21.684831917525454, 'sx_24': 49.77777777777777, 'ecr_34_24': 561.7777777777777, 'rz_34': 93.38196388566938, 'sx_34': 49.77777777777777, 'ecr_43_34': 561.7777777777777, 'rz_43': 60.425576441344, 'sx_43': 49.77777777777777, 'ecr_44_43': 561.7777777777777, 'ecr_42_43': 561.7777777777777, 'rz_42': 71.68227466510388, 'sx_42': 49.77777777777777, 'ecr_42_41': 561.7777777777777, 'ecr_40_41': 561.7777777777777, 'rz_41': 96.53272458196504, 'sx_41': 49.77777777777777, 'ecr_53_41': 561.7777777777777, 'rz_53': 95.18082795122079, 'sx_53': 49.77777777777777, 'ecr_53_60': 561.7777777777777, 'rz_60': 13.840403342429472, 'ecr_60_61': 561.7777777777777, 'rz_61': 96.06494602299433, 'sx_61': 49.77777777777777, 'sx_60': 49.77777777777777, 'x_60': 49.77777777777777, 'x_41': 49.77777777777777, 'x_53': 49.77777777777777, 'rz_40': 36.81191199167003, 'sx_40': 49.77777777777777, 'measure_61': 1244.4444444444443}","{'34': 0.0032000000000000917, '40': 0.008499999999999952, '41': 0.0037000000000000366, '42': 0.0010000000000000009, '43': 0.0025999999999999357, '44': 0.02300000000000002, '53': 0.0041999999999999815, '24': 0.007099999999999995, '60': 0.0044999999999999485, '61': 0.011099999999999999}"
1,kyoto,127,413,"{'rz_72': 0.0012674599526081253, 'sx_72': 0.00020378268989355798, 'rz_78': 0.0006986753322182799, 'sx_78': 0.00030843907066569696, 'rz_79': 0.0028379043901940993, 'sx_79': 0.0005873016507620581, 'rz_80': 0.004712767707376868, 'rz_81': 0.0036279267818207653, 'sx_81': 0.00046236269009435456, 'rz_82': 0.0044460748502009465, 'sx_83': 0.00019071686069938723, 'rz_83': 0.0003142556328013114, 'rz_84': 0.0021115658245264854, 'sx_84': 0.00015911184315858812, 'ecr_84_83': 1, 'ecr_82_83': 1, 'sx_82': 0.00013956135814412955, 'ecr_82_81': 1, 'x_81': 0.00046236269009435456, 'ecr_81_72': 1, 'x_72': 0.00020378268989355798, 'x_82': 0.00013956135814412955, 'ecr_81_80': 1, 'sx_80': 0.00015922341731009292, 'ecr_80_79': 1, 'x_80': 0.00015922341731009292, 'rz_91': 0.003306709446007632, 'sx_91': 0.00045173159175162803, 'ecr_79_91': 1, 'ecr_79_78': 1, 'x_78': 0.00030843907066569696, 'x_79': 0.0005873016507620581, 'rz_98': 0.003966499564373195, 'ecr_98_91': 1, 'sx_98': 0.0013340069259604355, 'x_91': 0.00045173159175162803, 'measure_79': 0.018000000000000016, 'measure_80': 0.01639999999999997, 'measure_78': 0.014100000000000001, 'measure_91': 0.07329999999999992, 'measure_81': 0.019000000000000017, 'measure_82': 0.0046999999999999265, 'measure_72': 0.015199999999999991, 'measure_83': 0.013700000000000045, 'measure_84': 0.010199999999999987, 'measure_98': 0.07220000000000004}","{'rz_84': 11.157351055408428, 'sx_84': 59.99999999999999, 'ecr_84_83': 660.0, 'rz_83': 67.10732657159869, 'sx_83': 59.99999999999999, 'ecr_82_83': 660.0, 'rz_82': 92.75243250278943, 'sx_82': 59.99999999999999, 'ecr_82_81': 660.0, 'x_81': 59.99999999999999, 'rz_81': 37.018709237058886, 'ecr_81_72': 660.0, 'rz_72': 43.52931078211855, 'sx_72': 59.99999999999999, 'sx_81': 59.99999999999999, 'ecr_81_80': 660.0, 'rz_80': 19.024412269382687, 'sx_80': 59.99999999999999, 'ecr_80_79': 660.0, 'rz_79': 63.64300723270643, 'ecr_79_91': 660.0, 'rz_91': 80.43717861487795, 'sx_91': 59.99999999999999, 'ecr_79_78': 660.0, 'rz_78': 43.576388089277934, 'sx_78': 59.99999999999999, 'sx_79': 59.99999999999999, 'x_79': 59.99999999999999, 'ecr_98_91': 660.0, 'rz_98': 12.174435304979566, 'sx_98': 59.99999999999999, 'x_91': 59.99999999999999, 'measure_98': 1400.0}","{'98': 0.07220000000000004, '72': 0.015199999999999991, '78': 0.014100000000000001, '79': 0.018000000000000016, '80': 0.01639999999999997, '81': 0.019000000000000017, '82': 0.0046999999999999265, '83': 0.013700000000000045, '84': 0.010199999999999987, '91': 0.07329999999999992}"
1,manhattan,65,252,"{'rz_25': 0.004640583336045724, 'sx_25': 0.0016310322440676486, 'rz_30': 0.0036266141948222337, 'sx_30': 0.0003451323519083451, 'rz_31': 0.0027044056630492917, 'sx_31': 0.0004017984419494422, 'rz_32': 0.0006581441758908402, 'sx_32': 0.0018312111821082698, 'rz_33': 0.0005596056510877138, 'sx_33': 0.0003582648995611609, 'rz_34': 0.0025160187232010876, 'sx_34': 0.00027727988556941637, 'rz_35': 0.0025007215343772096, 'sx_35': 0.0003044226971074162, 'rz_36': 0.0007618745082637897, 'sx_36': 0.0004123918911102128, 'rz_37': 0.004154993758891412, 'sx_37': 0.00038082206946257643, 'cx_37_36': 0.013376197223038927, 'x_37': 0.00038082206946257643, 'cx_36_35': 0.013568464366660066, 'cx_35_36': 0.013568464366660066, 'rz_40': 0.0019921853534050943, 'sx_40': 0.0002777624912369454, 'cx_40_35': 0.01217495387569234, 'cx_34_35': 0.011001293180188776, 'cx_34_33': 0.007454108838313794, 'cx_33_34': 0.007454108838313794, 'cx_25_33': 0.019250977248592704, 'cx_32_33': 0.011230363400674154, 'cx_33_32': 0.011230363400674154, 'cx_32_31': 0.014383561987379057, 'cx_31_32': 0.014383561987379057, 'cx_30_31': 0.011475649393057591, 'cx_31_30': 0.011475649393057591, 'x_35': 0.0003044226971074162, 'cx_33_25': 0.019250977248592704, 'cx_35_40': 0.01217495387569234, 'x_36': 0.0004123918911102128, 'measure_33': 0.021399999999999975, 'measure_32': 0.08650000000000002, 'measure_34': 0.011400000000000077, 'measure_31': 0.012900000000000023, 'measure_25': 0.04420000000000002, 'measure_35': 0.016100000000000003, 'measure_36': 0.010000000000000009, 'measure_40': 0.019600000000000062, 'measure_37': 0.01550000000000007, 'measure_30': 0.009500000000000064}","{'rz_37': 65.18944638186306, 'sx_37': 35.55555555555556, 'cx_37_36': 398.2222222222222, 'x_37': 35.55555555555556, 'rz_36': 51.72999431852354, 'sx_36': 35.55555555555556, 'cx_36_35': 298.66666666666663, 'cx_35_36': 334.22222222222223, 'cx_40_35': 519.1111111111111, 'sx_35': 35.55555555555556, 'rz_35': 34.50255497699945, 'cx_34_35': 234.66666666666666, 'sx_34': 35.55555555555556, 'rz_34': 26.861370989505115, 'cx_34_33': 291.55555555555554, 'cx_33_34': 327.1111111111111, 'cx_25_33': 241.77777777777774, 'sx_33': 35.55555555555556, 'rz_33': 72.33465664768994, 'cx_32_33': 341.3333333333333, 'cx_33_32': 376.88888888888886, 'cx_32_31': 355.55555555555554, 'cx_31_32': 391.1111111111111, 'cx_30_31': 376.88888888888886, 'rz_31': 14.823313736625671, 'sx_31': 35.55555555555556, 'cx_31_30': 412.4444444444444, 'rz_32': 86.72502646022485, 'cx_33_25': 277.3333333333333, 'sx_32': 35.55555555555556, 'measure_30': 5351.11111111111}","{'32': 0.08650000000000002, '33': 0.021399999999999975, '34': 0.011400000000000077, '35': 0.016100000000000003, '36': 0.010000000000000009, '37': 0.01550000000000007, '40': 0.019600000000000062, '25': 0.04420000000000002, '30': 0.009500000000000064, '31': 0.012900000000000023}"
1,melbourne,15,181,"{'rz_0': 0.00442210103440443, 'sx_0': 0.0004183978644302012, 'rz_1': 0.001425283540238578, 'sx_1': 0.0010042524463122974, 'cx_1_0': 0.018433175203418, 'x_1': 0.0010042524463122974, 'rz_2': 0.0038639578188599728, 'sx_2': 0.0006693469486494128, 'rz_3': 0.0007403020338704125, 'sx_3': 0.0010612091500236409, 'sx_4': 0.0008648278230413689, 'sx_5': 0.0027881350400977855, 'rz_10': 0.0026895204731443713, 'sx_10': 0.0011260692077635155, 'rz_11': 0.002386746682668337, 'sx_11': 0.0006135524302248029, 'rz_12': 0.0016694862899741835, 'sx_12': 0.0008832737710164472, 'rz_13': 0.0032468959367778073, 'sx_13': 0.0027890936362750737, 'cx_13_1': 0.0430544071637424, 'cx_1_2': 0.014733467690550478, 'cx_3_2': 0.029074231952134683, 'cx_12_2': 0.05560385413564303, 'cx_2_3': 0.029074231952134683, 'cx_11_3': 0.03419031200973366, 'cx_4_3': 0.031489707292669866, 'rz_4': 0.0028584984404577485, 'cx_10_4': 0.04481252727157908, 'cx_5_4': 0.027514912275282494, 'cx_10_11': 0.021063772069955355, 'cx_3_4': 0.031489707292669866, 'cx_11_10': 0.021063772069955355, 'cx_3_11': 0.03419031200973366, 'cx_12_11': 0.01785777064032057, 'cx_11_12': 0.01785777064032057, 'cx_4_10': 0.04481252727157908, 'cx_2_12': 0.05560385413564303, 'cx_13_12': 0.026085358646657064, 'x_13': 0.0027890936362750737, 'cx_1_13': 0.0430544071637424, 'rz_5': 0.0010574890989398895, 'measure_11': 0.040100000000000025, 'measure_3': 0.06059999999999999, 'measure_10': 0.041000000000000036, 'measure_2': 0.041100000000000025, 'measure_4': 0.043399999999999994, 'measure_12': 0.05369999999999997, 'measure_1': 0.035700000000000065, 'measure_13': 0.05940000000000001, 'measure_0': 0.026499999999999968, 'measure_5': 0.057800000000000074}","{'rz_1': 57.5684194280091, 'sx_1': 53.33333333333333, 'cx_1_0': 689.7777777777777, 'x_1': 53.33333333333333, 'cx_13_1': 995.5555555555557, 'cx_1_2': 355.55555555555554, 'rz_2': 86.56422216687318, 'sx_2': 53.33333333333333, 'cx_3_2': 1041.7777777777778, 'cx_12_2': 1642.6666666666665, 'cx_2_3': 988.4444444444443, 'cx_11_3': 753.7777777777777, 'rz_3': 91.6415075376458, 'sx_3': 53.33333333333333, 'cx_4_3': 732.4444444444445, 'sx_4': 53.33333333333333, 'rz_4': 64.77135235439414, 'cx_10_4': 1312.0, 'cx_5_4': 647.1111111111111, 'sx_5': 142.22222222222223, 'sx_10': 142.22222222222223, 'rz_10': 49.50163207630852, 'cx_10_11': 945.7777777777777, 'cx_11_10': 1088.0, 'cx_3_11': 807.1111111111111, 'rz_11': 39.25438582513815, 'cx_3_4': 785.7777777777777, 'cx_11_12': 597.3333333333333, 'cx_12_11': 650.6666666666666, 'cx_4_10': 1169.7777777777776, 'sx_11': 53.33333333333333, 'measure_5': 3555.555555555555}","{'0': 0.026499999999999968, '1': 0.035700000000000065, '2': 0.041100000000000025, '3': 0.06059999999999999, '4': 0.043399999999999994, '5': 0.057800000000000074, '10': 0.041000000000000036, '11': 0.040100000000000025, '12': 0.05369999999999997, '13': 0.05940000000000001}"
1,montreal,27,253,"{'rz_3': 0.003987150938359683, 'sx_3': 0.0002613129034463931, 'rz_5': 0.002588445194679837, 'sx_5': 0.00033051361801448914, 'rz_8': 0.0029079635429894554, 'sx_8': 0.0001914625266009948, 'rz_9': 0.0021059600286409894, 'sx_9': 0.001111414106421687, 'rz_11': 0.004477337741682065, 'sx_11': 0.00025464920552608483, 'rz_12': 0.004802355039595576, 'sx_12': 0.0002455406267591888, 'rz_13': 0.0012866881094209344, 'sx_13': 0.00016097740259599232, 'rz_14': 0.0019848053210902434, 'sx_14': 0.00022173366695731102, 'rz_16': 0.0047453738494794865, 'sx_16': 0.0005513643331245978, 'cx_16_14': 0.008816404383549165, 'rz_19': 0.0027547900533626086, 'sx_19': 0.00036772253672406164, 'cx_19_16': 0.013828645963589153, 'cx_16_19': 0.013828645963589153, 'cx_13_14': 0.007348917399430749, 'cx_12_13': 0.007002080209869976, 'cx_13_12': 0.007002080209869976, 'cx_14_11': 0.005586333756634726, 'cx_11_14': 0.005586333756634726, 'cx_8_11': 0.0073998830542316985, 'cx_9_8': 0.009844755868233246, 'cx_8_9': 0.009844755868233246, 'cx_11_8': 0.0073998830542316985, 'cx_8_5': 0.006506054470749423, 'cx_5_8': 0.006506054470749423, 'cx_3_5': 0.009148188015816766, 'cx_5_3': 0.009148188015816766, 'cx_14_13': 0.007348917399430749, 'x_16': 0.0005513643331245978, 'x_11': 0.00025464920552608483, 'measure_8': 0.014800000000000035, 'measure_11': 0.012699999999999934, 'measure_9': 0.030000000000000027, 'measure_5': 0.02089999999999992, 'measure_14': 0.009800000000000031, 'measure_16': 0.012499999999999956, 'measure_13': 0.007099999999999995, 'measure_12': 0.03269999999999995, 'measure_19': 0.015800000000000036, 'measure_3': 0.011099999999999999}","{'rz_14': 56.19896897153055, 'sx_14': 35.55555555555556, 'cx_16_14': 320.0, 'cx_13_14': 490.66666666666663, 'cx_14_11': 376.88888888888886, 'cx_11_14': 341.3333333333333, 'cx_8_11': 483.5555555555555, 'sx_11': 35.55555555555556, 'rz_11': 72.55317574001111, 'cx_11_8': 448.0, 'cx_8_5': 391.1111111111111, 'cx_5_8': 355.55555555555554, 'cx_3_5': 398.2222222222222, 'rz_5': 42.04853336113465, 'sx_5': 35.55555555555556, 'cx_5_3': 362.66666666666663, 'rz_8': 75.12172446908531, 'cx_9_8': 369.77777777777777, 'cx_14_13': 526.2222222222222, 'sx_16': 35.55555555555556, 'rz_13': 43.71732330668908, 'cx_12_13': 391.1111111111111, 'cx_8_9': 405.3333333333333, 'sx_8': 35.55555555555556, 'rz_9': 64.26380277073963, 'measure_3': 5201.777777777777}","{'3': 0.011099999999999999, '5': 0.02089999999999992, '8': 0.014800000000000035, '9': 0.030000000000000027, '11': 0.012699999999999934, '12': 0.03269999999999995, '13': 0.007099999999999995, '14': 0.009800000000000031, '16': 0.012499999999999956, '19': 0.015800000000000036}"
1,mumbai,27,240,"{'rz_7': 0.0019773073334699155, 'sx_7': 0.00018585647396926756, 'rz_10': 0.0026012336154705514, 'sx_10': 0.00023827406030798066, 'rz_12': 0.003903520640637836, 'sx_12': 0.0002065075637361354, 'rz_13': 0.004813269035271258, 'sx_13': 0.00024898181450337464, 'rz_14': 0.004712647896559921, 'sx_14': 0.00017758796319636606, 'rz_15': 0.004982482438332969, 'sx_15': 0.00016530893922883836, 'rz_17': 0.002059720699337435, 'sx_17': 0.00024068450432012685, 'rz_18': 0.003880367895508882, 'sx_18': 0.00026676441863976344, 'rz_21': 0.0027138555781497657, 'sx_21': 0.00030445404779882887, 'cx_21_18': 0.007718304749257138, 'cx_17_18': 0.007267536233537236, 'rz_23': 0.00038371314994889655, 'sx_23': 0.00030966037392287727, 'cx_23_21': 0.007542515578725928, 'cx_21_23': 0.007542515578725928, 'cx_15_18': 0.0051374141171115495, 'cx_15_12': 0.0050335609425562755, 'cx_12_15': 0.0050335609425562755, 'cx_13_12': 0.011361175954064051, 'cx_14_13': 0.005231334872256355, 'cx_13_14': 0.005231334872256355, 'cx_10_12': 0.005771827440726435, 'cx_7_10': 0.005625282141655502, 'cx_10_7': 0.005625282141655502, 'cx_12_13': 0.011361175954064051, 'cx_12_10': 0.005771827440726435, 'x_18': 0.00026676441863976344, 'cx_18_21': 0.007718304749257138, 'x_21': 0.00030445404779882887, 'cx_18_17': 0.007267536233537236, 'measure_12': 0.04410000000000003, 'measure_10': 0.040000000000000036, 'measure_15': 0.07840000000000003, 'measure_7': 0.02059999999999995, 'measure_13': 0.017199999999999993, 'measure_18': 0.022399999999999975, 'measure_21': 0.021600000000000064, 'measure_17': 0.021299999999999986, 'measure_23': 0.01970000000000005, 'measure_14': 0.10119999999999996}","{'rz_18': 73.79239944160128, 'sx_18': 35.55555555555556, 'cx_21_18': 533.3333333333333, 'cx_17_18': 248.8888888888889, 'cx_15_18': 305.77777777777777, 'sx_15': 35.55555555555556, 'rz_15': 60.791813178565036, 'cx_15_12': 369.77777777777777, 'cx_12_15': 405.3333333333333, 'cx_13_12': 583.1111111111111, 'sx_12': 35.55555555555556, 'rz_12': 25.9080986103831, 'cx_10_12': 362.66666666666663, 'cx_12_13': 547.5555555555555, 'cx_12_10': 398.2222222222222, 'x_18': 35.55555555555556, 'cx_18_21': 497.7777777777778, 'rz_10': 65.07481366459857, 'cx_7_10': 433.77777777777777, 'cx_10_7': 398.2222222222222, 'rz_7': 61.67369757787063, 'sx_10': 35.55555555555556, 'measure_14': 3552.0}","{'7': 0.02059999999999995, '10': 0.040000000000000036, '12': 0.04410000000000003, '13': 0.017199999999999993, '14': 0.10119999999999996, '15': 0.07840000000000003, '17': 0.021299999999999986, '18': 0.022399999999999975, '21': 0.021600000000000064, '23': 0.01970000000000005}"
1,osaka,127,486,"{'rz_82': 0.004523088525024097, 'sx_82': 0.00022620444051720502, 'rz_83': 0.004860647194941841, 'sx_83': 0.00022019851898459833, 'rz_84': 0.0019322919340001633, 'sx_84': 0.0003039799231837115, 'rz_85': 0.004092703017024387, 'sx_85': 0.0002223668258468905, 'rz_92': 0.001412757812385521, 'sx_92': 0.0005098246343494168, 'rz_100': 0.0012970152011580964, 'sx_100': 0.0001536907386447324, 'sx_101': 0.0001685639257694345, 'rz_101': 0.0015042532092185315, 'ecr_101_100': 0.006387656148271775, 'rz_102': 0.0031979546021583503, 'ecr_101_102': 0.003450757295155843, 'sx_102': 0.00013650238666287136, 'rz_103': 0.0020615748207525467, 'sx_103': 0.0004862208687059316, 'ecr_103_102': 0.003351179379121938, 'rz_104': 0.004920118924645471, 'sx_104': 0.00018099216037912406, 'ecr_103_104': 0.005519993640233228, 'ecr_92_102': 0.00838208005110977, 'ecr_92_83': 0.007450723472758741, 'ecr_83_82': 0.006952996483044177, 'x_92': 0.0005098246343494168, 'ecr_84_83': 0.004557364487038196, 'x_83': 0.00022019851898459833, 'ecr_85_84': 0.00341501831233465, 'x_82': 0.00022620444051720502, 'x_102': 0.00013650238666287136, 'x_84': 0.0003039799231837115, 'x_101': 0.0001685639257694345, 'measure_83': 0.005299999999999971, 'measure_92': 0.017000000000000015, 'measure_82': 0.010199999999999987, 'measure_84': 0.014599999999999946, 'measure_102': 0.016000000000000014, 'measure_101': 0.010499999999999954, 'measure_103': 0.009700000000000042, 'measure_104': 0.04469999999999996, 'measure_100': 0.07600000000000007, 'measure_85': 0.015000000000000013}","{'rz_100': 50.62192275782487, 'sx_100': 59.99999999999999, 'ecr_101_100': 660.0, 'rz_101': 30.622546024507987, 'sx_101': 59.99999999999999, 'ecr_101_102': 660.0, 'rz_102': 20.871537685841385, 'sx_102': 59.99999999999999, 'ecr_103_102': 660.0, 'rz_103': 83.64262894753719, 'sx_103': 59.99999999999999, 'ecr_103_104': 660.0, 'ecr_92_102': 660.0, 'rz_92': 16.46446832557794, 'sx_92': 59.99999999999999, 'ecr_92_83': 660.0, 'rz_83': 35.274118944348615, 'sx_83': 59.99999999999999, 'ecr_83_82': 660.0, 'x_92': 59.99999999999999, 'ecr_84_83': 660.0, 'rz_84': 17.08914121626651, 'sx_84': 59.99999999999999, 'ecr_85_84': 660.0, 'rz_85': 41.46084388751865, 'sx_85': 59.99999999999999, 'rz_82': 38.89999753754595, 'sx_82': 59.99999999999999, 'x_83': 59.99999999999999, 'rz_104': 40.32272478698005, 'sx_104': 59.99999999999999, 'measure_85': 1400.0}","{'100': 0.07600000000000007, '101': 0.010499999999999954, '102': 0.016000000000000014, '103': 0.009700000000000042, '104': 0.04469999999999996, '82': 0.010199999999999987, '83': 0.005299999999999971, '84': 0.014599999999999946, '85': 0.015000000000000013, '92': 0.017000000000000015}"
1,paris,27,259,"{'rz_14': 0.0016027192585879233, 'sx_14': 0.00042335886258468026, 'rz_16': 0.002080159626628295, 'sx_16': 0.0013548909460913004, 'rz_19': 0.0007701556075367049, 'sx_19': 0.0005398463921873026, 'rz_20': 0.0030702572783988373, 'sx_20': 0.000363712415866369, 'cx_20_19': 0.013217686290875497, 'x_20': 0.000363712415866369, 'cx_16_19': 0.013156836923112286, 'cx_14_16': 0.019619689483026365, 'cx_16_14': 0.019619689483026365, 'rz_21': 0.0036704543348082498, 'sx_21': 0.00046144450648100794, 'rz_22': 0.004348189095388151, 'sx_22': 0.00029318286458973803, 'cx_19_22': 0.012748318283583332, 'cx_22_19': 0.012748318283583332, 'rz_23': 0.0021168332501927895, 'sx_23': 0.00029025956596901825, 'rz_24': 0.00226020790639353, 'sx_24': 0.0003701998032165939, 'rz_25': 0.0036601726955647787, 'sx_25': 0.00027301315682939486, 'cx_25_22': 0.007596206231250319, 'cx_22_25': 0.007596206231250319, 'cx_24_25': 0.008793381092880359, 'rz_26': 0.0033324283262661874, 'sx_26': 0.0003248329882669986, 'cx_26_25': 0.008014608382906213, 'cx_25_24': 0.008793381092880359, 'cx_24_23': 0.01752826675400579, 'cx_23_24': 0.01752826675400579, 'cx_21_23': 0.013935183017385472, 'cx_23_21': 0.013935183017385472, 'cx_25_26': 0.008014608382906213, 'x_16': 0.0013548909460913004, 'x_19': 0.0005398463921873026, 'cx_19_16': 0.013156836923112286, 'x_22': 0.00029318286458973803, 'x_24': 0.0003701998032165939, 'x_26': 0.0003248329882669986, 'measure_24': 0.011500000000000066, 'measure_25': 0.033400000000000096, 'measure_23': 0.014699999999999935, 'measure_26': 0.006899999999999906, 'measure_22': 0.0129999999999999, 'measure_19': 0.009199999999999986, 'measure_16': 0.04800000000000004, 'measure_14': 0.010399999999999965, 'measure_20': 0.018900000000000028, 'measure_21': 0.05789999999999995}","{'rz_20': 74.24595379361183, 'sx_20': 35.55555555555556, 'cx_20_19': 405.3333333333333, 'x_20': 35.55555555555556, 'rz_19': 70.11334305255309, 'sx_19': 35.55555555555556, 'cx_16_19': 398.2222222222222, 'cx_19_22': 455.1111111111111, 'cx_22_19': 419.55555555555554, 'cx_25_22': 405.3333333333333, 'sx_22': 35.55555555555556, 'rz_22': 79.99454866133634, 'cx_22_25': 369.77777777777777, 'cx_24_25': 448.0, 'rz_25': 67.01530870607957, 'sx_25': 35.55555555555556, 'cx_26_25': 327.1111111111111, 'cx_25_24': 483.5555555555555, 'cx_24_23': 462.2222222222222, 'cx_23_24': 426.66666666666663, 'cx_21_23': 668.4444444444445, 'rz_23': 34.69184256555242, 'sx_23': 35.55555555555556, 'cx_23_21': 632.8888888888888, 'rz_24': 59.21616963536827, 'cx_25_26': 362.66666666666663, 'x_19': 35.55555555555556, 'cx_19_16': 433.77777777777777, 'rz_16': 18.42056245586275, 'cx_14_16': 497.7777777777778, 'cx_16_14': 462.2222222222222, 'sx_24': 35.55555555555556, 'sx_26': 35.55555555555556, 'measure_21': 4088.8888888888887}","{'14': 0.010399999999999965, '16': 0.04800000000000004, '19': 0.009199999999999986, '20': 0.018900000000000028, '21': 0.05789999999999995, '22': 0.0129999999999999, '23': 0.014699999999999935, '24': 0.011500000000000066, '25': 0.033400000000000096, '26': 0.006899999999999906}"
1,peekskill,27,454,"{'rz_1': 0.0038233651673313836, 'sx_1': 0.0002263710059908137, 'rz_4': 0.0017647794564580508, 'sx_4': 8.085540348829136e-05, 'rz_6': 0.004779641971143367, 'sx_6': 0.00011459865960668454, 'rz_7': 0.004069335593675154, 'rz_10': 0.0023391419880880123, 'rz_12': 0.0013338876226554523, 'rz_13': 0.0026694880921375756, 'sx_13': 0.00013681711603829054, 'rz_14': 0.0049508066183865515, 'sx_14': 0.00016009350557133665, 'sx_15': 0.0002051061266014956, 'rz_15': 0.0005032081516444924, 'rz_18': 0.003612080980944905, 'sx_18': 0.0001892710807457509, 'ecr_15_18': 0.005792425289512654, 'ecr_15_12': 0.013064827706355253, 'sx_12': 0.00018027779784845883, 'ecr_13_12': 0.004017560002841425, 'ecr_14_13': 0.01004674600051031, 'x_13': 0.00013681711603829054, 'ecr_12_10': 0.008424002147455562, 'sx_10': 0.0003279821173512256, 'ecr_7_10': 0.01128256201647107, 'sx_7': 0.00024891675322668855, 'ecr_6_7': 0.005668910240353403, 'x_6': 0.00011459865960668454, 'ecr_7_4': 0.01234796168151292, 'ecr_4_1': 0.009378866865325602, 'x_1': 0.0002263710059908137, 'x_7': 0.00024891675322668855, 'x_4': 8.085540348829136e-05, 'x_12': 0.00018027779784845883, 'x_10': 0.0003279821173512256, 'measure_7': 0.01749999999999996, 'measure_4': 0.0046999999999999265, 'measure_6': 0.0041999999999999815, 'measure_10': 0.0050000000000000044, 'measure_12': 0.008900000000000019, 'measure_15': 0.0038000000000000256, 'measure_13': 0.008099999999999996, 'measure_14': 0.0403, 'measure_18': 0.010000000000000009, 'measure_1': 0.035700000000000065}","{'rz_18': 60.33785375153545, 'sx_18': 35.55555555555556, 'ecr_15_18': 547.5555555555555, 'rz_15': 64.87957604755772, 'sx_15': 35.55555555555556, 'ecr_15_12': 547.5555555555555, 'rz_12': 13.110753543271992, 'sx_12': 35.55555555555556, 'ecr_13_12': 547.5555555555555, 'rz_13': 90.9939277957864, 'sx_13': 35.55555555555556, 'ecr_14_13': 547.5555555555555, 'rz_14': 14.737528634492968, 'sx_14': 35.55555555555556, 'x_13': 35.55555555555556, 'ecr_12_10': 547.5555555555555, 'rz_10': 18.67434024703625, 'sx_10': 35.55555555555556, 'ecr_7_10': 547.5555555555555, 'rz_7': 32.17669399061603, 'sx_7': 35.55555555555556, 'ecr_6_7': 547.5555555555555, 'ecr_7_4': 547.5555555555555, 'rz_4': 70.96067414120105, 'ecr_4_1': 547.5555555555555, 'rz_1': 96.14333947828268, 'sx_1': 35.55555555555556, 'sx_4': 35.55555555555556, 'x_4': 35.55555555555556, 'x_7': 35.55555555555556, 'x_12': 35.55555555555556, 'rz_6': 87.02139711386361, 'sx_6': 35.55555555555556, 'x_10': 35.55555555555556, 'measure_1': 860.4444444444443}","{'1': 0.035700000000000065, '4': 0.0046999999999999265, '6': 0.0041999999999999815, '7': 0.01749999999999996, '10': 0.0050000000000000044, '12': 0.008900000000000019, '13': 0.008099999999999996, '14': 0.0403, '15': 0.0038000000000000256, '18': 0.010000000000000009}"
1,prague,33,363,"{'rz_11': 0.0018049335411508608, 'sx_11': 0.0001358591280252893, 'rz_14': 0.003715275536091583, 'cz_11_14': 0.0018118959819415081, 'x_11': 0.0001358591280252893, 'sx_14': 0.0001394064018077128, 'sx_16': 0.00013561719766764645, 'rz_16': 0.0031408697225689666, 'cz_14_16': 0.0016154387267004466, 'rz_19': 0.0032837436704605456, 'sx_19': 0.0002423181500199202, 'cz_16_19': 0.001788396546195531, 'x_16': 0.00013561719766764645, 'rz_20': 0.0024837258432642327, 'sx_20': 0.00023228282753251996, 'cz_19_20': 0.003458705600660944, 'x_19': 0.0002423181500199202, 'rz_22': 0.001659969861916853, 'sx_22': 0.00010584542695244481, 'cz_19_22': 0.0014527609689087007, 'rz_23': 0.004180966949179181, 'rz_24': 0.0004729592900597087, 'sx_24': 0.0003887435822993911, 'sx_25': 0.00012754084495811998, 'rz_25': 0.002413405647361604, 'cz_22_25': 0.0026961593286613794, 'cz_24_25': 0.0029013701066811504, 'x_24': 0.0003887435822993911, 'rz_26': 0.00488080051550483, 'sx_26': 0.00016304312716183643, 'cz_25_26': 0.0019290771490182435, 'x_25': 0.00012754084495811998, 'cz_25_24': 0.0029013701066811504, 'cz_23_24': 0.007998821867791994, 'sx_23': 0.0009910178596714068, 'cz_26_25': 0.0019290771490182435, 'cz_22_19': 0.0014527609689087007, 'cz_20_19': 0.003458705600660944, 'cz_19_16': 0.001788396546195531, 'cz_25_22': 0.0026961593286613794, 'measure_22': 0.010000000000000009, 'measure_25': 0.010199999999999987, 'measure_19': 0.010599999999999943, 'measure_24': 0.01649999999999996, 'measure_26': 0.010299999999999976, 'measure_20': 0.010399999999999965, 'measure_16': 0.011600000000000055, 'measure_14': 0.009700000000000042, 'measure_11': 0.01100000000000001, 'measure_23': 0.026599999999999957}","{'rz_11': 91.01348115147599, 'sx_11': 24.888888888888886, 'cz_11_14': 67.55555555555556, 'sx_14': 24.888888888888886, 'rz_14': 77.78158965280656, 'cz_14_16': 78.22222222222221, 'rz_16': 39.7365592130495, 'cz_16_19': 67.55555555555556, 'sx_16': 24.888888888888886, 'sx_19': 24.888888888888886, 'rz_19': 89.14385951700369, 'cz_19_20': 67.55555555555556, 'sx_20': 24.888888888888886, 'rz_20': 75.40278738885632, 'x_19': 24.888888888888886, 'cz_19_22': 88.88888888888889, 'sx_22': 24.888888888888886, 'rz_22': 92.74369297846759, 'cz_22_25': 67.55555555555556, 'rz_25': 69.33438072282468, 'sx_25': 24.888888888888886, 'cz_24_25': 67.55555555555556, 'cz_25_26': 67.55555555555556, 'sx_26': 24.888888888888886, 'rz_26': 91.69389975294301, 'x_25': 24.888888888888886, 'cz_25_24': 67.55555555555556, 'rz_24': 98.50123399022135, 'x_24': 24.888888888888886, 'cz_23_24': 67.55555555555556, 'sx_24': 24.888888888888886, 'rz_23': 69.2671482074625, 'sx_23': 24.888888888888886, 'cz_26_25': 67.55555555555556, 'cz_22_19': 88.88888888888889, 'cz_20_19': 67.55555555555556, 'cz_19_16': 67.55555555555556, 'cz_25_22': 67.55555555555556, 'measure_23': 1166.2222222222222}","{'11': 0.01100000000000001, '14': 0.009700000000000042, '16': 0.011600000000000055, '19': 0.010599999999999943, '20': 0.010399999999999965, '22': 0.010000000000000009, '23': 0.026599999999999957, '24': 0.01649999999999996, '25': 0.010199999999999987, '26': 0.010299999999999976}"
1,poughkeepsie,20,162,"{'u3_5': 0.002838160133603891, 'u2_6': 0.001045682906672062, 'u2_7': 0.00732194934399194, 'u2_9': 0.0012944763514578642, 'u2_10': 0.0015686929892313344, 'cx_10_5': 0.021444341378730275, 'cx_6_5': 0.01556143335518248, 'u1_6': 0.003395250722556225, 'cx_5_10': 0.021444341378730275, 'u1_10': 0.004694373436009388, 'u3_11': 0.0014839650534591458, 'cx_10_11': 0.01838926217071274, 'u3_10': 0.003137385978462669, 'u3_12': 0.00365034213761061, 'cx_11_12': 0.01654134876732047, 'u2_11': 0.0007419825267295729, 'cx_7_12': 0.07172979986386563, 'u1_7': 0.0023625371204873324, 'u3_13': 0.014664399874969735, 'cx_12_13': 0.04104582264647247, 'u2_12': 0.001825171068805305, 'u2_14': 0.0013530388610241896, 'cx_13_14': 0.020086194802591106, 'cx_14_13': 0.020086194802591106, 'cx_9_14': 0.028633956494489105, 'u3_14': 0.0027060777220483793, 'u1_9': 0.0004736052464439385, 'u1_13': 0.0011914455382485715, 'u3_19': 0.0019666207737390664, 'cx_14_19': 0.017720754683792278, 'u1_14': 0.0018231419024742452, 'u2_13': 0.007332199937484868, 'u1_12': 0.004023560567418057, 'u1_5': 0.003021723446752436, 'cx_13_12': 0.04104582264647247, 'u1_11': 0.0008076717853465243, 'cx_14_9': 0.028633956494489105, 'cx_9_8': 0.018436468143245538, 'cx_8_9': 0.018436468143245538, 'u2_8': 0.0011064939102574663, 'u3_6': 0.002091365813344124, 'u3_7': 0.01464389868798388, 'cx_8_7': 0.06252117738214769, 'u3_8': 0.0022129878205149325, 'cx_12_7': 0.07172979986386563, 'cx_7_6': 0.0784009151975939, 'cx_12_11': 0.01654134876732047, 'cx_5_6': 0.01556143335518248, 'cx_7_8': 0.06252117738214769, 'u1_8': 0.003423254009991611, 'measure_13': 0.04600000000000004, 'measure_12': 0.08399999999999996, 'measure_14': 0.03300000000000003, 'measure_7': 0.17300000000000004, 'measure_8': 0.025000000000000022, 'measure_11': 0.039000000000000035, 'measure_10': 0.07800000000000007, 'measure_5': 0.03400000000000003, 'measure_6': 0.04200000000000004, 'measure_19': 0.025000000000000022}","{'u2_10': 103.1111111111111, 'cx_10_5': 586.6666666666666, 'u3_5': 206.2222222222222, 'cx_6_5': 501.33333333333326, 'cx_5_10': 483.5555555555555, 'u1_10': 13.54937066590379, 'cx_10_11': 597.3333333333333, 'u3_10': 206.2222222222222, 'u3_11': 206.2222222222222, 'cx_11_12': 426.66666666666663, 'u2_11': 103.1111111111111, 'u3_12': 206.2222222222222, 'cx_7_12': 504.8888888888888, 'cx_12_13': 952.8888888888888, 'u2_12': 103.1111111111111, 'u3_13': 206.2222222222222, 'cx_13_14': 462.2222222222222, 'cx_14_13': 565.3333333333333, 'cx_9_14': 547.5555555555555, 'u3_14': 206.2222222222222, 'cx_14_19': 469.3333333333333, 'u2_14': 103.1111111111111, 'u1_14': 43.77240615713496, 'u1_12': 64.37822674882432, 'cx_13_12': 1056.0, 'cx_12_7': 608.0, 'cx_12_11': 529.7777777777777, 'u2_13': 103.1111111111111, 'cx_14_9': 650.6666666666666, 'u1_9': 64.16816388320419, 'cx_9_8': 433.77777777777777, 'cx_8_9': 536.8888888888889, 'cx_7_8': 544.0, 'u1_8': 44.093260572984185, 'u2_7': 103.1111111111111, 'u3_7': 206.2222222222222, 'u1_13': 32.7826701421542, 'measure_19': 52.28465953079643}","{'5': 0.03400000000000003, '6': 0.04200000000000004, '7': 0.17300000000000004, '8': 0.025000000000000022, '10': 0.07800000000000007, '11': 0.039000000000000035, '12': 0.08399999999999996, '13': 0.04600000000000004, '14': 0.03300000000000003, '19': 0.025000000000000022}"
1,quebec,127,503,"{'rz_18': 0.0028874121477164426, 'rz_19': 0.0020287342355012243, 'sx_19': 0.00020590619868459528, 'rz_20': 0.0034232175987108098, 'sx_20': 0.00019751480204787243, 'rz_21': 0.0002803256178376303, 'sx_21': 0.00011602658581243531, 'rz_22': 0.003810653814201568, 'sx_22': 0.0001459741936865149, 'rz_33': 0.0035702884502055968, 'sx_33': 0.00031789203351541555, 'rz_38': 0.003558390983206492, 'sx_38': 0.00025585617579842166, 'rz_39': 0.003941721417665692, 'sx_40': 0.00017772827063284726, 'rz_40': 0.003268509529764893, 'rz_41': 0.0025953353877187233, 'sx_41': 0.00013663876955428625, 'ecr_40_41': 0.004231179278713859, 'ecr_39_40': 0.00492602770749348, 'sx_39': 0.00014184272047992162, 'ecr_38_39': 0.004312009003892531, 'x_39': 0.00014184272047992162, 'ecr_39_33': 0.006402675038518546, 'x_33': 0.00031789203351541555, 'ecr_20_33': 0.0066879573082587185, 'ecr_21_20': 0.004912480579948336, 'x_20': 0.00019751480204787243, 'ecr_19_20': 0.00363216332245328, 'ecr_21_22': 0.0034499272240053336, 'x_21': 0.00011602658581243531, 'ecr_19_18': 0.00381148436591508, 'sx_18': 0.00018103354043555808, 'x_22': 0.0001459741936865149, 'x_38': 0.00025585617579842166, 'x_19': 0.00020590619868459528, 'measure_20': 0.028299999999999992, 'measure_21': 0.013600000000000056, 'measure_19': 0.0030000000000000027, 'measure_22': 0.025700000000000056, 'measure_33': 0.06610000000000005, 'measure_39': 0.012599999999999945, 'measure_40': 0.008199999999999985, 'measure_38': 0.06929999999999992, 'measure_41': 0.005600000000000049, 'measure_18': 0.008299999999999974}","{'rz_41': 41.058140380760904, 'sx_41': 60.444444444444436, 'ecr_40_41': 593.7777777777777, 'rz_40': 22.77963692834836, 'sx_40': 60.444444444444436, 'ecr_39_40': 593.7777777777777, 'rz_39': 63.01399473216913, 'sx_39': 60.444444444444436, 'ecr_38_39': 593.7777777777777, 'x_39': 60.444444444444436, 'ecr_39_33': 593.7777777777777, 'rz_33': 20.952259201998963, 'x_33': 60.444444444444436, 'ecr_20_33': 593.7777777777777, 'sx_33': 60.444444444444436, 'rz_20': 26.811594133594085, 'sx_20': 60.444444444444436, 'ecr_21_20': 593.7777777777777, 'rz_21': 33.12025762037952, 'sx_21': 60.444444444444436, 'ecr_21_22': 593.7777777777777, 'x_21': 60.444444444444436, 'ecr_19_20': 593.7777777777777, 'rz_19': 72.01214784751147, 'sx_19': 60.444444444444436, 'ecr_19_18': 593.7777777777777, 'rz_22': 83.64532391281996, 'sx_22': 60.444444444444436, 'x_20': 60.444444444444436, 'measure_18': 835.5555555555555}","{'33': 0.06610000000000005, '38': 0.06929999999999992, '39': 0.012599999999999945, '40': 0.008199999999999985, '41': 0.005600000000000049, '18': 0.008299999999999974, '19': 0.0030000000000000027, '20': 0.028299999999999992, '21': 0.013600000000000056, '22': 0.025700000000000056}"
1,rochester,53,195,"{'u2_0': 0.001143663573725473, 'u2_5': 0.0013332656660733355, 'u2_7': 0.000702234624248177, 'u2_8': 0.0014846538838504952, 'u3_9': 0.014812249476118922, 'cx_5_9': 0.04106571843975207, 'cx_0_5': 0.06628505619884631, 'cx_5_0': 0.06628505619884631, 'u3_5': 0.0026647537348104544, 'cx_8_9': 0.048684389437643444, 'cx_7_8': 0.0191267904432737, 'cx_8_7': 0.0191267904432737, 'u1_7': 0.004478524070599409, 'u3_8': 0.0029671035705460813, 'u2_10': 0.0006738906302999892, 'cx_9_10': 0.04011962010307693, 'cx_10_9': 0.04011962010307693, 'u2_11': 0.0014335606504307097, 'cx_11_10': 0.022052189890004292, 'u3_10': 0.00134732713201835, 'u2_12': 0.002635184171736915, 'cx_12_11': 0.03772337997810821, 'cx_11_12': 0.03772337997810821, 'u1_12': 0.0007118358457703373, 'u1_9': 0.004057735055903307, 'cx_10_11': 0.022052189890004292, 'u2_17': 0.0022399429875106236, 'cx_11_17': 0.03265746421253493, 'cx_17_11': 0.03265746421253493, 'u2_23': 0.0017780060841612322, 'cx_23_17': 0.06941358481180923, 'u3_17': 0.0044748686304340035, 'cx_17_23': 0.06941358481180923, 'u1_17': 0.004544712393526619, 'u1_11': 0.004096301841189181, 'u1_10': 0.003305206260764792, 'u2_9': 0.0074337550954691745, 'cx_9_8': 0.048684389437643444, 'u1_8': 0.004210784750821015, 'u3_11': 0.0028650662047230435, 'cx_9_5': 0.04106571843975207, 'u3_0': 0.002286019181080956, 'u1_5': 0.0016149520336864057, 'measure_11': 0.09375, 'measure_10': 0.06000000000000005, 'measure_12': 0.14500000000000002, 'measure_17': 0.06812499999999999, 'measure_9': 0.07250000000000001, 'measure_5': 0.26812499999999995, 'measure_8': 0.09375, 'measure_7': 0.19562500000000005, 'measure_0': 0.16937500000000005, 'measure_23': 0.316875}","{'u2_5': 80.0, 'cx_5_9': 706.0869565217391, 'u3_9': 160.0, 'cx_0_5': 1397.391304347826, 'cx_5_0': 1477.391304347826, 'cx_8_9': 1040.0, 'cx_7_8': 653.9130434782609, 'cx_8_7': 733.9130434782609, 'cx_9_10': 626.0869565217391, 'cx_10_9': 706.0869565217391, 'cx_11_10': 726.9565217391304, 'u3_10': 160.0, 'cx_12_11': 528.695652173913, 'cx_11_12': 608.695652173913, 'cx_10_11': 646.9565217391304, 'cx_11_17': 636.5217391304348, 'cx_17_11': 556.5217391304348, 'cx_23_17': 1353.0434782608695, 'u3_17': 160.0, 'cx_17_23': 1193.0434782608695, 'u1_17': 30.607030402504243, 'u1_11': 41.87000938576733, 'u1_10': 34.01511335663521, 'u2_9': 80.0, 'cx_9_8': 959.9999999999999, 'cx_9_5': 626.0869565217391, 'u1_8': 95.21524604385571, 'u1_9': 38.42228175163177, 'u2_11': 80.0, 'u1_12': 67.95160556594544, 'measure_23': 25.571602292289064}","{'0': 0.16937500000000005, '5': 0.26812499999999995, '7': 0.19562500000000005, '8': 0.09375, '9': 0.07250000000000001, '10': 0.06000000000000005, '11': 0.09375, '12': 0.14500000000000002, '17': 0.06812499999999999, '23': 0.316875}"
1,sherbrooke,127,475,"{'rz_85': 0.002082449109219751, 'sx_85': 0.00015237948583505967, 'rz_86': 0.003571770517143807, 'sx_86': 0.0001309182910586387, 'rz_87': 0.004678899109310237, 'sx_87': 0.0001337833525193957, 'rz_88': 0.004727229440883505, 'sx_88': 0.0002506891791061948, 'rz_93': 0.0047450195736318795, 'sx_93': 0.00017753574109493402, 'rz_103': 0.004250090269304227, 'sx_103': 0.00035308301585691525, 'rz_104': 0.0029907027254219656, 'sx_104': 0.0003103089507874081, 'sx_105': 0.00019592418934837865, 'rz_105': 0.0016695087903524557, 'ecr_105_104': 0.006475685339459247, 'ecr_104_103': 0.006930769941092985, 'x_104': 0.0003103089507874081, 'x_105': 0.00019592418934837865, 'rz_106': 0.002072291499577655, 'sx_106': 0.000313884129207873, 'ecr_106_105': 0.0058577415463551, 'rz_107': 0.004617732913673129, 'sx_107': 0.00047750588970267577, 'ecr_107_106': 0.009441255697402201, 'ecr_93_106': 0.005426033278050524, 'ecr_93_87': 0.006783665555230578, 'ecr_87_88': 0.0044628804157967605, 'x_93': 0.00017753574109493402, 'ecr_86_87': 0.0036253150234672182, 'ecr_86_85': 0.009883960790425722, 'x_106': 0.000313884129207873, 'x_88': 0.0002506891791061948, 'x_86': 0.0001309182910586387, 'x_107': 0.00047750588970267577, 'x_87': 0.0001337833525193957, 'measure_87': 0.007600000000000051, 'measure_93': 0.007099999999999995, 'measure_88': 0.008599999999999941, 'measure_86': 0.0042999999999999705, 'measure_106': 0.0052000000000000934, 'measure_105': 0.010599999999999943, 'measure_107': 0.005800000000000027, 'measure_104': 0.0033000000000000806, 'measure_103': 0.006099999999999994, 'measure_85': 0.016100000000000003}","{'rz_104': 14.134576372617408, 'sx_104': 56.888888888888886, 'ecr_105_104': 533.3333333333333, 'ecr_104_103': 533.3333333333333, 'x_104': 56.888888888888886, 'rz_105': 96.13343008325691, 'sx_105': 56.888888888888886, 'ecr_106_105': 533.3333333333333, 'rz_106': 15.773382004065741, 'sx_106': 56.888888888888886, 'ecr_107_106': 533.3333333333333, 'ecr_93_106': 533.3333333333333, 'rz_93': 84.60813964567656, 'sx_93': 56.888888888888886, 'ecr_93_87': 533.3333333333333, 'rz_87': 74.56505554686545, 'sx_87': 56.888888888888886, 'ecr_87_88': 533.3333333333333, 'x_93': 56.888888888888886, 'ecr_86_87': 533.3333333333333, 'rz_86': 65.09121657356604, 'sx_86': 56.888888888888886, 'ecr_86_85': 533.3333333333333, 'rz_85': 46.5440176422751, 'sx_85': 56.888888888888886, 'x_106': 56.888888888888886, 'rz_107': 45.79210340294882, 'sx_107': 56.888888888888886, 'x_87': 56.888888888888886, 'rz_88': 13.797378177947872, 'sx_88': 56.888888888888886, 'measure_85': 1244.4444444444443}","{'103': 0.006099999999999994, '104': 0.0033000000000000806, '105': 0.010599999999999943, '106': 0.0052000000000000934, '107': 0.005800000000000027, '85': 0.016100000000000003, '86': 0.0042999999999999705, '87': 0.007600000000000051, '88': 0.008599999999999941, '93': 0.007099999999999995}"
1,singapore,20,166,"{'u2_6': 0.0004497328946631434, 'u2_7': 0.00042151986134583415, 'u3_8': 0.0013801148536033425, 'u2_10': 0.0005414343349337161, 'u2_11': 0.0004412666934877997, 'u3_12': 0.0048310925021349815, 'u2_15': 0.0002991509355199688, 'u3_16': 0.000537084265197163, 'u2_17': 0.0003320220331980694, 'cx_17_16': 0.013279740930025902, 'cx_15_16': 0.007691147840443252, 'u1_15': 0.0038928456266358606, 'u2_18': 0.0005087548183899764, 'cx_18_17': 0.020744579269272284, 'cx_17_18': 0.020744579269272284, 'u1_17': 0.0032278372781670036, 'cx_16_11': 0.01087761711917909, 'cx_11_16': 0.01087761711917909, 'cx_10_11': 0.01393043596427826, 'u3_11': 0.0008823386706807712, 'u1_10': 0.004680593541464722, 'u1_16': 0.002310419958693991, 'cx_11_12': 0.013317906154926507, 'cx_12_7': 0.013580196483768542, 'cx_7_12': 0.013580196483768542, 'u3_18': 0.0010172508053146734, 'cx_6_7': 0.012710982927153086, 'u3_7': 0.0008428620436982115, 'u1_6': 0.004982954641293285, 'u1_12': 0.0007320633914457299, 'cx_7_8': 0.014913038682319107, 'u1_7': 0.000657317930723572, 'u2_12': 0.002418470751455315, 'u1_11': 0.0018793926550403214, 'cx_16_17': 0.013279740930025902, 'u2_16': 0.00026857819972321746, 'u3_17': 0.0006639338277655282, 'cx_16_15': 0.007691147840443252, 'cx_7_6': 0.012710982927153086, 'cx_6_5': 0.02790217171387821, 'cx_5_6': 0.02790217171387821, 'cx_10_5': 0.013957233864205748, 'u1_5': 0.004957956899970151, 'cx_11_10': 0.01393043596427826, 'cx_5_10': 0.013957233864205748, 'measure_7': 0.033500000000000085, 'measure_12': 0.03500000000000003, 'measure_6': 0.03950000000000009, 'measure_11': 0.08800000000000008, 'measure_16': 0.08250000000000002, 'measure_17': 0.017000000000000015, 'measure_10': 0.031000000000000028, 'measure_15': 0.0675, 'measure_18': 0.08699999999999997, 'measure_8': 0.04200000000000004}","{'u2_17': 35.55555555555556, 'cx_17_16': 554.6666666666666, 'u3_16': 71.11111111111111, 'cx_15_16': 426.66666666666663, 'cx_16_11': 533.3333333333333, 'cx_11_16': 568.8888888888889, 'cx_10_11': 462.2222222222222, 'u3_11': 71.11111111111111, 'cx_11_12': 440.88888888888886, 'u2_11': 35.55555555555556, 'u3_12': 71.11111111111111, 'cx_12_7': 583.1111111111111, 'cx_7_12': 547.5555555555555, 'cx_6_7': 540.4444444444445, 'u3_7': 71.11111111111111, 'cx_7_8': 618.6666666666666, 'u2_7': 35.55555555555556, 'u1_7': 98.05878911178252, 'u1_11': 34.05462449951709, 'u2_12': 35.55555555555556, 'cx_7_6': 576.0, 'u1_6': 95.71846965655226, 'cx_6_5': 995.5555555555557, 'cx_5_6': 1031.111111111111, 'cx_10_5': 711.1111111111111, 'u1_5': 89.34044287481072, 'cx_11_10': 426.66666666666663, 'u1_10': 96.14301147633172, 'u1_16': 61.59875705901535, 'cx_16_17': 590.2222222222222, 'u2_16': 35.55555555555556, 'u1_12': 26.020161418681827, 'measure_8': 72.41496306614715}","{'6': 0.03950000000000009, '7': 0.033500000000000085, '8': 0.04200000000000004, '10': 0.031000000000000028, '11': 0.08800000000000008, '12': 0.03500000000000003, '15': 0.0675, '16': 0.08250000000000002, '17': 0.017000000000000015, '18': 0.08699999999999997}"
1,sydney,27,252,"{'rz_2': 0.0019421494283704379, 'sx_2': 0.0006062664705761787, 'rz_3': 0.004504600686192053, 'sx_3': 0.0002794392553468594, 'rz_5': 0.001827906236360099, 'sx_5': 0.00020462393770105577, 'rz_8': 0.00144984406882011, 'sx_8': 0.00042937337836054183, 'rz_9': 0.0036538592735037134, 'sx_9': 0.00023332697525746743, 'sx_11': 0.00019405924901448794, 'rz_11': 0.0037509023163431704, 'rz_13': 0.002599067857116159, 'sx_13': 0.000194087617129375, 'rz_14': 0.0015240908985245675, 'sx_14': 0.00018221964729597643, 'rz_16': 0.0027055951555428363, 'sx_16': 0.0005144727534248666, 'rz_19': 0.004594052655594433, 'sx_19': 0.0036071239577991072, 'cx_19_16': 0.016133797429778635, 'x_19': 0.0036071239577991072, 'cx_16_14': 0.006885873096262485, 'cx_14_16': 0.006885873096262485, 'cx_13_14': 0.006161995578486762, 'cx_14_11': 0.0062126090362859265, 'cx_11_8': 0.00890831605552636, 'cx_8_11': 0.00890831605552636, 'cx_9_8': 0.0075159938499492485, 'cx_5_8': 0.011603449057576182, 'cx_8_5': 0.011603449057576182, 'cx_5_3': 0.005575611074017939, 'cx_3_5': 0.005575611074017939, 'cx_2_3': 0.009034835940587016, 'cx_3_2': 0.009034835940587016, 'cx_14_13': 0.006161995578486762, 'cx_8_9': 0.0075159938499492485, 'x_11': 0.00019405924901448794, 'measure_8': 0.02400000000000002, 'measure_5': 0.016100000000000003, 'measure_11': 0.015000000000000013, 'measure_3': 0.015600000000000058, 'measure_9': 0.02279999999999993, 'measure_14': 0.026699999999999946, 'measure_16': 0.020299999999999985, 'measure_13': 0.009300000000000086, 'measure_19': 0.03869999999999996, 'measure_2': 0.024499999999999966}","{'rz_19': 40.365757885671584, 'sx_19': 35.55555555555556, 'cx_19_16': 327.1111111111111, 'x_19': 35.55555555555556, 'rz_16': 59.26225547408267, 'sx_16': 35.55555555555556, 'cx_16_14': 362.66666666666663, 'cx_14_16': 327.1111111111111, 'cx_13_14': 398.2222222222222, 'sx_14': 35.55555555555556, 'rz_14': 69.65364282601715, 'cx_14_11': 334.22222222222223, 'rz_11': 40.20203916921028, 'sx_11': 35.55555555555556, 'cx_11_8': 362.66666666666663, 'cx_8_11': 398.2222222222222, 'cx_9_8': 405.3333333333333, 'sx_8': 35.55555555555556, 'rz_8': 60.166434453672636, 'cx_5_8': 640.0, 'cx_8_5': 604.4444444444445, 'cx_5_3': 391.1111111111111, 'cx_3_5': 355.55555555555554, 'cx_2_3': 341.3333333333333, 'rz_3': 59.20010692449932, 'sx_3': 35.55555555555556, 'cx_3_2': 305.77777777777777, 'rz_5': 27.396998596827583, 'cx_8_9': 440.88888888888886, 'sx_5': 35.55555555555556, 'measure_2': 5351.11111111111}","{'2': 0.024499999999999966, '3': 0.015600000000000058, '5': 0.016100000000000003, '8': 0.02400000000000002, '9': 0.02279999999999993, '11': 0.015000000000000013, '13': 0.009300000000000086, '14': 0.026699999999999946, '16': 0.020299999999999985, '19': 0.03869999999999996}"
1,torino,133,349,"{'rz_93': 0.004269152344019552, 'sx_93': 0.00016555850781057842, 'rz_100': 0.0008577855168385441, 'sx_100': 0.0013536152998374718, 'rz_101': 0.004093552418921844, 'sx_101': 0.00013879115388061426, 'rz_102': 0.004385966679908153, 'rz_103': 0.004678611040686976, 'cz_93_103': 0.002238445543357087, 'sx_103': 0.00014866428763862718, 'x_93': 0.00016555850781057842, 'rz_104': 0.004121505472456769, 'sx_104': 0.00032972774541761965, 'cz_103_104': 0.002544914086194866, 'x_103': 0.00014866428763862718, 'cz_102_103': 0.003865149747523, 'sx_102': 0.0003681280031902938, 'cz_102_101': 0.0025093269736080337, 'cz_100_101': 0.006127603567205986, 'x_100': 0.0013536152998374718, 'cz_101_102': 0.0025093269736080337, 'x_101': 0.00013879115388061426, 'rz_111': 0.0041314649876770205, 'sx_111': 0.00024081523784914833, 'cz_101_111': 0.0020803133653848893, 'rz_119': 0.004711936874930247, 'sx_119': 0.00015318290240263737, 'rz_120': 0.003241460260660092, 'sx_120': 0.00017235990578135625, 'cz_111_120': 0.0024208103789095936, 'cz_119_120': 0.002232908522018018, 'x_119': 0.00015318290240263737, 'x_111': 0.00024081523784914833, 'rz_121': 0.003627750005890237, 'sx_121': 0.0014103827212980074, 'cz_120_121': 0.002963640907565346, 'cz_120_111': 0.0024208103789095936, 'cz_104_103': 0.002544914086194866, 'cz_120_119': 0.002232908522018018, 'cz_111_101': 0.0020803133653848893, 'cz_101_100': 0.006127603567205986, 'measure_120': 0.01629999999999998, 'measure_111': 0.01539999999999997, 'measure_119': 0.026000000000000023, 'measure_102': 0.007900000000000018, 'measure_101': 0.04380000000000006, 'measure_100': 0.018000000000000016, 'measure_103': 0.01990000000000003, 'measure_93': 0.008700000000000041, 'measure_104': 0.011800000000000033, 'measure_121': 0.03639999999999999}","{'rz_93': 64.97397625510732, 'sx_93': 32.0, 'cz_93_103': 124.0, 'sx_103': 32.0, 'rz_103': 79.92797951820192, 'cz_103_104': 100.0, 'sx_104': 32.0, 'rz_104': 32.32208749009987, 'cz_102_103': 84.0, 'sx_102': 32.0, 'rz_102': 49.453507879225235, 'cz_102_101': 84.0, 'rz_101': 19.100623346765808, 'sx_101': 32.0, 'cz_100_101': 84.0, 'cz_101_102': 84.0, 'cz_101_111': 124.0, 'rz_111': 80.50049909927584, 'cz_111_120': 144.0, 'sx_111': 32.0, 'rz_120': 58.66511001914213, 'sx_120': 32.0, 'cz_119_120': 84.0, 'cz_120_121': 84.0, 'cz_120_111': 144.0, 'sx_100': 32.0, 'cz_111_101': 124.0, 'cz_101_100': 84.0, 'rz_100': 39.31042758516797, 'cz_120_119': 84.0, 'sx_119': 32.0, 'rz_119': 17.30634990753111, 'measure_121': 1560.0}","{'100': 0.018000000000000016, '101': 0.04380000000000006, '102': 0.007900000000000018, '103': 0.01990000000000003, '104': 0.011800000000000033, '111': 0.01539999999999997, '119': 0.026000000000000023, '120': 0.01629999999999998, '121': 0.03639999999999999, '93': 0.008700000000000041}"
1,toronto,27,243,"{'rz_0': 0.0026233785990022658, 'sx_0': 0.00024166799076583536, 'rz_1': 0.0022950476064081252, 'sx_1': 0.0003495703265694083, 'rz_2': 0.0019390526409343238, 'sx_2': 0.0002773169904089553, 'rz_3': 0.001712520867616359, 'sx_3': 0.0005031790505459628, 'rz_4': 0.0004377739643044383, 'sx_4': 0.00018479223708742784, 'rz_5': 0.004152093423328288, 'sx_5': 0.0003166920353994419, 'cx_5_3': 0.009168458591417794, 'x_5': 0.0003166920353994419, 'cx_2_3': 0.007789283516915491, 'cx_2_1': 0.012651864277059083, 'cx_0_1': 0.008945423825359594, 'cx_1_4': 0.007268895442501144, 'rz_6': 0.0010610275768045097, 'sx_6': 0.0003241609645344915, 'rz_7': 0.00283499991566156, 'sx_7': 0.0001724695953754067, 'cx_4_7': 0.008747323513962874, 'cx_7_4': 0.008747323513962874, 'rz_10': 0.0002736687363720657, 'sx_10': 0.0003840399578953424, 'cx_10_7': 0.010846502416885201, 'cx_6_7': 0.006293452577715963, 'cx_7_10': 0.010846502416885201, 'sx_12': 0.002523954525042867, 'cx_12_10': 0.04590920733351894, 'x_1': 0.0003495703265694083, 'rz_12': 0.002616444265459205, 'cx_4_1': 0.007268895442501144, 'x_2': 0.0002773169904089553, 'x_7': 0.0001724695953754067, 'cx_7_6': 0.006293452577715963, 'cx_1_0': 0.008945423825359594, 'measure_4': 0.04580000000000006, 'measure_7': 0.03590000000000004, 'measure_6': 0.08610000000000007, 'measure_10': 0.0625, 'measure_1': 0.03760000000000008, 'measure_2': 0.009800000000000031, 'measure_0': 0.057499999999999996, 'measure_3': 0.012599999999999945, 'measure_5': 0.011800000000000033, 'measure_12': 0.07929999999999993}","{'rz_5': 44.354037885927355, 'sx_5': 568.8888888888889, 'cx_5_3': 5461.333333333333, 'x_5': 568.8888888888889, 'rz_3': 74.2797155293367, 'sx_3': 568.8888888888889, 'cx_2_3': 5233.777777777777, 'sx_2': 568.8888888888889, 'rz_2': 96.96716067591976, 'cx_2_1': 8192.0, 'rz_1': 62.37427034598392, 'sx_1': 568.8888888888889, 'cx_0_1': 3868.444444444444, 'cx_1_4': 7509.333333333333, 'rz_4': 88.96818145300142, 'sx_4': 568.8888888888889, 'cx_4_7': 8078.222222222221, 'cx_7_4': 7509.333333333333, 'cx_10_7': 8305.777777777777, 'rz_7': 32.57031306512481, 'sx_7': 568.8888888888889, 'cx_6_7': 4778.666666666666, 'cx_7_10': 7736.888888888888, 'rz_10': 94.96543056668605, 'sx_10': 568.8888888888889, 'cx_12_10': 7168.0, 'sx_12': 568.8888888888889, 'x_1': 568.8888888888889, 'cx_4_1': 8078.222222222221, 'cx_1_0': 4437.333333333333, 'cx_7_6': 5347.555555555556, 'measure_12': 85617.77777777777}","{'0': 0.057499999999999996, '1': 0.03760000000000008, '2': 0.009800000000000031, '3': 0.012599999999999945, '4': 0.04580000000000006, '5': 0.011800000000000033, '6': 0.08610000000000007, '7': 0.03590000000000004, '10': 0.0625, '12': 0.07929999999999993}"
1,washington,127,233,"{'rz_28': 0.0027344073261244732, 'sx_28': 0.00018817528719210788, 'rz_29': 0.0034413722636215866, 'sx_29': 0.0005014842579937383, 'cx_28_29': 0.008795123256846088, 'x_28': 0.00018817528719210788, 'rz_35': 0.00033125278341023385, 'sx_35': 0.00022748659413939496, 'cx_35_28': 0.014753779487339913, 'rz_46': 0.00255610466533483, 'sx_46': 0.00019619260943853933, 'rz_47': 0.0032353150479557933, 'sx_47': 0.0001791802568091974, 'cx_35_47': 0.006683052735475509, 'cx_47_35': 0.006683052735475509, 'cx_46_47': 0.014749336550677838, 'rz_48': 0.0022260688010437325, 'sx_48': 0.00017297606043704345, 'cx_47_48': 0.006446000766308552, 'rz_49': 0.0035159063615031695, 'sx_49': 0.0002173218692820851, 'cx_48_49': 0.0071978789364175455, 'cx_49_48': 0.0071978789364175455, 'rz_50': 0.004188543461879724, 'sx_50': 0.00021153370014956267, 'cx_50_49': 0.008561635602283069, 'sx_51': 0.0002444945920081518, 'rz_55': 0.004962515961881673, 'sx_55': 0.00023664022750477222, 'cx_55_49': 0.007712955370482694, 'cx_49_50': 0.008561635602283069, 'cx_51_50': 0.006639250269048214, 'x_47': 0.0001791802568091974, 'x_35': 0.00022748659413939496, 'x_49': 0.0002173218692820851, 'cx_49_55': 0.007712955370482694, 'cx_48_47': 0.006446000766308552, 'cx_47_46': 0.014749336550677838, 'rz_51': 0.003657619381166672, 'measure_49': 0.009000000000000008, 'measure_48': 0.005900000000000016, 'measure_55': 0.00990000000000002, 'measure_50': 0.014100000000000001, 'measure_47': 0.016100000000000003, 'measure_35': 0.006700000000000039, 'measure_46': 0.07420000000000004, 'measure_28': 0.009700000000000042, 'measure_29': 0.007600000000000051, 'measure_51': 0.005900000000000016}","{'rz_28': 15.042707030822537, 'sx_28': 35.55555555555556, 'cx_28_29': 412.4444444444444, 'x_28': 35.55555555555556, 'cx_35_28': 1088.0, 'sx_35': 35.55555555555556, 'rz_35': 45.01047891873374, 'cx_35_47': 376.88888888888886, 'cx_47_35': 412.4444444444444, 'cx_46_47': 910.2222222222222, 'rz_47': 75.3163740790129, 'sx_47': 35.55555555555556, 'cx_47_48': 341.3333333333333, 'rz_48': 10.428892370112969, 'sx_48': 35.55555555555556, 'cx_48_49': 440.88888888888886, 'cx_49_48': 405.3333333333333, 'cx_50_49': 462.2222222222222, 'rz_49': 15.100727979122482, 'sx_49': 35.55555555555556, 'cx_55_49': 483.5555555555555, 'cx_49_50': 497.7777777777778, 'rz_50': 39.97871367892156, 'sx_50': 35.55555555555556, 'cx_51_50': 312.88888888888886, 'sx_51': 35.55555555555556, 'x_47': 35.55555555555556, 'cx_48_47': 376.88888888888886, 'cx_47_46': 945.7777777777777, 'cx_49_55': 448.0, 'rz_55': 71.4665620052717, 'measure_51': 864.0}","{'35': 0.006700000000000039, '46': 0.07420000000000004, '47': 0.016100000000000003, '48': 0.005900000000000016, '49': 0.009000000000000008, '50': 0.014100000000000001, '51': 0.005900000000000016, '55': 0.00990000000000002, '28': 0.009700000000000042, '29': 0.007600000000000051}"
2,brisbane,127,10104,"{'rz_5': 0.004819295788002223, 'sx_5': 0.00012769169367837923, 'rz_6': 0.0030171580510929105, 'sx_6': 0.00014108262009159068, 'rz_7': 0.0032365562124024526, 'sx_7': 0.0003479727424683506, 'rz_8': 0.004076531720125523, 'sx_8': 0.0005192198366705484, 'rz_9': 0.0049352951024795, 'sx_9': 0.0002034410532430156, 'rz_12': 0.002961504573495329, 'sx_12': 0.00023319583899039084, 'rz_15': 0.004931985545265515, 'sx_15': 0.00014422003735761768, 'rz_16': 0.004320005402802363, 'sx_16': 0.0002660292296321826, 'rz_17': 0.000753309911696642, 'sx_17': 0.00010999844796836847, 'rz_19': 0.002242729914556146, 'sx_19': 0.00013806006276586322, 'rz_20': 0.002708671590727953, 'sx_20': 0.00028656481071536155, 'rz_21': 0.002589696301745076, 'sx_21': 0.0001584551974156572, 'rz_22': 0.0008341761349598259, 'sx_22': 0.00013957979382311464, 'rz_23': 0.0005105559006708398, 'sx_23': 0.0004136671533554794, 'ecr_22_23': 0.008161146064847968, 'ecr_21_22': 0.004330397179295814, 'rz_24': 0.0014633907371953525, 'sx_24': 0.0001295490770627518, 'ecr_24_23': 0.007306760598607159, 'x_22': 0.00013957979382311464, 'ecr_15_22': 0.004478390041435465, 'x_24': 0.0001295490770627518, 'rz_25': 0.0016305268497287119, 'sx_25': 0.0002504891878642895, 'ecr_25_24': 0.006383399549016261, 'x_25': 0.0002504891878642895, 'rz_26': 0.003892485409797382, 'sx_26': 0.0002626973133030817, 'rz_27': 0.001453638796029247, 'sx_27': 0.00023807120612965988, 'rz_28': 0.0014008092249799373, 'sx_28': 0.00027070780641205255, 'rz_29': 0.0043347253126233085, 'sx_29': 0.00034725768058750797, 'rz_30': 0.0005994054634488982, 'sx_30': 0.0001802672211176269, 'rz_31': 0.00020823306806893173, 'sx_31': 0.00016015766127224984, 'rz_32': 0.0006591826366001652, 'sx_32': 0.0002264699715119705, 'rz_33': 0.0004123956868121761, 'sx_33': 0.0002477996552085003, 'rz_34': 0.0025564047789249232, 'sx_34': 0.00012731337645095463, 'rz_35': 0.00048022210416927557, 'sx_35': 0.00021821344620493566, 'rz_36': 0.0028365090746700784, 'sx_36': 0.00013429547661019861, 'rz_37': 0.0025788977006567905, 'sx_37': 0.00019346065442076834, 'rz_38': 0.00024805206730878183, 'sx_38': 0.0009188277311034797, 'rz_39': 0.0006279307060030928, 'sx_39': 0.00021199867713074324, 'rz_40': 0.0016280604202649532, 'sx_40': 0.00013482361766101227, 'ecr_40_39': 0.006861633962873287, 'ecr_39_38': 0.006028870799464403, 'rz_41': 0.0021331636405803674, 'sx_41': 0.0001774759246498797, 'ecr_40_41': 0.00454352135166497, 'ecr_33_39': 0.005759149304777167, 'x_33': 0.0002477996552085003, 'ecr_20_33': 0.02478788266603507, 'ecr_21_20': 0.0034817738017980937, 'rz_42': 0.0004600647640118171, 'sx_42': 0.0001797621516063854, 'rz_43': 0.0005989301421207564, 'sx_43': 0.00013533644877568497, 'rz_44': 0.0028936246454273357, 'sx_44': 0.00039146136416783663, 'rz_45': 0.002681510896560856, 'sx_45': 0.0003883335308183031, 'rz_46': 0.0005303471917779288, 'sx_46': 0.00021199712545567646, 'rz_47': 0.0024641771106923512, 'sx_47': 0.00016033495619687164, 'rz_48': 0.002206069880618324, 'sx_48': 0.00022301758410075637, 'rz_49': 0.001866522224071651, 'rz_50': 0.0002869052201875275, 'sx_50': 0.0008326812846659134, 'rz_51': 0.0005820751917198134, 'sx_51': 0.00012123394142296765, 'ecr_36_51': 0.0043344132891283416, 'ecr_32_36': 0.005440898251828086, 'x_32': 0.0002264699715119705, 'x_36': 0.00013429547661019861, 'x_51': 0.00012123394142296765, 'rz_52': 0.004030873282529836, 'sx_52': 0.00020849262686747732, 'rz_53': 0.00021173740813979842, 'sx_53': 0.000345986492053784, 'ecr_41_53': 0.005857969247791084, 'x_41': 0.0001774759246498797, 'x_53': 0.000345986492053784, 'rz_54': 0.0012504351541802047, 'sx_54': 0.0002830129914550808, 'rz_55': 0.00033411068179637184, 'sx_55': 0.0002161608928013792, 'rz_56': 0.0015598622619767562, 'sx_56': 0.00020058756919503373, 'rz_57': 0.0028468428339918305, 'sx_57': 0.00013666017213340734, 'rz_58': 0.0039760632816193886, 'sx_58': 0.00018821510792569544, 'rz_59': 0.0034095787487290283, 'sx_59': 0.00019145278676446697, 'rz_60': 0.003584988547233925, 'sx_60': 0.00040866817950931805, 'ecr_53_60': 0.00727226538542422, 'x_60': 0.00040866817950931805, 'rz_61': 0.004465391192185061, 'sx_61': 0.00044009529729981795, 'ecr_60_61': 0.010918460808032632, 'x_61': 0.00044009529729981795, 'rz_62': 0.004805858298439958, 'sx_62': 0.0002244474300536202, 'rz_63': 0.0038861679344605795, 'sx_63': 0.0002378688753401, 'rz_64': 0.00435513234186677, 'sx_64': 0.00017836781252277413, 'ecr_54_64': 0.009292991764651898, 'ecr_54_45': 0.016807900992710734, 'ecr_44_45': 0.007739375914703778, 'rz_65': 0.0008839836861402385, 'sx_65': 0.00015946628534722353, 'rz_66': 0.00285106159653841, 'sx_66': 0.0005208521035690157, 'rz_67': 0.001744150155212803, 'sx_67': 0.00029276818209440574, 'rz_68': 0.000605752668153237, 'sx_68': 0.00019702335787290178, 'rz_69': 0.0006608453900107923, 'sx_69': 0.00030472017517759066, 'rz_70': 0.0018570519236041502, 'sx_70': 0.0005727845761260429, 'rz_71': 0.003448317365099571, 'sx_71': 0.00019245009242986516, 'rz_72': 0.0027003847619545577, 'sx_72': 0.0003754533677812397, 'rz_73': 0.001529592690611969, 'sx_73': 0.00026345946890250803, 'rz_74': 0.004648856365924821, 'sx_74': 0.0005841774708899374, 'rz_75': 0.00027369191261133514, 'rz_76': 0.00021949762338510724, 'sx_76': 0.00015417207310416712, 'rz_77': 0.0010166525006762013, 'sx_77': 0.00018500186128699397, 'rz_78': 0.00020782491559877237, 'sx_78': 0.0002571737772834282, 'rz_79': 0.0028934763521245702, 'sx_79': 0.0002926804553486836, 'rz_80': 0.0035461657408058676, 'sx_80': 0.00020050942010798573, 'ecr_79_80': 0.005323402530065496, 'x_80': 0.00020050942010798573, 'rz_81': 0.004642850122559937, 'sx_81': 0.0005029717640509849, 'rz_82': 0.0020089747232564887, 'sx_82': 0.00020252715667508288, 'rz_83': 0.0048181973505061655, 'sx_83': 0.00019219901404832923, 'rz_84': 0.002969352371361858, 'sx_84': 0.0009272435629498773, 'rz_85': 0.002391234873623826, 'sx_85': 0.00021812955086794171, 'rz_86': 0.003482860599059886, 'sx_87': 0.0016314616017063623, 'rz_87': 0.0027923916917606518, 'rz_88': 0.004425810895131928, 'sx_88': 0.0003578512196046939, 'ecr_87_88': 0.016657519368549534, 'ecr_86_87': 0.02033400353290679, 'sx_86': 0.0011702425607558503, 'ecr_85_86': 0.02047586736970447, 'ecr_85_84': 0.03935473194686562, 'x_84': 0.0009272435629498773, 'ecr_84_83': 0.007474141548040519, 'ecr_82_83': 0.007978185292598222, 'x_82': 0.00020252715667508288, 'ecr_81_82': 0.005118464095604736, 'ecr_81_72': 0.009560190217091313, 'ecr_62_72': 0.006337981344361476, 'ecr_62_61': 0.004879633484073137, 'x_39': 0.00021199867713074324, 'x_62': 0.0002244474300536202, 'ecr_42_41': 0.007110507404938071, 'ecr_62_63': 0.008488742611641842, 'x_63': 0.0002378688753401, 'ecr_63_64': 0.0059402085164247664, 'ecr_46_45': 0.012577844482536127, 'ecr_65_64': 0.0059118887070582216, 'x_81': 0.0005029717640509849, 'x_83': 0.00019219901404832923, 'rz_89': 0.00013576307191244367, 'sx_89': 0.000152723579257423, 'ecr_88_89': 0.0105757453174328, 'ecr_74_89': 0.012165543497663855, 'rz_90': 0.003338688834675739, 'rz_91': 0.0004462498657838735, 'sx_91': 0.00040508283706700704, 'ecr_91_79': 0.006995370254616717, 'rz_92': 0.001711493232762615, 'sx_92': 0.00019468673743700487, 'ecr_83_92': 0.0057945592908542065, 'x_92': 0.00019468673743700487, 'rz_93': 0.004575081531510682, 'sx_93': 0.000414500397387161, 'rz_94': 0.0017111128255895202, 'rz_95': 0.0001777141064162728, 'rz_96': 0.00259040802904651, 'sx_96': 0.00018668203394020067, 'rz_97': 0.004784630775369566, 'sx_97': 0.0004259449268423488, 'rz_98': 0.001008266989416918, 'sx_98': 0.00045747418351981255, 'rz_99': 0.001093679727253627, 'sx_99': 0.00026642662352289065, 'rz_100': 0.004421034997067178, 'sx_100': 0.00016510097132273842, 'rz_101': 0.0044622788622041215, 'sx_101': 0.00029500490758122385, 'rz_102': 0.0031264867243047684, 'sx_102': 0.00019139089565666577, 'ecr_92_102': 0.008990142763274644, 'rz_103': 0.004607987207754382, 'sx_103': 0.00023989094664351987, 'ecr_102_103': 0.008436254835830576, 'ecr_101_102': 0.007656097403926532, 'ecr_101_100': 0.010687384461872756, 'rz_104': 0.0035129307696657305, 'sx_104': 0.00022616364989076876, 'rz_105': 0.00030564189312048935, 'sx_105': 0.0007389301093692648, 'rz_106': 0.0016221267620895854, 'sx_106': 0.00021314762516239338, 'rz_107': 0.0026774272973676475, 'sx_107': 0.0002579581852626074, 'rz_108': 0.004714995815194274, 'sx_108': 0.000822064381948157, 'rz_109': 0.0008112783726108572, 'sx_109': 0.0001766843684376792, 'rz_110': 0.0018425631290366047, 'sx_110': 0.00021283747292110243, 'rz_111': 0.0017216515420517325, 'sx_111': 0.0002822410541014229, 'rz_118': 0.0019599766341545245, 'sx_118': 0.0016432898273073516, 'ecr_110_118': 0.029431059982972213, 'ecr_100_110': 0.0072310446235675785, 'x_100': 0.00016510097132273842, 'ecr_100_99': 0.027772158080855064, 'ecr_99_98': 0.007108657167487847, 'ecr_97_98': 0.009208799675298418, 'ecr_97_96': 0.00759317103951343, 'ecr_109_96': 0.007486275879102, 'rz_119': 0.0026103233088718343, 'sx_119': 0.00029621076257535956, 'ecr_118_119': 0.018156203348448946, 'x_110': 0.00021283747292110243, 'x_118': 0.0016432898273073516, 'x_101': 0.00029500490758122385, 'x_98': 0.00045747418351981255, 'x_99': 0.00026642662352289065, 'x_102': 0.00019139089565666577, 'ecr_104_103': 0.006375810419286365, 'x_104': 0.00022616364989076876, 'ecr_105_104': 0.021187816775953994, 'ecr_105_106': 0.008328513914597657, 'x_105': 0.0007389301093692648, 'rz_122': 0.004223516569860684, 'sx_122': 0.00038788067999754173, 'ecr_122_111': 0.010644227838767034, 'ecr_111_104': 0.00843850434528301, 'x_111': 0.0002822410541014229, 'ecr_93_106': 0.008317251007695786, 'x_106': 0.00021314762516239338, 'ecr_107_106': 0.00695048805807752, 'ecr_108_107': 0.008880252258735705, 'x_107': 0.0002579581852626074, 'ecr_93_87': 0.01956771785834638, 'x_86': 0.0011702425607558503, 'ecr_85_73': 0.005755665262947657, 'x_87': 0.0016314616017063623, 'x_88': 0.0003578512196046939, 'x_73': 0.00026345946890250803, 'ecr_73_66': 0.010702611403740514, 'ecr_67_66': 0.012343459820116892, 'ecr_67_68': 0.010296310404739856, 'x_67': 0.00029276818209440574, 'x_66': 0.0005208521035690157, 'ecr_65_66': 0.009535563540861325, 'x_44': 0.00039146136416783663, 'ecr_43_44': 0.008772470035647933, 'x_43': 0.00013533644877568497, 'ecr_46_47': 0.0060075647604731774, 'x_65': 0.00015946628534722353, 'ecr_69_68': 0.010695017048525823, 'x_68': 0.00019702335787290178, 'ecr_55_68': 0.00599345183632044, 'ecr_74_70': 0.017390376601834345, 'ecr_69_70': 0.010692833974747157, 'ecr_55_49': 0.008472289781300074, 'sx_49': 0.0003824768438288351, 'ecr_48_49': 0.012153713863402638, 'ecr_48_47': 0.0054272066386553686, 'x_49': 0.0003824768438288351, 'x_55': 0.0002161608928013792, 'ecr_50_49': 0.014185546735339782, 'x_47': 0.00016033495619687164, 'x_46': 0.00021199712545567646, 'ecr_35_47': 0.006234032406561618, 'x_35': 0.00021821344620493566, 'ecr_28_35': 0.0075059437693062725, 'ecr_28_27': 0.007145071774252498, 'x_27': 0.00023807120612965988, 'ecr_27_26': 0.0048968307402087186, 'x_26': 0.0002626973133030817, 'ecr_26_25': 0.009392473814638896, 'x_20': 0.00028656481071536155, 'ecr_20_19': 0.003250647152644587, 'ecr_24_34': 0.006210715050126575, 'ecr_16_26': 0.0058270351620461625, 'ecr_16_8': 0.010312953290638555, 'ecr_7_8': 0.010081466480534956, 'x_16': 0.0002660292296321826, 'x_8': 0.0005192198366705484, 'ecr_8_9': 0.011424952296070434, 'ecr_28_29': 0.012937842579991865, 'x_29': 0.00034725768058750797, 'ecr_30_29': 0.0074342592204090785, 'ecr_17_30': 0.004589645753304478, 'x_17': 0.00010999844796836847, 'ecr_12_17': 0.00568227438523361, 'x_30': 0.0001802672211176269, 'x_28': 0.00027070780641205255, 'ecr_30_31': 0.007833892788259994, 'x_31': 0.00016015766127224984, 'ecr_31_32': 0.006026803862930724, 'x_34': 0.00012731337645095463, 'ecr_34_43': 0.0037360025769011818, 'ecr_50_51': 0.012185295621400666, 'ecr_80_81': 0.005892945924506482, 'x_79': 0.0002926804553486836, 'x_91': 0.00040508283706700704, 'ecr_98_91': 0.01291111996052649, 'ecr_59_60': 0.011948077677821495, 'x_59': 0.00019145278676446697, 'ecr_58_59': 0.012332759921432013, 'ecr_57_58': 0.005407654398047496, 'ecr_56_57': 0.007122091631874966, 'x_56': 0.00020058756919503373, 'ecr_52_56': 0.0059714628870796704, 'ecr_52_37': 0.006609472060879945, 'x_57': 0.00013666017213340734, 'x_58': 0.00018821510792569544, 'ecr_58_71': 0.004819855144981039, 'x_71': 0.00019245009242986516, 'ecr_77_71': 0.005582781506379364, 'ecr_77_76': 0.004827840620494767, 'ecr_77_78': 0.0069043707307957225, 'x_77': 0.00018500186128699397, 'ecr_76_75': 0.007131814048778967, 'sx_75': 0.00021625240701247128, 'ecr_75_90': 0.00565827717349765, 'x_78': 0.0002571737772834282, 'sx_90': 0.0002254022649013365, 'ecr_94_90': 0.0070602497089851945, 'sx_94': 0.00028138515955493636, 'ecr_94_95': 0.008409052584398224, 'sx_95': 0.0001982705055120435, 'x_90': 0.0002254022649013365, 'x_75': 0.00021625240701247128, 'x_76': 0.00015417207310416712, 'x_37': 0.00019346065442076834, 'x_94': 0.00028138515955493636, 'ecr_37_38': 0.005170270175246128, 'x_52': 0.00020849262686747732, 'x_38': 0.0009188277311034797, 'x_40': 0.00013482361766101227, 'ecr_79_78': 0.011214961249637279, 'ecr_42_43': 0.0051788540030748564, 'x_72': 0.0003754533677812397, 'x_42': 0.0001797621516063854, 'x_7': 0.0003479727424683506, 'ecr_6_7': 0.007827832062774709, 'ecr_6_5': 0.005575704364881168, 'x_5': 0.00012769169367837923, 'x_45': 0.0003883335308183031, 'x_54': 0.0002830129914550808, 'x_64': 0.00017836781252277413, 'x_85': 0.00021812955086794171, 'measure_71': 0.012599999999999945, 'measure_58': 0.21709999999999996, 'measure_77': 0.0413, 'measure_59': 0.033499999999999974, 'measure_76': 0.008799999999999919, 'measure_57': 0.010299999999999976, 'measure_90': 0.009099999999999997, 'measure_94': 0.01540000000000008, 'measure_75': 0.008499999999999952, 'measure_39': 0.01419999999999999, 'measure_38': 0.017299999999999982, 'measure_37': 0.008099999999999996, 'measure_52': 0.008000000000000007, 'measure_40': 0.0383, 'measure_42': 0.02510000000000001, 'measure_43': 0.019199999999999995, 'measure_44': 0.02400000000000002, 'measure_45': 0.05120000000000002, 'measure_54': 0.01550000000000007, 'measure_64': 0.010099999999999998, 'measure_65': 0.0121, 'measure_63': 0.009800000000000031, 'measure_62': 0.016100000000000003, 'measure_66': 0.007199999999999984, 'measure_73': 0.01539999999999997, 'measure_85': 0.014900000000000024, 'measure_86': 0.039000000000000035, 'measure_84': 0.008299999999999974, 'measure_53': 0.01770000000000005, 'measure_56': 0.010299999999999976, 'measure_41': 0.049900000000000055, 'measure_81': 0.040200000000000014, 'measure_88': 0.008000000000000007, 'measure_72': 0.03990000000000005, 'measure_87': 0.02279999999999993, 'measure_102': 0.03969999999999996, 'measure_92': 0.006000000000000005, 'measure_83': 0.010599999999999943, 'measure_103': 0.007099999999999995, 'measure_111': 0.012299999999999978, 'measure_82': 0.01760000000000006, 'measure_101': 0.026699999999999946, 'measure_106': 0.020399999999999974, 'measure_100': 0.009700000000000042, 'measure_93': 0.031000000000000028, 'measure_107': 0.024899999999999922, 'measure_105': 0.017299999999999982, 'measure_68': 0.034499999999999975, 'measure_122': 0.019499999999999962, 'measure_55': 0.00990000000000002, 'measure_49': 0.009299999999999975, 'measure_110': 0.010699999999999932, 'measure_67': 0.05499999999999994, 'measure_48': 0.012599999999999945, 'measure_47': 0.006699999999999928, 'measure_20': 0.011199999999999988, 'measure_69': 0.00990000000000002, 'measure_31': 0.005600000000000049, 'measure_104': 0.0131, 'measure_35': 0.014599999999999946, 'measure_50': 0.01770000000000005, 'measure_33': 0.012699999999999934, 'measure_28': 0.03380000000000005, 'measure_79': 0.011500000000000066, 'measure_70': 0.07040000000000002, 'measure_27': 0.06730000000000003, 'measure_34': 0.02760000000000007, 'measure_26': 0.008499999999999952, 'measure_25': 0.016199999999999992, 'measure_23': 0.00990000000000002, 'measure_22': 0.014700000000000046, 'measure_21': 0.009399999999999964, 'measure_15': 0.009400000000000075, 'measure_5': 0.00770000000000004, 'measure_8': 0.006299999999999972, 'measure_16': 0.015199999999999991, 'measure_60': 0.0343, 'measure_46': 0.0131, 'measure_98': 0.013000000000000012, 'measure_51': 0.01330000000000009, 'measure_108': 0.024699999999999944, 'measure_80': 0.017900000000000027, 'measure_24': 0.20140000000000002, 'measure_29': 0.01869999999999994, 'measure_74': 0.012599999999999945, 'measure_12': 0.013399999999999967, 'measure_61': 0.22100000000000009, 'measure_19': 0.05520000000000003, 'measure_9': 0.006399999999999961, 'measure_17': 0.0129999999999999, 'measure_97': 0.06180000000000008, 'measure_30': 0.0052000000000000934, 'measure_91': 0.036699999999999955, 'measure_78': 0.006700000000000039, 'measure_99': 0.007099999999999995, 'measure_96': 0.03810000000000002, 'measure_118': 0.01079999999999992, 'measure_109': 0.01859999999999995, 'measure_119': 0.3359, 'measure_95': 0.011099999999999999}","{'rz_88': 12.917463670980347, 'sx_88': 59.99999999999999, 'ecr_87_88': 660.0, 'rz_87': 15.873125438577631, 'sx_87': 59.99999999999999, 'ecr_86_87': 660.0, 'rz_86': 84.1737388308184, 'sx_86': 59.99999999999999, 'ecr_85_86': 660.0, 'rz_85': 41.35300059327049, 'sx_85': 59.99999999999999, 'ecr_85_84': 1100.0, 'x_84': 59.99999999999999, 'rz_84': 24.03426659338713, 'ecr_84_83': 660.0, 'sx_84': 59.99999999999999, 'rz_83': 90.02106944728051, 'sx_83': 59.99999999999999, 'ecr_82_83': 660.0, 'rz_82': 54.05212077333056, 'sx_82': 59.99999999999999, 'x_82': 59.99999999999999, 'ecr_81_82': 660.0, 'rz_81': 37.724535111100266, 'sx_81': 59.99999999999999, 'ecr_81_72': 660.0, 'rz_72': 85.36586181054642, 'sx_72': 59.99999999999999, 'ecr_62_72': 660.0, 'rz_62': 47.57437035614107, 'sx_62': 59.99999999999999, 'ecr_62_61': 660.0, 'rz_61': 69.96327135689549, 'sx_61': 59.99999999999999, 'ecr_60_61': 660.0, 'rz_60': 10.987615534491658, 'sx_60': 59.99999999999999, 'x_60': 59.99999999999999, 'ecr_53_60': 660.0, 'rz_53': 36.50366135382555, 'sx_53': 59.99999999999999, 'x_53': 59.99999999999999, 'ecr_41_53': 660.0, 'rz_41': 64.04455520885823, 'sx_41': 59.99999999999999, 'ecr_62_63': 660.0, 'x_63': 59.99999999999999, 'rz_63': 76.34870010180016, 'ecr_63_64': 660.0, 'sx_63': 59.99999999999999, 'x_83': 59.99999999999999, 'ecr_83_92': 660.0, 'x_92': 59.99999999999999, 'rz_92': 42.03229097825766, 'ecr_92_102': 660.0, 'sx_92': 59.99999999999999, 'rz_102': 42.59965938046083, 'ecr_102_103': 660.0, 'rz_103': 53.39304239332037, 'sx_103': 59.99999999999999, 'sx_102': 59.99999999999999, 'ecr_101_102': 660.0, 'rz_101': 98.09684709583381, 'sx_101': 59.99999999999999, 'ecr_101_100': 660.0, 'rz_100': 91.82098244567491, 'ecr_100_110': 660.0, 'rz_110': 70.52669987414012, 'sx_110': 59.99999999999999, 'x_100': 59.99999999999999, 'ecr_100_99': 660.0, 'rz_99': 77.98192371858853, 'sx_99': 59.99999999999999, 'ecr_99_98': 660.0, 'rz_98': 60.4355392024224, 'sx_98': 59.99999999999999, 'ecr_97_98': 660.0, 'rz_97': 83.92120953131584, 'sx_97': 59.99999999999999, 'sx_100': 59.99999999999999, 'x_102': 59.99999999999999, 'ecr_104_103': 660.0, 'rz_104': 36.39234706814594, 'sx_104': 59.99999999999999, 'x_104': 59.99999999999999, 'ecr_105_104': 660.0, 'rz_105': 57.4570487512136, 'sx_105': 59.99999999999999, 'ecr_111_104': 660.0, 'rz_111': 79.83784499666197, 'sx_111': 59.99999999999999, 'ecr_105_106': 660.0, 'ecr_93_106': 660.0, 'rz_106': 58.75410801180717, 'sx_106': 59.99999999999999, 'x_106': 59.99999999999999, 'ecr_107_106': 660.0, 'rz_107': 70.06470844935394, 'sx_107': 59.99999999999999, 'ecr_108_107': 660.0, 'rz_108': 84.44885358892523, 'sx_108': 59.99999999999999, 'rz_93': 24.49374271325592, 'sx_93': 59.99999999999999, 'ecr_93_87': 740.0, 'x_86': 59.99999999999999, 'x_87': 59.99999999999999, 'ecr_85_73': 660.0, 'x_73': 59.99999999999999, 'rz_73': 38.082876999887446, 'ecr_73_66': 660.0, 'sx_73': 59.99999999999999, 'rz_66': 53.96320858107264, 'sx_66': 59.99999999999999, 'ecr_67_66': 660.0, 'rz_67': 14.199767602746077, 'sx_67': 59.99999999999999, 'ecr_67_68': 660.0, 'rz_68': 31.013959996849096, 'sx_68': 59.99999999999999, 'x_67': 59.99999999999999, 'x_66': 59.99999999999999, 'ecr_65_66': 660.0, 'rz_65': 66.87223662895495, 'sx_65': 59.99999999999999, 'ecr_65_64': 660.0, 'rz_64': 51.24065274708387, 'sx_64': 59.99999999999999, 'ecr_54_64': 660.0, 'rz_54': 30.631991105656052, 'sx_54': 59.99999999999999, 'ecr_54_45': 660.0, 'x_65': 59.99999999999999, 'x_68': 59.99999999999999, 'ecr_55_68': 660.0, 'ecr_69_68': 660.0, 'rz_55': 21.880952755632997, 'sx_55': 59.99999999999999, 'ecr_55_49': 660.0, 'rz_49': 74.31748561510696, 'sx_49': 59.99999999999999, 'ecr_48_49': 660.0, 'rz_48': 24.80603495853917, 'sx_48': 59.99999999999999, 'ecr_48_47': 660.0, 'x_49': 59.99999999999999, 'rz_69': 74.12039426481078, 'sx_69': 59.99999999999999, 'rz_47': 36.600586345267075, 'x_47': 59.99999999999999, 'ecr_46_47': 660.0, 'sx_47': 59.99999999999999, 'rz_46': 52.73828982064493, 'sx_46': 59.99999999999999, 'ecr_46_45': 660.0, 'x_46': 59.99999999999999, 'ecr_35_47': 660.0, 'rz_35': 57.55775921385304, 'sx_35': 59.99999999999999, 'x_35': 59.99999999999999, 'ecr_28_35': 660.0, 'rz_28': 24.89791996231084, 'sx_28': 59.99999999999999, 'ecr_28_27': 660.0, 'x_27': 59.99999999999999, 'rz_27': 76.73645290291856, 'ecr_27_26': 660.0, 'sx_27': 59.99999999999999, 'x_26': 59.99999999999999, 'rz_26': 22.317135216351183, 'ecr_26_25': 660.0, 'rz_25': 91.14489053492443, 'sx_25': 59.99999999999999, 'ecr_25_24': 660.0, 'x_24': 59.99999999999999, 'rz_24': 81.15471935318335, 'ecr_24_23': 660.0, 'sx_24': 59.99999999999999, 'x_25': 59.99999999999999, 'ecr_16_26': 660.0, 'sx_26': 59.99999999999999, 'rz_16': 64.31766219626186, 'sx_16': 59.99999999999999, 'ecr_16_8': 660.0, 'rz_8': 59.092732283868045, 'sx_8': 59.99999999999999, 'ecr_7_8': 660.0, 'rz_7': 80.19673953873703, 'sx_7': 59.99999999999999, 'x_16': 59.99999999999999, 'ecr_28_29': 660.0, 'rz_29': 32.65423699428746, 'x_29': 59.99999999999999, 'ecr_30_29': 660.0, 'sx_29': 59.99999999999999, 'rz_30': 86.29175486256833, 'sx_30': 59.99999999999999, 'ecr_17_30': 660.0, 'rz_17': 88.42349362409381, 'sx_17': 59.99999999999999, 'x_17': 59.99999999999999, 'ecr_12_17': 660.0, 'rz_12': 10.319726994082085, 'sx_12': 59.99999999999999, 'x_30': 59.99999999999999, 'ecr_30_31': 660.0, 'x_28': 59.99999999999999, 'rz_45': 39.62276679889617, 'sx_45': 59.99999999999999, 'ecr_80_81': 660.0, 'x_62': 59.99999999999999, 'rz_80': 21.28617712655414, 'sx_80': 59.99999999999999, 'ecr_79_80': 660.0, 'rz_79': 14.770014787295743, 'sx_79': 59.99999999999999, 'x_79': 59.99999999999999, 'ecr_91_79': 660.0, 'rz_91': 46.551148934874504, 'sx_91': 59.99999999999999, 'x_81': 59.99999999999999, 'x_41': 59.99999999999999, 'ecr_40_41': 660.0, 'rz_40': 87.26629991072889, 'sx_40': 59.99999999999999, 'ecr_59_60': 660.0, 'rz_59': 69.56064091299542, 'sx_59': 59.99999999999999, 'x_59': 59.99999999999999, 'ecr_58_59': 660.0, 'rz_58': 46.63683819174339, 'sx_58': 59.99999999999999, 'ecr_57_58': 660.0, 'rz_57': 32.57877683246856, 'sx_57': 59.99999999999999, 'ecr_56_57': 660.0, 'rz_56': 25.51923118824109, 'sx_56': 59.99999999999999, 'x_56': 59.99999999999999, 'ecr_52_56': 660.0, 'rz_52': 90.50765702124413, 'sx_52': 59.99999999999999, 'x_58': 59.99999999999999, 'ecr_58_71': 660.0, 'rz_71': 39.02326244038447, 'sx_71': 59.99999999999999, 'ecr_77_71': 660.0, 'rz_77': 30.172112300984967, 'sx_77': 59.99999999999999, 'ecr_77_76': 660.0, 'rz_76': 79.35805690874969, 'sx_76': 59.99999999999999, 'ecr_77_78': 780.0, 'rz_78': 19.21924857798404, 'sx_78': 59.99999999999999, 'x_77': 59.99999999999999, 'ecr_76_75': 660.0, 'rz_75': 90.18682353609734, 'sx_75': 59.99999999999999, 'ecr_75_90': 660.0, 'rz_90': 42.6291375546298, 'sx_90': 59.99999999999999, 'ecr_94_90': 660.0, 'rz_94': 93.39725752470963, 'sx_94': 59.99999999999999, 'ecr_94_95': 660.0, 'x_90': 59.99999999999999, 'x_75': 59.99999999999999, 'x_76': 59.99999999999999, 'x_57': 59.99999999999999, 'ecr_52_37': 660.0, 'rz_37': 80.1740338201546, 'x_37': 59.99999999999999, 'ecr_37_38': 660.0, 'sx_37': 59.99999999999999, 'rz_38': 93.01008939291376, 'sx_38': 59.99999999999999, 'ecr_39_38': 660.0, 'rz_39': 73.61497121990745, 'sx_39': 59.99999999999999, 'x_39': 59.99999999999999, 'ecr_40_39': 660.0, 'ecr_33_39': 660.0, 'x_61': 59.99999999999999, 'x_80': 59.99999999999999, 'rz_33': 38.62383865811498, 'sx_33': 59.99999999999999, 'x_40': 59.99999999999999, 'ecr_42_41': 660.0, 'rz_42': 93.74090928736437, 'sx_42': 59.99999999999999, 'x_52': 59.99999999999999, 'ecr_42_43': 660.0, 'rz_43': 23.233375093510762, 'sx_43': 59.99999999999999, 'ecr_43_44': 660.0, 'x_43': 59.99999999999999, 'x_38': 59.99999999999999, 'x_71': 59.99999999999999, 'ecr_44_45': 660.0, 'rz_44': 56.53335598980015, 'sx_44': 59.99999999999999, 'measure_95': 4000.0}","{'5': 0.00770000000000004, '8': 0.006299999999999972, '9': 0.006399999999999961, '12': 0.013399999999999967, '15': 0.009400000000000075, '16': 0.015199999999999991, '17': 0.0129999999999999, '19': 0.05520000000000003, '20': 0.011199999999999988, '21': 0.009399999999999964, '22': 0.014700000000000046, '23': 0.00990000000000002, '24': 0.20140000000000002, '25': 0.016199999999999992, '26': 0.008499999999999952, '27': 0.06730000000000003, '28': 0.03380000000000005, '29': 0.01869999999999994, '30': 0.0052000000000000934, '31': 0.005600000000000049, '33': 0.012699999999999934, '34': 0.02760000000000007, '35': 0.014599999999999946, '37': 0.008099999999999996, '38': 0.017299999999999982, '39': 0.01419999999999999, '40': 0.0383, '41': 0.049900000000000055, '42': 0.02510000000000001, '43': 0.019199999999999995, '44': 0.02400000000000002, '45': 0.05120000000000002, '46': 0.0131, '47': 0.006699999999999928, '48': 0.012599999999999945, '49': 0.009299999999999975, '50': 0.01770000000000005, '51': 0.01330000000000009, '52': 0.008000000000000007, '53': 0.01770000000000005, '54': 0.01550000000000007, '55': 0.00990000000000002, '56': 0.010299999999999976, '57': 0.010299999999999976, '58': 0.21709999999999996, '59': 0.033499999999999974, '60': 0.0343, '61': 0.22100000000000009, '62': 0.016100000000000003, '63': 0.009800000000000031, '64': 0.010099999999999998, '65': 0.0121, '66': 0.007199999999999984, '67': 0.05499999999999994, '68': 0.034499999999999975, '69': 0.00990000000000002, '70': 0.07040000000000002, '71': 0.012599999999999945, '72': 0.03990000000000005, '73': 0.01539999999999997, '74': 0.012599999999999945, '75': 0.008499999999999952, '76': 0.008799999999999919, '77': 0.0413, '78': 0.006700000000000039, '79': 0.011500000000000066, '80': 0.017900000000000027, '81': 0.040200000000000014, '82': 0.01760000000000006, '83': 0.010599999999999943, '84': 0.008299999999999974, '85': 0.014900000000000024, '86': 0.039000000000000035, '87': 0.02279999999999993, '88': 0.008000000000000007, '90': 0.009099999999999997, '91': 0.036699999999999955, '92': 0.006000000000000005, '93': 0.031000000000000028, '94': 0.01540000000000008, '95': 0.011099999999999999, '96': 0.03810000000000002, '97': 0.06180000000000008, '98': 0.013000000000000012, '99': 0.007099999999999995, '100': 0.009700000000000042, '101': 0.026699999999999946, '102': 0.03969999999999996, '103': 0.007099999999999995, '104': 0.0131, '105': 0.017299999999999982, '106': 0.020399999999999974, '107': 0.024899999999999922, '108': 0.024699999999999944, '109': 0.01859999999999995, '110': 0.010699999999999932, '111': 0.012299999999999978, '118': 0.01079999999999992, '119': 0.3359, '122': 0.019499999999999962}"
2,cusco,127,12399,"{'rz_3': 0.004843362951939598, 'sx_3': 0.00020827000060476852, 'rz_4': 0.004945189331817425, 'sx_4': 0.00011359027740978612, 'rz_5': 0.003945687579510153, 'sx_5': 0.004209818114472045, 'rz_6': 0.004225681511028111, 'sx_6': 0.00019594015942017503, 'rz_7': 0.0009149605312769998, 'sx_7': 0.0001896284519179673, 'rz_8': 0.0036902577434716516, 'sx_8': 0.0002680052774096375, 'rz_9': 0.00019761088039779338, 'sx_9': 0.0007229185118140883, 'rz_15': 0.0007969898380381864, 'sx_15': 0.0001614880918304175, 'rz_16': 0.002958874638239996, 'sx_16': 0.00032367470623234537, 'ecr_16_8': 0.00873384732270538, 'ecr_8_7': 0.008016102065748598, 'x_7': 0.0001896284519179673, 'ecr_7_6': 0.005779179772215842, 'ecr_5_6': 0.10840135247519107, 'ecr_5_4': 0.024069261093805028, 'x_4': 0.00011359027740978612, 'ecr_9_8': 0.013311238023087313, 'rz_17': 0.002311707230801808, 'sx_17': 0.0003728038584567211, 'rz_18': 0.002143187074870966, 'sx_18': 0.0013378690503144833, 'rz_19': 0.0018849357689592068, 'sx_19': 0.0005940026675401652, 'rz_20': 0.002937989927709589, 'sx_20': 0.000214078931930704, 'rz_21': 0.0004299188646706929, 'sx_21': 0.0005545734006475826, 'ecr_21_20': 0.012330013247116606, 'rz_22': 0.0008832334414411817, 'rz_23': 0.0010719012890842764, 'sx_23': 0.000470838613300065, 'rz_24': 0.0015381705946344137, 'sx_24': 0.0010849955959513983, 'rz_25': 0.0038402122293652876, 'sx_25': 0.00033628902268529194, 'rz_26': 0.0038396891244815733, 'sx_26': 0.0004738533763912661, 'ecr_26_16': 0.01464970477316585, 'rz_27': 0.0033643826865650947, 'sx_27': 0.00019394227399707455, 'rz_28': 0.0020809463427031126, 'sx_28': 0.0002666715177004544, 'rz_29': 0.0012715775643560713, 'sx_29': 0.00019071387276779045, 'rz_30': 0.002422899449761238, 'sx_30': 0.00033632046707199786, 'ecr_17_30': 0.015531750926002508, 'rz_31': 0.004797316970383786, 'sx_31': 0.0005255517601461135, 'rz_33': 0.004211536206091001, 'sx_33': 0.0002673689314069926, 'ecr_20_33': 0.005637715953449862, 'rz_34': 0.0031317650054048245, 'sx_34': 0.001734516757834003, 'rz_35': 0.0021235599399213995, 'sx_35': 0.0007790912223092037, 'rz_37': 0.004840031662560435, 'sx_37': 0.0005344799350624253, 'rz_38': 0.0022894526195156853, 'sx_38': 0.0006227841585199327, 'rz_39': 0.002936341179074428, 'sx_39': 0.0004920982545789351, 'rz_40': 0.0005640855556635578, 'sx_40': 0.00020774164821176508, 'ecr_40_39': 0.011514001041284666, 'x_40': 0.00020774164821176508, 'rz_41': 0.0009330519215145755, 'sx_41': 0.0004117107387724237, 'rz_42': 0.003371185200258549, 'sx_42': 0.0008103759745055388, 'rz_43': 0.003964630316022232, 'sx_43': 0.0003423881961296638, 'rz_44': 0.004564317349449752, 'sx_44': 0.0029543755051137477, 'rz_45': 0.003648037802590663, 'sx_45': 0.0006546914571472517, 'rz_46': 0.0009879956051943276, 'sx_46': 0.00023790789845765467, 'rz_47': 0.004895416324435903, 'sx_47': 0.0008066973492246777, 'rz_48': 0.0012895618222698551, 'sx_48': 0.01483668019251928, 'rz_49': 0.002845991564536067, 'rz_50': 0.0031026316092727713, 'sx_50': 0.0003156800145019029, 'rz_51': 0.004574300071646039, 'sx_51': 0.000260740135252214, 'rz_52': 0.00446829542142167, 'sx_52': 0.0020454610192140866, 'rz_53': 0.002233907314023228, 'sx_53': 0.00015392735779737096, 'rz_54': 0.0014087190607554828, 'sx_54': 0.00019372429983103025, 'rz_55': 0.0018644169327910794, 'sx_55': 0.00035217270289067713, 'rz_56': 0.0016453580384603558, 'sx_56': 0.00029368194504215527, 'ecr_52_56': 0.07774190321804758, 'ecr_52_37': 0.015558783041940721, 'rz_57': 0.0030802126275646558, 'sx_57': 0.000789380432996566, 'ecr_56_57': 0.010193205012770684, 'x_56': 0.00029368194504215527, 'rz_58': 0.00029507097140419236, 'sx_58': 0.0004052868581900735, 'rz_59': 0.002453688465830466, 'sx_59': 0.001092267767769483, 'rz_60': 0.0024599693086073053, 'sx_60': 0.0003190681773970415, 'ecr_60_59': 0.04658276317596752, 'ecr_60_53': 0.019560074254534432, 'x_53': 0.00015392735779737096, 'ecr_53_41': 0.010203840808665904, 'x_59': 0.001092267767769483, 'rz_61': 0.0032055035123601788, 'sx_61': 0.0002935109929896861, 'rz_62': 0.004311394915184108, 'sx_62': 0.0003559562164175821, 'rz_63': 0.0031806653497169312, 'sx_63': 0.001855454169037855, 'rz_64': 0.0009832944843780696, 'sx_64': 0.0007164751541185784, 'ecr_64_63': 0.04243292446723998, 'ecr_54_64': 0.007581572408421916, 'x_54': 0.00019372429983103025, 'rz_65': 0.0003875633529270411, 'sx_65': 0.0004940023841487646, 'rz_66': 0.0017324413260685688, 'sx_66': 0.0005271967106405958, 'rz_67': 0.003653551328172097, 'sx_67': 0.0021342379761858416, 'rz_68': 0.00042755825269728234, 'sx_68': 0.007050726421136673, 'rz_69': 0.003933352045593904, 'sx_69': 0.0019723325670763527, 'rz_70': 0.0011878857286050368, 'sx_70': 0.0003426229301078057, 'rz_71': 0.002810160610547087, 'sx_71': 0.00022049173133371986, 'rz_72': 0.003735590700873658, 'sx_72': 0.00035052815007401074, 'rz_73': 0.0011568204624937373, 'sx_73': 0.0016824375923740434, 'rz_74': 0.004987501026258838, 'sx_74': 0.0004321189006889671, 'rz_75': 0.003193773633665621, 'sx_75': 0.000715294768763334, 'rz_76': 0.002170243946999156, 'sx_76': 0.000298500868120842, 'ecr_76_75': 0.025370825239333233, 'x_76': 0.000298500868120842, 'rz_77': 0.00018076259091582582, 'sx_77': 0.00033967377212724563, 'rz_78': 0.00297949307626423, 'sx_78': 0.003031276825072053, 'rz_79': 0.004962397120374442, 'sx_79': 0.0002770335060358682, 'rz_80': 0.003044648315125024, 'sx_80': 0.0004455582697635864, 'rz_81': 0.004741206979462367, 'sx_81': 0.0002466861859721805, 'ecr_72_81': 0.016547450764222177, 'ecr_72_62': 0.012494514410787139, 'x_62': 0.0003559562164175821, 'ecr_62_63': 0.022036943252142976, 'ecr_62_61': 0.008674782622831223, 'ecr_80_81': 0.016876665721924533, 'x_80': 0.0004455582697635864, 'rz_82': 0.004651545494519295, 'sx_82': 0.004900311217553364, 'rz_83': 0.00422769201271766, 'sx_83': 0.00026626806714399805, 'rz_84': 0.0010665506867662932, 'sx_84': 0.0005362723563440445, 'rz_85': 0.0010512736855718494, 'sx_85': 0.003861101224904584, 'rz_86': 0.0031933026584796925, 'sx_86': 0.0016798851833139988, 'rz_87': 0.0013487365665030317, 'sx_87': 0.0021833203861338487, 'ecr_87_86': 0.08190653409002313, 'x_86': 0.0016798851833139988, 'rz_88': 0.001685276432206108, 'sx_88': 0.0028423749774065268, 'ecr_87_88': 0.09863518942141414, 'x_88': 0.0028423749774065268, 'rz_89': 0.003186716561076851, 'sx_89': 0.00023056011753331553, 'ecr_88_89': 0.03005587190743883, 'ecr_74_89': 0.0100045666054972, 'x_74': 0.0004321189006889671, 'ecr_70_74': 0.011530830584059931, 'ecr_70_69': 0.03473246768934041, 'x_89': 0.00023056011753331553, 'rz_90': 0.002873105455882153, 'sx_90': 0.0014560175381071723, 'ecr_90_75': 0.06411971401098585, 'rz_91': 0.0022177032415479033, 'sx_91': 0.0011195534661071463, 'rz_92': 0.0037734290091935635, 'sx_92': 0.003092025355297146, 'rz_93': 0.004387502842194534, 'sx_93': 0.001387861180360068, 'rz_94': 0.0042468768958470425, 'sx_94': 0.00575714305472285, 'rz_95': 0.004013745919621062, 'sx_95': 0.0020979207814420192, 'rz_96': 0.0011807126401598164, 'sx_96': 0.0002995820278662045, 'rz_97': 0.00023289586224680683, 'sx_97': 0.006143339777860221, 'rz_98': 0.0012383634413960206, 'sx_98': 0.005386627837105924, 'ecr_98_91': 0.06480287165283025, 'ecr_91_79': 0.04093949759658899, 'rz_99': 0.004852387205510603, 'sx_99': 0.0010698419706957956, 'ecr_99_98': 0.030545136467263118, 'x_91': 0.0011195534661071463, 'x_98': 0.005386627837105924, 'rz_100': 0.0033832901831452244, 'sx_100': 0.005138275323949534, 'rz_101': 0.002650495750341672, 'sx_101': 0.0024220138996056536, 'rz_102': 0.0005164719580798817, 'rz_103': 0.003467974536500438, 'sx_103': 0.0011086154251041783, 'rz_104': 0.003254054112429734, 'sx_104': 0.001421516904523369, 'rz_105': 0.004783165194533175, 'sx_105': 0.0015033337389388647, 'rz_106': 0.0035852106002527387, 'sx_106': 0.0022337627661335943, 'rz_109': 0.0024530802353600633, 'sx_109': 0.0005994988949623802, 'rz_110': 0.002858515593825082, 'sx_110': 0.005015487245305529, 'rz_111': 0.0030481768899736357, 'sx_111': 0.0012766323936381971, 'rz_114': 0.001949888528929149, 'sx_114': 0.00027482355000273394, 'rz_115': 0.003072730814093234, 'sx_115': 0.0003713200867119496, 'rz_116': 0.0025130357336747185, 'sx_116': 0.000185635837371823, 'ecr_116_115': 0.006037720235815391, 'ecr_115_114': 0.009781616447200187, 'ecr_109_114': 0.007006543557937478, 'x_109': 0.0005994988949623802, 'rz_117': 0.003215678108858123, 'sx_117': 0.00040612654189353025, 'sx_118': 0.001644881812977279, 'rz_118': 0.0005512507326532082, 'ecr_117_118': 0.038053631688705736, 'ecr_118_110': 0.1175126272131201, 'ecr_100_110': 1, 'x_110': 0.005015487245305529, 'x_118': 0.001644881812977279, 'ecr_100_99': 0.052006459581359854, 'x_79': 0.0002770335060358682, 'x_99': 0.0010698419706957956, 'ecr_101_100': 0.07256120415034895, 'x_100': 0.005138275323949534, 'ecr_102_101': 0.07543837535502376, 'sx_102': 0.0017492020263813971, 'ecr_92_102': 0.06628617314801802, 'x_102': 0.0017492020263813971, 'ecr_103_102': 0.06117775744294504, 'ecr_103_104': 0.05468663343264116, 'x_104': 0.001421516904523369, 'ecr_104_105': 0.02361424348834623, 'ecr_97_98': 0.07371303987136951, 'x_101': 0.0024220138996056536, 'rz_119': 0.0035407171585543035, 'sx_119': 0.0014289916839811982, 'ecr_118_119': 0.10169564068334729, 'ecr_104_111': 0.047173786741700585, 'x_105': 0.0015033337389388647, 'ecr_105_106': 0.17174276678350972, 'x_111': 0.0012766323936381971, 'x_119': 0.0014289916839811982, 'x_92': 0.003092025355297146, 'ecr_83_92': 1, 'ecr_84_83': 0.018560219760407753, 'x_83': 0.00026626806714399805, 'ecr_85_84': 0.12710162541400646, 'x_84': 0.0005362723563440445, 'ecr_85_86': 0.0715243878996629, 'ecr_73_85': 0.033604851997611734, 'x_73': 0.0016824375923740434, 'ecr_66_73': 0.016723236868478875, 'ecr_67_66': 0.01775934426963549, 'x_85': 0.003861101224904584, 'x_87': 0.0021833203861338487, 'ecr_93_87': 0.07714422599856136, 'x_66': 0.0005271967106405958, 'ecr_65_66': 0.017471241498830253, 'ecr_67_68': 0.2137999135615339, 'x_67': 0.0021342379761858416, 'ecr_68_69': 1, 'ecr_55_68': 0.16471779578224988, 'ecr_55_49': 0.01341205570778431, 'sx_49': 0.000503899191498368, 'ecr_50_49': 0.011484899507234914, 'x_49': 0.000503899191498368, 'ecr_51_50': 0.01096224476028873, 'x_55': 0.00035217270289067713, 'ecr_48_49': 0.054423669421687165, 'ecr_48_47': 0.1147774944198993, 'ecr_46_47': 0.012592956832367858, 'ecr_46_45': 0.025745894739130748, 'ecr_44_45': 0.038941023106737555, 'ecr_43_44': 0.01168429427034648, 'x_44': 0.0029543755051137477, 'x_46': 0.00023790789845765467, 'x_45': 0.0006546914571472517, 'ecr_35_47': 0.017022581428017214, 'ecr_35_28': 0.01563606462940978, 'ecr_29_28': 0.007681609889442054, 'ecr_29_30': 0.00706132814320104, 'x_30': 0.00033632046707199786, 'ecr_30_31': 0.012314577168063223, 'x_28': 0.0002666715177004544, 'ecr_28_27': 0.008816715630381111, 'ecr_54_45': 0.025941071182703862, 'ecr_42_43': 0.0261573420476304, 'ecr_42_41': 0.022039396135694778, 'x_42': 0.0008103759745055388, 'x_64': 0.0007164751541185784, 'ecr_43_34': 0.007893791800728994, 'x_34': 0.001734516757834003, 'ecr_34_24': 0.023718803362242358, 'ecr_25_24': 0.010180236102942358, 'x_24': 0.0010849955959513983, 'ecr_26_25': 0.01287863640283346, 'ecr_23_24': 0.008424743610030622, 'ecr_23_22': 0.008534974056306821, 'sx_22': 0.0002606447432482449, 'ecr_22_15': 0.012215495019777423, 'x_22': 0.0002606447432482449, 'x_16': 0.00032367470623234537, 'ecr_26_27': 0.017686619500478423, 'ecr_4_15': 0.0039061895594985907, 'ecr_4_3': 0.010281770192538231, 'ecr_21_22': 0.008271567399380758, 'x_20': 0.000214078931930704, 'ecr_20_19': 0.006356455975851633, 'ecr_18_19': 0.036802220503684674, 'x_43': 0.0003423881961296638, 'x_21': 0.0005545734006475826, 'x_23': 0.000470838613300065, 'x_69': 0.0019723325670763527, 'x_25': 0.00033628902268529194, 'x_41': 0.0004117107387724237, 'ecr_40_41': 0.03424911984705367, 'ecr_38_39': 0.018132779544613953, 'ecr_60_61': 0.017234372944100435, 'x_60': 0.0003190681773970415, 'ecr_58_59': 0.030923747963362336, 'ecr_57_58': 0.015243867870748051, 'x_58': 0.0004052868581900735, 'ecr_58_71': 0.028250844466692127, 'ecr_77_71': 0.014515805379456154, 'ecr_76_77': 0.007310314304853099, 'x_77': 0.00033967377212724563, 'ecr_78_77': 0.025540016133245608, 'x_78': 0.003031276825072053, 'ecr_79_78': 0.025101812498680542, 'ecr_80_79': 0.01622584056432194, 'x_81': 0.0002466861859721805, 'ecr_81_82': 0.041936073712454336, 'x_90': 0.0014560175381071723, 'ecr_96_97': 0.12516795275580408, 'ecr_96_95': 0.030706361273812655, 'ecr_94_95': 0.08524042560345739, 'ecr_96_109': 0.014377458787430686, 'x_97': 0.006143339777860221, 'rz_120': 0.0010781364923413588, 'sx_120': 0.00022088987471489792, 'ecr_119_120': 0.05650529148790298, 'x_96': 0.0002995820278662045, 'ecr_94_90': 1, 'x_57': 0.000789380432996566, 'x_71': 0.00022049173133371986, 'x_52': 0.0020454610192140866, 'x_75': 0.000715294768763334, 'x_94': 0.00575714305472285, 'x_95': 0.0020979207814420192, 'x_38': 0.0006227841585199327, 'x_72': 0.00035052815007401074, 'x_61': 0.0002935109929896861, 'x_33': 0.0002673689314069926, 'ecr_33_39': 0.014661871597247134, 'x_8': 0.0002680052774096375, 'x_50': 0.0003156800145019029, 'x_68': 0.007050726421136673, 'x_35': 0.0007790912223092037, 'x_47': 0.0008066973492246777, 'x_39': 0.0004920982545789351, 'ecr_93_106': 0.0373667687820009, 'ecr_65_64': 0.013411050049966483, 'x_65': 0.0004940023841487646, 'x_103': 0.0011086154251041783, 'ecr_83_82': 0.03331906207306276, 'rz_121': 0.001095232766813057, 'sx_121': 0.0023915376639031265, 'ecr_121_120': 0.05191439146869409, 'rz_122': 0.0015805967512627893, 'sx_122': 0.003669201982929134, 'ecr_121_122': 0.04942796868489552, 'ecr_111_122': 1, 'measure_77': 0.018900000000000028, 'measure_71': 0.04910000000000003, 'measure_78': 0.22720000000000007, 'measure_58': 0.00770000000000004, 'measure_76': 0.01540000000000008, 'measure_57': 0.03049999999999997, 'measure_79': 0.05130000000000001, 'measure_56': 0.041100000000000025, 'measure_59': 0.021299999999999986, 'measure_60': 0.05600000000000005, 'measure_80': 0.021600000000000064, 'measure_81': 0.012499999999999956, 'measure_72': 0.26879999999999993, 'measure_82': 0.027800000000000047, 'measure_91': 0.04310000000000003, 'measure_98': 0.23009999999999997, 'measure_63': 0.08689999999999998, 'measure_64': 0.024599999999999955, 'measure_84': 0.03849999999999998, 'measure_85': 0.045399999999999996, 'measure_73': 0.021299999999999986, 'measure_66': 0.01429999999999998, 'measure_92': 0.08199999999999996, 'measure_102': 0.02960000000000007, 'measure_101': 0.044499999999999984, 'measure_83': 0.013600000000000056, 'measure_103': 0.0252, 'measure_110': 0.14190000000000003, 'measure_100': 0.0796, 'measure_61': 0.13990000000000002, 'measure_65': 0.012799999999999923, 'measure_99': 0.022599999999999953, 'measure_96': 0.05169999999999997, 'measure_104': 0.038999999999999924, 'measure_118': 0.09166666666666667, 'measure_111': 0.02499999999999991, 'measure_86': 0.061900000000000066, 'measure_45': 0.06020000000000003, 'measure_105': 0.057499999999999996, 'measure_43': 0.09989999999999999, 'measure_55': 0.0383, 'measure_68': 0.04459999999999997, 'measure_49': 0.07840000000000003, 'measure_67': 0.038899999999999935, 'measure_44': 0.05459999999999998, 'measure_69': 0.03489999999999993, 'measure_117': 0.018799999999999928, 'measure_119': 0.05666666666666664, 'measure_46': 0.036799999999999944, 'measure_70': 0.009600000000000053, 'measure_93': 0.09010000000000007, 'measure_47': 0.02069999999999994, 'measure_106': 0.0250999999999999, 'measure_87': 0.20409999999999995, 'measure_50': 0.062000000000000055, 'measure_35': 0.00880000000000003, 'measure_24': 0.054300000000000015, 'measure_25': 0.011800000000000033, 'measure_39': 0.20850000000000002, 'measure_28': 0.010800000000000032, 'measure_23': 0.013900000000000023, 'measure_75': 0.012800000000000034, 'measure_30': 0.0847, 'measure_34': 0.05940000000000001, 'measure_40': 0.01869999999999994, 'measure_48': 0.3771, 'measure_54': 0.010599999999999943, 'measure_74': 0.01089999999999991, 'measure_22': 0.015800000000000036, 'measure_51': 0.14690000000000003, 'measure_31': 0.02960000000000007, 'measure_27': 0.014999999999999902, 'measure_16': 0.012699999999999934, 'measure_8': 0.030299999999999994, 'measure_15': 0.03760000000000008, 'measure_5': 0.014100000000000001, 'measure_4': 0.008499999999999952, 'measure_21': 0.10210000000000008, 'measure_3': 0.06299999999999994, 'measure_19': 0.0675, 'measure_90': 0.058599999999999985, 'measure_29': 0.009199999999999986, 'measure_18': 0.017100000000000004, 'measure_9': 0.0262, 'measure_42': 0.10570000000000002, 'measure_41': 0.019399999999999973, 'measure_7': 0.006599999999999939, 'measure_17': 0.058599999999999985, 'measure_53': 0.012699999999999934, 'measure_33': 0.012800000000000034, 'measure_94': 0.4092, 'measure_52': 0.04920000000000002, 'measure_37': 0.03620000000000001, 'measure_62': 0.022399999999999975, 'measure_97': 0.0677000000000001, 'measure_38': 0.19530000000000003, 'measure_20': 0.013299999999999979, 'measure_95': 0.3245, 'measure_26': 0.025900000000000034, 'measure_109': 0.016100000000000003}","{'rz_117': 28.343945725499598, 'sx_117': 44.0, 'ecr_117_118': 460.0, 'rz_118': 57.04995872801827, 'sx_118': 44.0, 'ecr_118_110': 460.0, 'ecr_100_110': 940.0, 'rz_110': 24.80631590481893, 'sx_110': 44.0, 'x_110': 44.0, 'rz_100': 84.20251031095701, 'sx_100': 44.0, 'ecr_100_99': 460.0, 'rz_99': 81.71859819775588, 'sx_99': 44.0, 'ecr_99_98': 460.0, 'x_98': 44.0, 'rz_98': 86.98920648443098, 'ecr_98_91': 460.0, 'sx_98': 44.0, 'x_99': 44.0, 'ecr_101_100': 460.0, 'rz_101': 75.88037238273806, 'sx_101': 44.0, 'ecr_102_101': 460.0, 'rz_102': 19.82110441815897, 'sx_102': 44.0, 'ecr_92_102': 460.0, 'x_102': 44.0, 'ecr_103_102': 460.0, 'rz_103': 20.22284513394047, 'sx_103': 44.0, 'ecr_103_104': 460.0, 'rz_92': 41.796367145539335, 'sx_92': 44.0, 'x_92': 44.0, 'ecr_83_92': 460.0, 'rz_83': 64.90084302036567, 'sx_83': 44.0, 'ecr_84_83': 460.0, 'rz_84': 74.77467829697588, 'sx_84': 44.0, 'ecr_85_84': 460.0, 'rz_85': 25.788962208291057, 'sx_85': 44.0, 'ecr_85_86': 460.0, 'rz_86': 98.00406391778162, 'sx_86': 44.0, 'ecr_73_85': 460.0, 'rz_73': 91.39594619080714, 'sx_73': 44.0, 'x_73': 44.0, 'ecr_66_73': 740.0, 'rz_66': 22.06925895038821, 'sx_66': 44.0, 'ecr_67_66': 460.0, 'ecr_87_86': 460.0, 'rz_87': 14.635066044743663, 'sx_87': 44.0, 'x_87': 44.0, 'ecr_93_87': 460.0, 'rz_93': 85.15979535981663, 'sx_93': 44.0, 'x_66': 44.0, 'rz_67': 98.76495250246779, 'sx_67': 44.0, 'ecr_65_66': 460.0, 'rz_65': 98.66477591353767, 'sx_65': 44.0, 'x_67': 44.0, 'ecr_67_68': 460.0, 'rz_68': 57.14173632606348, 'ecr_68_69': 460.0, 'rz_69': 54.733122053323115, 'sx_69': 44.0, 'ecr_70_69': 460.0, 'rz_70': 55.843932911064236, 'sx_70': 44.0, 'sx_68': 44.0, 'ecr_55_68': 460.0, 'rz_55': 40.4674466997964, 'sx_55': 44.0, 'ecr_55_49': 460.0, 'x_55': 44.0, 'rz_49': 36.8693853302948, 'sx_49': 44.0, 'ecr_48_49': 460.0, 'rz_48': 32.97271354914911, 'sx_48': 44.0, 'ecr_48_47': 1708.0, 'rz_47': 95.72091764787315, 'sx_47': 44.0, 'ecr_46_47': 940.0, 'rz_46': 33.59060335960215, 'sx_46': 44.0, 'ecr_46_45': 940.0, 'ecr_44_45': 940.0, 'rz_45': 72.74956831973392, 'sx_45': 44.0, 'ecr_35_47': 460.0, 'rz_35': 38.83288481041615, 'sx_35': 44.0, 'ecr_35_28': 460.0, 'ecr_54_45': 460.0, 'rz_44': 69.29521718845706, 'sx_44': 44.0, 'x_44': 44.0, 'ecr_43_44': 460.0, 'rz_43': 48.353532835165076, 'sx_43': 44.0, 'ecr_42_43': 460.0, 'rz_42': 50.54350528584773, 'sx_42': 44.0, 'ecr_42_41': 644.0, 'x_42': 44.0, 'ecr_43_34': 460.0, 'x_34': 44.0, 'rz_34': 96.14024319942443, 'ecr_34_24': 316.0, 'sx_34': 44.0, 'ecr_25_24': 460.0, 'rz_24': 40.014423404617574, 'sx_24': 44.0, 'rz_25': 60.88241701774819, 'sx_25': 44.0, 'ecr_26_25': 460.0, 'rz_26': 65.43875689546772, 'sx_26': 44.0, 'ecr_23_24': 460.0, 'rz_23': 65.77560145879278, 'sx_23': 44.0, 'ecr_23_22': 460.0, 'rz_22': 48.71741980982229, 'sx_22': 44.0, 'ecr_22_15': 460.0, 'rz_15': 90.09665212996003, 'sx_15': 44.0, 'ecr_4_15': 460.0, 'rz_4': 40.242267142754415, 'sx_4': 44.0, 'x_4': 44.0, 'ecr_5_4': 460.0, 'rz_5': 76.95309102717759, 'sx_5': 44.0, 'ecr_4_3': 460.0, 'x_22': 44.0, 'ecr_21_22': 460.0, 'rz_21': 96.67212869563016, 'sx_21': 44.0, 'ecr_21_20': 460.0, 'x_20': 44.0, 'rz_20': 82.00949803746848, 'ecr_20_19': 460.0, 'sx_20': 44.0, 'rz_19': 92.2174579555386, 'sx_19': 44.0, 'ecr_18_19': 460.0, 'rz_18': 14.49316231401344, 'sx_18': 44.0, 'ecr_20_33': 460.0, 'x_24': 44.0, 'ecr_26_16': 460.0, 'ecr_26_27': 460.0, 'x_43': 44.0, 'rz_41': 93.41245955991256, 'x_41': 44.0, 'ecr_40_41': 460.0, 'sx_41': 44.0, 'ecr_53_41': 460.0, 'rz_53': 27.313653520633842, 'sx_53': 44.0, 'ecr_60_53': 604.0, 'rz_60': 91.0550172430687, 'sx_60': 44.0, 'rz_40': 40.27969228349827, 'sx_40': 44.0, 'ecr_40_39': 460.0, 'x_53': 44.0, 'ecr_60_59': 460.0, 'rz_59': 63.34194779505726, 'sx_59': 44.0, 'ecr_58_59': 460.0, 'rz_58': 33.70454824771859, 'sx_58': 44.0, 'ecr_57_58': 460.0, 'rz_57': 15.248810117512981, 'sx_57': 44.0, 'ecr_56_57': 460.0, 'rz_56': 75.63060055957942, 'sx_56': 44.0, 'x_56': 44.0, 'ecr_52_56': 460.0, 'rz_52': 50.27972203625962, 'sx_52': 44.0, 'ecr_52_37': 276.0, 'ecr_58_71': 460.0, 'rz_71': 71.44763707652783, 'sx_71': 44.0, 'ecr_77_71': 460.0, 'rz_77': 16.82535111106374, 'sx_77': 44.0, 'ecr_76_77': 460.0, 'rz_76': 63.468963191858414, 'sx_76': 44.0, 'ecr_76_75': 460.0, 'rz_75': 17.144504514303655, 'sx_75': 44.0, 'ecr_90_75': 460.0, 'rz_90': 30.396034142506718, 'sx_90': 44.0, 'x_77': 44.0, 'ecr_78_77': 460.0, 'rz_78': 60.96234581067593, 'sx_78': 44.0, 'x_78': 44.0, 'ecr_79_78': 460.0, 'rz_79': 94.1178939106002, 'sx_79': 44.0, 'ecr_80_79': 460.0, 'rz_80': 63.38358548700945, 'sx_80': 44.0, 'ecr_80_81': 460.0, 'ecr_91_79': 460.0, 'rz_91': 52.22528044412271, 'sx_91': 44.0, 'x_91': 44.0, 'ecr_97_98': 460.0, 'rz_97': 34.582552167642035, 'sx_97': 44.0, 'ecr_96_97': 460.0, 'rz_96': 67.48990101008542, 'sx_96': 44.0, 'ecr_96_95': 460.0, 'x_97': 44.0, 'x_79': 44.0, 'ecr_96_109': 460.0, 'x_90': 44.0, 'ecr_94_90': 460.0, 'rz_94': 95.58196259494217, 'sx_94': 44.0, 'ecr_94_95': 460.0, 'x_58': 44.0, 'ecr_60_61': 460.0, 'rz_61': 78.14060992258958, 'sx_61': 44.0, 'ecr_62_61': 460.0, 'rz_62': 38.15064397704465, 'sx_62': 44.0, 'ecr_72_62': 460.0, 'rz_72': 56.698262361929444, 'sx_72': 44.0, 'ecr_72_81': 460.0, 'rz_81': 54.742573485684396, 'sx_81': 44.0, 'rz_95': 64.8277426534387, 'sx_95': 44.0, 'x_76': 44.0, 'x_96': 44.0, 'rz_39': 12.69890618305725, 'sx_39': 44.0, 'x_71': 44.0, 'x_62': 44.0, 'x_81': 44.0, 'ecr_81_82': 460.0, 'x_57': 44.0, 'x_80': 44.0, 'measure_109': 4000.0}","{'3': 0.06299999999999994, '4': 0.008499999999999952, '5': 0.014100000000000001, '7': 0.006599999999999939, '8': 0.030299999999999994, '9': 0.0262, '15': 0.03760000000000008, '16': 0.012699999999999934, '17': 0.058599999999999985, '18': 0.017100000000000004, '19': 0.0675, '20': 0.013299999999999979, '21': 0.10210000000000008, '22': 0.015800000000000036, '23': 0.013900000000000023, '24': 0.054300000000000015, '25': 0.011800000000000033, '26': 0.025900000000000034, '27': 0.014999999999999902, '28': 0.010800000000000032, '29': 0.009199999999999986, '30': 0.0847, '31': 0.02960000000000007, '33': 0.012800000000000034, '34': 0.05940000000000001, '35': 0.00880000000000003, '37': 0.03620000000000001, '38': 0.19530000000000003, '39': 0.20850000000000002, '40': 0.01869999999999994, '41': 0.019399999999999973, '42': 0.10570000000000002, '43': 0.09989999999999999, '44': 0.05459999999999998, '45': 0.06020000000000003, '46': 0.036799999999999944, '47': 0.02069999999999994, '48': 0.3771, '49': 0.07840000000000003, '50': 0.062000000000000055, '51': 0.14690000000000003, '52': 0.04920000000000002, '53': 0.012699999999999934, '54': 0.010599999999999943, '55': 0.0383, '56': 0.041100000000000025, '57': 0.03049999999999997, '58': 0.00770000000000004, '59': 0.021299999999999986, '60': 0.05600000000000005, '61': 0.13990000000000002, '62': 0.022399999999999975, '63': 0.08689999999999998, '64': 0.024599999999999955, '65': 0.012799999999999923, '66': 0.01429999999999998, '67': 0.038899999999999935, '68': 0.04459999999999997, '69': 0.03489999999999993, '70': 0.009600000000000053, '71': 0.04910000000000003, '72': 0.26879999999999993, '73': 0.021299999999999986, '74': 0.01089999999999991, '75': 0.012800000000000034, '76': 0.01540000000000008, '77': 0.018900000000000028, '78': 0.22720000000000007, '79': 0.05130000000000001, '80': 0.021600000000000064, '81': 0.012499999999999956, '82': 0.027800000000000047, '83': 0.013600000000000056, '84': 0.03849999999999998, '85': 0.045399999999999996, '86': 0.061900000000000066, '87': 0.20409999999999995, '90': 0.058599999999999985, '91': 0.04310000000000003, '92': 0.08199999999999996, '93': 0.09010000000000007, '94': 0.4092, '95': 0.3245, '96': 0.05169999999999997, '97': 0.0677000000000001, '98': 0.23009999999999997, '99': 0.022599999999999953, '100': 0.0796, '101': 0.044499999999999984, '102': 0.02960000000000007, '103': 0.0252, '104': 0.038999999999999924, '105': 0.057499999999999996, '106': 0.0250999999999999, '109': 0.016100000000000003, '110': 0.14190000000000003, '111': 0.02499999999999991, '117': 0.018799999999999928, '118': 0.09166666666666667, '119': 0.05666666666666664}"
2,kawasaki,127,12400,"{'rz_4': 0.003433898953266381, 'sx_4': 0.00018592774879063983, 'rz_8': 0.0011789525805513004, 'sx_8': 0.00015103068380966652, 'rz_9': 0.004752348829124077, 'rz_10': 0.004040748414211958, 'sx_10': 0.00015182108905993373, 'rz_11': 0.0010999283598502598, 'sx_11': 0.00020401566524015275, 'rz_12': 0.0008537007292796652, 'sx_12': 0.00015537623248080185, 'rz_14': 0.0005460995378146536, 'sx_14': 0.00012257982590993714, 'rz_15': 0.0032723933928760405, 'sx_15': 0.0002382626762826191, 'rz_16': 0.003418960255244861, 'sx_16': 0.0001850397521985539, 'sx_17': 0.00028203611338553994, 'rz_17': 0.0028887017836843536, 'rz_18': 0.0008162861047307627, 'sx_18': 0.00015505375299553688, 'rz_19': 0.003721790212477026, 'sx_19': 0.0002109910781083719, 'ecr_18_19': 0.004533652910682279, 'rz_20': 0.0026296813599573947, 'sx_20': 0.00032615889909041974, 'rz_21': 0.0004544085166433118, 'sx_21': 0.00014015716894131175, 'rz_22': 0.00030597428669315363, 'rz_23': 0.00231558992233055, 'sx_23': 0.0005476336350665221, 'rz_24': 0.004830211557418431, 'sx_24': 0.0001368520612375841, 'rz_25': 0.0006229958184311077, 'rz_26': 0.002954736036740682, 'rz_27': 0.004767010685503399, 'sx_27': 0.00021568314419145, 'rz_28': 0.0033432413411287245, 'sx_28': 0.00014259996811733023, 'rz_30': 0.0029829954180858745, 'sx_30': 0.0002205916038989476, 'ecr_17_30': 0.007515819147701497, 'ecr_17_12': 0.00910342575865844, 'ecr_11_12': 0.00634691422332731, 'ecr_11_10': 0.005392705159565581, 'ecr_10_9': 0.004656637474003217, 'sx_9': 0.00023340396861830744, 'x_12': 0.00015537623248080185, 'x_30': 0.0002205916038989476, 'ecr_8_9': 0.006190068624939787, 'x_8': 0.00015103068380966652, 'ecr_16_8': 0.004689367574067016, 'ecr_26_16': 0.005868559352555841, 'sx_26': 0.000282716531072448, 'ecr_27_26': 0.0072815365978211866, 'ecr_28_27': 0.0078407551919851, 'x_27': 0.00021568314419145, 'x_26': 0.000282716531072448, 'x_28': 0.00014259996811733023, 'x_16': 0.0001850397521985539, 'rz_33': 0.003871344682359223, 'sx_33': 0.0008208589153484927, 'rz_34': 0.0019533713943200356, 'sx_34': 0.00017565274284912145, 'rz_35': 0.0003595899390669901, 'sx_35': 0.0002194991798897037, 'ecr_35_28': 0.0068021040570717395, 'ecr_25_26': 0.007155412582128012, 'sx_25': 0.0002662066152537508, 'ecr_24_25': 0.0044716095282150425, 'rz_36': 0.0026700950780578687, 'sx_36': 0.0002307807799236312, 'rz_37': 0.00035639992355030326, 'sx_37': 0.00013988544352670505, 'rz_38': 0.001092492981177354, 'sx_38': 0.0002964998875866505, 'rz_39': 0.0043838255543787895, 'sx_39': 0.00011876722922872167, 'ecr_39_33': 0.01922491353688921, 'rz_40': 0.0003923114483941643, 'sx_40': 0.0003116413382609061, 'rz_41': 0.003219920571644469, 'sx_41': 0.0001434889870940193, 'rz_42': 0.0022862952417879484, 'sx_42': 0.0010289230040920598, 'rz_43': 0.004991326968122583, 'sx_43': 0.0001319751094329057, 'rz_44': 0.003902826564142346, 'rz_45': 0.004243869831343397, 'sx_45': 0.0001297744397070029, 'rz_46': 0.004580297807524708, 'sx_46': 0.0001725546883810261, 'rz_47': 0.0027335287755143422, 'sx_47': 0.00021073970360345806, 'ecr_35_47': 0.008735266953493026, 'x_25': 0.0002662066152537508, 'ecr_23_24': 0.007839013083525248, 'ecr_22_23': 0.01105288213423819, 'sx_22': 0.0002943554753389002, 'ecr_22_21': 0.009164889234260981, 'ecr_21_20': 0.005147601963291282, 'ecr_19_20': 0.005924039068386927, 'x_19': 0.0002109910781083719, 'ecr_18_14': 0.0038268106091277343, 'x_22': 0.0002943554753389002, 'x_21': 0.00014015716894131175, 'ecr_15_22': 0.007036385732954731, 'x_15': 0.0002382626762826191, 'x_23': 0.0005476336350665221, 'ecr_34_24': 0.00391178531578798, 'ecr_43_34': 0.010347629979167439, 'ecr_4_15': 0.015066146962729982, 'ecr_33_20': 0.011338764177352773, 'x_33': 0.0008208589153484927, 'x_34': 0.00017565274284912145, 'ecr_43_42': 0.005236935695562994, 'ecr_41_42': 0.005339910023512917, 'x_41': 0.0001434889870940193, 'x_43': 0.0001319751094329057, 'ecr_44_43': 0.007052025814592883, 'sx_44': 0.0002538494235339643, 'ecr_44_45': 0.00933289679803434, 'ecr_46_45': 0.005130347013101222, 'x_46': 0.0001725546883810261, 'x_47': 0.00021073970360345806, 'ecr_47_46': 0.007037361339032905, 'rz_48': 0.002901538819666332, 'sx_48': 0.0002550294253043759, 'ecr_48_47': 0.013412119064212219, 'rz_49': 0.0016707836518476482, 'sx_49': 0.00027937604362861723, 'ecr_48_49': 0.004870460729131693, 'x_49': 0.00027937604362861723, 'rz_50': 0.0037017970345004504, 'sx_50': 0.00035910790327104477, 'ecr_49_50': 0.011023239798183482, 'rz_51': 0.0030606333111747137, 'sx_51': 0.00028380442003326703, 'ecr_51_36': 0.006711484700218068, 'ecr_51_50': 0.006499041963676677, 'rz_52': 0.0019866144852172035, 'sx_52': 0.0002365593805358062, 'rz_53': 0.0023210479137778578, 'sx_53': 0.000519747101247693, 'ecr_53_41': 0.00894587074604633, 'ecr_41_40': 0.010132617393237842, 'ecr_39_40': 0.007598499887591564, 'x_39': 0.00011876722922872167, 'ecr_38_39': 0.18192998278435504, 'rz_54': 0.00013851630361030827, 'sx_54': 0.00028818998258839216, 'ecr_54_45': 0.007825699236668954, 'rz_55': 0.0036054791434463056, 'sx_55': 0.00013018781125506985, 'rz_56': 0.0030992544417225154, 'sx_56': 0.00032722625702516977, 'rz_57': 0.003988078581245019, 'sx_57': 0.00026807773478952824, 'rz_58': 0.002772658142886287, 'sx_58': 0.00019202826772671597, 'rz_59': 0.0022391730967463554, 'sx_59': 0.000313377292711866, 'rz_60': 0.003394225458980291, 'sx_60': 0.0001482463677973438, 'rz_61': 0.00499782450132155, 'sx_61': 0.0001845657675274531, 'rz_62': 0.0037574061414881745, 'sx_62': 0.00019618848915213294, 'rz_63': 0.00211318783376025, 'sx_63': 0.00016177816879783322, 'rz_64': 0.001675495542837232, 'sx_64': 0.0001412973607957259, 'rz_65': 0.0034782436898790677, 'sx_65': 0.0002882936746246495, 'rz_66': 0.0034029588634208983, 'sx_66': 0.0003250095895910668, 'rz_67': 0.0005783169482872897, 'sx_67': 0.000270020880840461, 'rz_68': 0.004025501872436777, 'sx_68': 0.0001664328090573147, 'ecr_68_55': 0.003634834222181027, 'ecr_55_49': 0.004363593048193087, 'x_48': 0.0002550294253043759, 'x_55': 0.00013018781125506985, 'x_68': 0.0001664328090573147, 'rz_69': 0.00410667631869756, 'sx_69': 0.0003112297125331164, 'ecr_69_68': 0.00939337800566159, 'x_45': 0.0001297744397070029, 'x_44': 0.0002538494235339643, 'ecr_64_54': 0.006914444606563652, 'x_54': 0.00028818998258839216, 'ecr_63_64': 0.0033306834519093997, 'ecr_63_62': 0.0046520910869357335, 'x_64': 0.0001412973607957259, 'rz_70': 0.004393298846846251, 'sx_70': 0.00012197097025940292, 'ecr_69_70': 0.010469845729645516, 'ecr_67_68': 0.007405971984588117, 'x_67': 0.000270020880840461, 'rz_71': 0.0007753121158730772, 'rz_72': 0.0026184376375620677, 'sx_72': 0.00022375903396883067, 'ecr_72_62': 0.005453487513360278, 'ecr_64_65': 0.005400333138944752, 'x_65': 0.0002882936746246495, 'ecr_65_66': 0.007800771930031647, 'x_72': 0.00022375903396883067, 'rz_73': 0.002829953848298284, 'ecr_66_73': 0.005138564418039809, 'sx_73': 0.00010105256321849426, 'ecr_66_67': 0.013998083038573528, 'rz_74': 0.0021266392189741184, 'sx_74': 0.0004232210487637622, 'rz_75': 0.0032338820769039806, 'sx_75': 0.0006197210121402679, 'rz_76': 0.002812394491417691, 'sx_76': 0.0007125654902547585, 'rz_77': 0.002192981776661755, 'sx_77': 0.00017581209167742579, 'rz_78': 0.003959627981550997, 'sx_78': 0.00019444231131804005, 'rz_79': 0.0005495943500511263, 'sx_79': 0.0003535822958144103, 'rz_80': 0.001399671906310977, 'sx_80': 0.000290112729447727, 'rz_81': 0.004199401214242596, 'sx_81': 0.0006691137565557301, 'rz_82': 0.004158539309831905, 'sx_82': 8.768648301297174e-05, 'ecr_82_81': 0.010872678292354804, 'ecr_81_72': 0.016291857472472027, 'x_81': 0.0006691137565557301, 'rz_83': 0.0023417033923088812, 'sx_83': 0.00016548017159406935, 'ecr_83_82': 0.004109008020872301, 'x_82': 8.768648301297174e-05, 'x_83': 0.00016548017159406935, 'rz_84': 0.0024554154076545554, 'sx_84': 0.00022929174606391733, 'ecr_84_83': 0.007548758879983464, 'x_84': 0.00022929174606391733, 'rz_85': 0.0028834436020984135, 'sx_85': 0.0003408774645023734, 'ecr_85_73': 0.009058486498480761, 'ecr_84_85': 0.007611586954802407, 'rz_86': 0.001907838631364127, 'sx_86': 0.00015675169367938602, 'ecr_86_85': 0.006389384851019003, 'rz_87': 0.004979464460340931, 'sx_87': 0.0003271536359335129, 'ecr_86_87': 0.007393950995098875, 'x_87': 0.0003271536359335129, 'rz_88': 0.004418600816897832, 'sx_88': 0.0002418845685374229, 'rz_89': 0.00017952093751977177, 'sx_89': 0.0002170111417935748, 'ecr_74_89': 0.0066406204354293175, 'ecr_88_89': 0.0075650778082771986, 'ecr_88_87': 0.008119839588817263, 'x_86': 0.00015675169367938602, 'x_88': 0.0002418845685374229, 'rz_90': 0.004198959601749632, 'sx_90': 0.000305174917597535, 'rz_91': 0.0038350593160133848, 'sx_91': 0.00031605053031598157, 'rz_92': 0.004863722786862889, 'sx_92': 0.00014551990302807388, 'rz_93': 0.0014737972539354204, 'sx_93': 0.0005009457229872861, 'ecr_87_93': 0.014683843429209448, 'rz_94': 0.0019971851474944236, 'rz_95': 0.0014931100424227792, 'rz_96': 0.002101958582578834, 'sx_96': 0.00021414519571782853, 'rz_97': 0.0035751429087393536, 'sx_97': 0.00022999379937193177, 'ecr_97_96': 0.008205410545075814, 'rz_98': 0.004050181357285686, 'sx_98': 0.00017718675524092554, 'ecr_97_98': 0.006207263608918101, 'x_98': 0.00017718675524092554, 'rz_99': 0.004446758389612155, 'sx_99': 0.00023648902479385907, 'rz_100': 0.004146489566748771, 'rz_101': 0.003411260682619796, 'sx_101': 0.00019049613862277674, 'rz_102': 0.004438262210880505, 'sx_102': 0.00022943354529345958, 'rz_103': 0.0009242882311340146, 'sx_103': 0.00032966040510311827, 'rz_104': 0.0007580739395163302, 'sx_104': 0.0004410670865507541, 'rz_105': 0.0005389587823405773, 'sx_105': 0.00020989333239008405, 'rz_106': 0.0037111016628535443, 'sx_106': 0.00019371554504788469, 'rz_109': 0.0020837941555349885, 'sx_109': 0.00015309742763373538, 'ecr_96_109': 0.005257580911546544, 'rz_110': 0.004134796232611009, 'sx_110': 0.00038702831600224004, 'rz_111': 0.0004729826061481607, 'sx_111': 0.00021019676062697086, 'ecr_104_111': 0.006795150070620842, 'ecr_104_105': 0.006542597172436521, 'ecr_106_105': 0.004056492310775456, 'ecr_106_93': 0.006175617683622153, 'rz_117': 0.0004711105762792576, 'sx_117': 0.00012145802380839467, 'rz_118': 0.0038965492993263094, 'sx_118': 0.00021909648096035016, 'ecr_118_117': 0.0052545606154553726, 'rz_119': 0.002985195669764392, 'sx_119': 0.00034345457035382947, 'rz_120': 0.002353140533119136, 'sx_120': 0.000180399958714183, 'rz_121': 0.0036264107530291755, 'sx_121': 0.0001066753578111938, 'rz_122': 0.002357223946396712, 'sx_122': 0.00016290686753018404, 'ecr_122_111': 0.006469630981031899, 'ecr_104_103': 0.01095924872794965, 'x_85': 0.0003408774645023734, 'x_66': 0.0003250095895910668, 'ecr_92_83': 0.005339907103276559, 'ecr_92_102': 0.007534776588173031, 'ecr_102_103': 0.007319404484762454, 'x_102': 0.00022943354529345958, 'x_92': 0.00014551990302807388, 'ecr_101_102': 0.0062377148411545125, 'x_101': 0.00019049613862277674, 'ecr_100_101': 0.0056956610303325605, 'sx_100': 0.0003126391050813978, 'ecr_110_100': 0.0063221131439778755, 'x_100': 0.0003126391050813978, 'ecr_100_99': 0.007174628659576215, 'ecr_118_110': 0.007797236872525981, 'x_118': 0.00021909648096035016, 'ecr_119_118': 0.02630951990423272, 'ecr_119_120': 0.024188866678678894, 'x_120': 0.000180399958714183, 'ecr_120_121': 0.005311408810293211, 'x_93': 0.0005009457229872861, 'ecr_98_99': 0.0042940607825390775, 'x_110': 0.00038702831600224004, 'x_96': 0.00021414519571782853, 'ecr_98_91': 0.013508481324722599, 'ecr_79_91': 0.021593321404373728, 'x_79': 0.0003535822958144103, 'ecr_80_79': 0.007552299702989679, 'ecr_80_81': 0.015739579246767305, 'x_80': 0.000290112729447727, 'ecr_78_79': 0.011181443993348583, 'ecr_61_62': 0.005421089836766008, 'x_61': 0.0001845657675274531, 'ecr_60_61': 0.003938065462881196, 'ecr_59_60': 0.008433758174255124, 'ecr_53_60': 0.00885095982640971, 'x_53': 0.000519747101247693, 'x_60': 0.0001482463677973438, 'ecr_59_58': 0.009078758408983867, 'x_59': 0.000313377292711866, 'x_58': 0.00019202826772671597, 'ecr_57_58': 0.006485993276615615, 'ecr_56_57': 0.008373148608536385, 'ecr_56_52': 0.010410800170105539, 'ecr_58_71': 0.007044158582864474, 'sx_71': 0.0001320944832213037, 'ecr_71_77': 0.004202815461558623, 'x_77': 0.00017581209167742579, 'ecr_77_76': 0.006885518125165219, 'ecr_75_76': 0.010091321601983116, 'ecr_90_75': 0.0075732204677734505, 'x_75': 0.0006197210121402679, 'x_76': 0.0007125654902547585, 'ecr_90_94': 0.01137565735212448, 'sx_94': 0.00030542195042065423, 'ecr_95_94': 0.010655491131012801, 'sx_95': 0.00018474788228663448, 'ecr_95_96': 0.008027785231557782, 'x_97': 0.00022999379937193177, 'x_95': 0.00018474788228663448, 'x_94': 0.00030542195042065423, 'x_52': 0.0002365593805358062, 'x_57': 0.00026807773478952824, 'x_56': 0.00032722625702516977, 'x_90': 0.000305174917597535, 'x_71': 0.0001320944832213037, 'x_78': 0.00019444231131804005, 'ecr_52_37': 0.006965929730909148, 'ecr_38_37': 0.01111483040048411, 'x_91': 0.00031605053031598157, 'ecr_78_77': 0.005962071907180566, 'x_62': 0.00019618848915213294, 'x_63': 0.00016177816879783322, 'x_24': 0.0001368520612375841, 'x_10': 0.00015182108905993373, 'measure_75': 0.04859999999999998, 'measure_90': 0.020000000000000018, 'measure_76': 0.023499999999999965, 'measure_94': 0.036666666666666625, 'measure_78': 0.011199999999999988, 'measure_77': 0.017099999999999893, 'measure_79': 0.00869999999999993, 'measure_80': 0.008499999999999952, 'measure_81': 0.013399999999999967, 'measure_71': 0.008199999999999985, 'measure_72': 0.007800000000000029, 'measure_64': 0.009500000000000064, 'measure_44': 0.03259999999999996, 'measure_46': 0.0031000000000001027, 'measure_45': 0.03059999999999996, 'measure_54': 0.006099999999999994, 'measure_61': 0.1341, 'measure_43': 0.006399999999999961, 'measure_63': 0.007300000000000084, 'measure_47': 0.0049000000000000155, 'measure_62': 0.009800000000000031, 'measure_35': 0.014699999999999935, 'measure_28': 0.012599999999999945, 'measure_26': 0.07400000000000007, 'measure_16': 0.016599999999999948, 'measure_8': 0.01629999999999998, 'measure_12': 0.033333333333333326, 'measure_9': 0.009500000000000064, 'measure_27': 0.1673, 'measure_48': 0.009300000000000086, 'measure_34': 0.010599999999999943, 'measure_25': 0.0232, 'measure_23': 0.008399999999999963, 'measure_22': 0.02529999999999999, 'measure_10': 0.009099999999999997, 'measure_65': 0.016899999999999915, 'measure_15': 0.036799999999999944, 'measure_21': 0.0353, 'measure_98': 0.04833333333333334, 'measure_20': 0.01880000000000004, 'measure_19': 0.028899999999999926, 'measure_18': 0.12919999999999998, 'measure_42': 0.03469999999999995, 'measure_4': 0.024399999999999977, 'measure_82': 0.12680000000000002, 'measure_24': 0.007500000000000062, 'measure_66': 0.057599999999999985, 'measure_60': 0.005700000000000038, 'measure_73': 0.009600000000000053, 'measure_55': 0.00649999999999995, 'measure_69': 0.007300000000000084, 'measure_68': 0.006900000000000017, 'measure_36': 0.05179999999999996, 'measure_50': 0.030100000000000016, 'measure_49': 0.012299999999999978, 'measure_51': 0.08440000000000003, 'measure_41': 0.0050000000000000044, 'measure_39': 0.050000000000000044, 'measure_57': 0.006099999999999994, 'measure_58': 0.015000000000000013, 'measure_53': 0.019600000000000062, 'measure_91': 0.1233333333333333, 'measure_40': 0.019399999999999973, 'measure_59': 0.007199999999999984, 'measure_85': 0.009200000000000097, 'measure_84': 0.007000000000000006, 'measure_67': 0.014399999999999968, 'measure_86': 0.007299999999999973, 'measure_87': 0.029400000000000093, 'measure_92': 0.017800000000000038, 'measure_88': 0.007900000000000018, 'measure_106': 0.009300000000000086, 'measure_103': 0.00649999999999995, 'measure_111': 0.0044999999999999485, 'measure_38': 0.018333333333333313, 'measure_101': 0.005700000000000038, 'measure_93': 0.024599999999999955, 'measure_102': 0.005900000000000016, 'measure_74': 0.1059, 'measure_89': 0.00770000000000004, 'measure_118': 0.007100000000000106, 'measure_105': 0.016799999999999926, 'measure_104': 0.037800000000000056, 'measure_100': 0.0363, 'measure_70': 0.007000000000000006, 'measure_96': 0.031299999999999994, 'measure_110': 0.009299999999999975, 'measure_83': 0.0121, 'measure_120': 0.00770000000000004, 'measure_119': 0.012499999999999956, 'measure_56': 0.02180000000000004, 'measure_122': 0.005700000000000038, 'measure_121': 0.015000000000000013, 'measure_95': 0.07129999999999992, 'measure_117': 0.006099999999999994, 'measure_97': 0.02310000000000001, 'measure_109': 0.008099999999999996, 'measure_99': 0.35319999999999996, 'measure_33': 0.009499999999999953, 'measure_37': 0.008399999999999963}","{'rz_30': 95.97545970789372, 'sx_30': 53.33333333333333, 'ecr_17_30': 586.6666666666666, 'rz_17': 20.575081327665345, 'ecr_17_12': 586.6666666666666, 'sx_17': 53.33333333333333, 'rz_12': 74.79698524450463, 'sx_12': 53.33333333333333, 'ecr_11_12': 586.6666666666666, 'rz_11': 95.77472418073334, 'sx_11': 53.33333333333333, 'ecr_11_10': 586.6666666666666, 'sx_10': 53.33333333333333, 'rz_10': 82.46754479144342, 'ecr_10_9': 586.6666666666666, 'rz_9': 19.7019619308387, 'sx_9': 53.33333333333333, 'ecr_8_9': 586.6666666666666, 'rz_8': 82.36923233426292, 'sx_8': 53.33333333333333, 'x_8': 53.33333333333333, 'ecr_16_8': 586.6666666666666, 'rz_16': 46.83500385566757, 'sx_16': 53.33333333333333, 'ecr_26_16': 586.6666666666666, 'rz_26': 94.845869884324, 'sx_26': 53.33333333333333, 'ecr_27_26': 586.6666666666666, 'rz_27': 53.62111940622594, 'sx_27': 53.33333333333333, 'ecr_28_27': 586.6666666666666, 'rz_28': 94.51139595785041, 'sx_28': 53.33333333333333, 'x_28': 53.33333333333333, 'ecr_35_28': 586.6666666666666, 'rz_35': 43.40595346113241, 'sx_35': 53.33333333333333, 'ecr_25_26': 586.6666666666666, 'rz_25': 66.9187179080771, 'sx_25': 53.33333333333333, 'x_16': 53.33333333333333, 'x_26': 53.33333333333333, 'ecr_24_25': 586.6666666666666, 'rz_24': 79.85114324482025, 'sx_24': 53.33333333333333, 'ecr_23_24': 586.6666666666666, 'rz_23': 13.066025903898908, 'sx_23': 53.33333333333333, 'ecr_22_23': 586.6666666666666, 'rz_22': 44.865214618349235, 'sx_22': 53.33333333333333, 'ecr_22_21': 586.6666666666666, 'rz_21': 84.97392240617538, 'sx_21': 53.33333333333333, 'ecr_21_20': 586.6666666666666, 'x_22': 53.33333333333333, 'x_23': 53.33333333333333, 'ecr_34_24': 586.6666666666666, 'rz_34': 92.9452672768375, 'sx_34': 53.33333333333333, 'ecr_43_34': 586.6666666666666, 'ecr_15_22': 586.6666666666666, 'rz_15': 13.82989160156697, 'sx_15': 53.33333333333333, 'x_34': 53.33333333333333, 'rz_43': 63.79092240675602, 'sx_43': 53.33333333333333, 'ecr_44_43': 586.6666666666666, 'rz_44': 50.601534794435835, 'sx_44': 53.33333333333333, 'ecr_44_45': 586.6666666666666, 'rz_45': 14.011863579638376, 'sx_45': 53.33333333333333, 'ecr_46_45': 586.6666666666666, 'rz_46': 28.740658517398977, 'sx_46': 53.33333333333333, 'x_46': 53.33333333333333, 'ecr_47_46': 586.6666666666666, 'rz_47': 45.05469103769215, 'sx_47': 53.33333333333333, 'x_47': 53.33333333333333, 'ecr_48_47': 586.6666666666666, 'rz_48': 45.92462161647892, 'sx_48': 53.33333333333333, 'ecr_48_49': 586.6666666666666, 'x_49': 53.33333333333333, 'rz_49': 22.88196106736961, 'ecr_49_50': 586.6666666666666, 'rz_50': 99.17634666776422, 'sx_50': 53.33333333333333, 'ecr_55_49': 586.6666666666666, 'sx_49': 53.33333333333333, 'ecr_51_50': 586.6666666666666, 'rz_51': 53.26699623008596, 'sx_51': 53.33333333333333, 'rz_55': 88.15580557518751, 'sx_55': 53.33333333333333, 'x_43': 53.33333333333333, 'ecr_43_42': 586.6666666666666, 'x_44': 53.33333333333333, 'ecr_54_45': 586.6666666666666, 'rz_54': 58.17924786970836, 'sx_54': 53.33333333333333, 'ecr_64_54': 586.6666666666666, 'x_54': 53.33333333333333, 'rz_64': 65.48972199277583, 'sx_64': 53.33333333333333, 'ecr_63_64': 586.6666666666666, 'rz_63': 99.55418767823701, 'sx_63': 53.33333333333333, 'ecr_63_62': 586.6666666666666, 'rz_62': 28.754015908477495, 'sx_62': 53.33333333333333, 'ecr_72_62': 586.6666666666666, 'rz_72': 42.69672584923242, 'sx_72': 53.33333333333333, 'x_64': 53.33333333333333, 'ecr_64_65': 586.6666666666666, 'x_65': 53.33333333333333, 'rz_65': 28.836871408238476, 'ecr_65_66': 586.6666666666666, 'sx_65': 53.33333333333333, 'sx_66': 53.33333333333333, 'ecr_66_73': 586.6666666666666, 'rz_66': 96.21748375849612, 'rz_73': 76.58994545286403, 'sx_73': 53.33333333333333, 'ecr_85_73': 586.6666666666666, 'rz_85': 65.53668653601095, 'sx_85': 53.33333333333333, 'ecr_84_85': 586.6666666666666, 'rz_84': 19.116022561029663, 'sx_84': 53.33333333333333, 'ecr_84_83': 586.6666666666666, 'ecr_86_85': 586.6666666666666, 'rz_86': 64.43603517619275, 'sx_86': 53.33333333333333, 'ecr_86_87': 586.6666666666666, 'rz_87': 20.026485424496105, 'sx_87': 53.33333333333333, 'x_86': 53.33333333333333, 'x_87': 53.33333333333333, 'ecr_87_93': 586.6666666666666, 'rz_93': 73.09554627317402, 'sx_93': 53.33333333333333, 'ecr_106_93': 586.6666666666666, 'rz_106': 96.60855641163108, 'sx_106': 53.33333333333333, 'ecr_88_87': 586.6666666666666, 'rz_88': 58.26349566148714, 'sx_88': 53.33333333333333, 'ecr_88_89': 586.6666666666666, 'x_85': 53.33333333333333, 'ecr_66_67': 586.6666666666666, 'rz_83': 76.9411319555433, 'sx_83': 53.33333333333333, 'ecr_92_83': 586.6666666666666, 'rz_92': 95.53007633328397, 'sx_92': 53.33333333333333, 'x_83': 53.33333333333333, 'ecr_83_82': 586.6666666666666, 'ecr_92_102': 586.6666666666666, 'rz_102': 24.870285311892737, 'sx_102': 53.33333333333333, 'ecr_101_102': 586.6666666666666, 'rz_101': 13.38979980768574, 'sx_101': 53.33333333333333, 'x_101': 53.33333333333333, 'ecr_100_101': 586.6666666666666, 'rz_100': 20.085861281138143, 'sx_100': 53.33333333333333, 'ecr_110_100': 586.6666666666666, 'x_100': 53.33333333333333, 'ecr_100_99': 586.6666666666666, 'rz_99': 40.088488678196, 'sx_99': 53.33333333333333, 'ecr_98_99': 586.6666666666666, 'rz_98': 79.71310431601637, 'sx_98': 53.33333333333333, 'rz_110': 13.938332968773164, 'sx_110': 53.33333333333333, 'ecr_118_110': 586.6666666666666, 'rz_118': 79.43606312901792, 'sx_118': 53.33333333333333, 'x_118': 53.33333333333333, 'ecr_119_118': 586.6666666666666, 'rz_119': 75.3345354491894, 'sx_119': 53.33333333333333, 'ecr_118_117': 586.6666666666666, 'ecr_98_91': 657.7777777777777, 'rz_91': 54.12524316392599, 'sx_91': 53.33333333333333, 'ecr_79_91': 586.6666666666666, 'rz_79': 75.2613142502828, 'sx_79': 53.33333333333333, 'x_79': 53.33333333333333, 'ecr_80_79': 586.6666666666666, 'rz_80': 88.21139643879582, 'sx_80': 53.33333333333333, 'ecr_80_81': 586.6666666666666, 'x_81': 53.33333333333333, 'rz_81': 83.34045939700115, 'ecr_81_72': 586.6666666666666, 'sx_81': 53.33333333333333, 'ecr_78_79': 586.6666666666666, 'rz_78': 45.6192939554362, 'sx_78': 53.33333333333333, 'x_80': 53.33333333333333, 'x_72': 53.33333333333333, 'ecr_61_62': 586.6666666666666, 'rz_61': 78.24002155709415, 'sx_61': 53.33333333333333, 'x_61': 53.33333333333333, 'ecr_60_61': 586.6666666666666, 'rz_60': 43.64266218314187, 'sx_60': 53.33333333333333, 'ecr_59_60': 586.6666666666666, 'ecr_53_60': 586.6666666666666, 'rz_53': 95.44044823423495, 'sx_53': 53.33333333333333, 'ecr_53_41': 586.6666666666666, 'x_41': 53.33333333333333, 'rz_41': 77.98490586331309, 'ecr_41_40': 586.6666666666666, 'sx_41': 53.33333333333333, 'rz_59': 37.096040546314484, 'ecr_59_58': 586.6666666666666, 'sx_59': 53.33333333333333, 'rz_58': 89.20488721596861, 'x_58': 53.33333333333333, 'ecr_57_58': 586.6666666666666, 'sx_58': 53.33333333333333, 'rz_57': 65.41604343854505, 'sx_57': 53.33333333333333, 'ecr_56_57': 586.6666666666666, 'rz_56': 81.68396164498913, 'sx_56': 53.33333333333333, 'ecr_56_52': 586.6666666666666, 'ecr_58_71': 586.6666666666666, 'rz_71': 81.91612758582455, 'sx_71': 53.33333333333333, 'ecr_71_77': 586.6666666666666, 'x_77': 53.33333333333333, 'rz_77': 45.550708926604734, 'ecr_77_76': 586.6666666666666, 'sx_77': 53.33333333333333, 'rz_76': 18.697395964392797, 'sx_76': 53.33333333333333, 'ecr_75_76': 586.6666666666666, 'rz_75': 34.10021204034183, 'sx_75': 53.33333333333333, 'ecr_90_75': 586.6666666666666, 'x_75': 53.33333333333333, 'rz_90': 77.20568170011173, 'sx_90': 53.33333333333333, 'ecr_90_94': 586.6666666666666, 'rz_94': 48.49585442509569, 'sx_94': 53.33333333333333, 'ecr_95_94': 586.6666666666666, 'rz_95': 92.9148288411696, 'sx_95': 53.33333333333333, 'ecr_95_96': 586.6666666666666, 'rz_96': 58.588736568777435, 'sx_96': 53.33333333333333, 'ecr_97_96': 586.6666666666666, 'rz_97': 83.35468128755596, 'sx_97': 53.33333333333333, 'ecr_97_98': 586.6666666666666, 'x_97': 53.33333333333333, 'x_95': 53.33333333333333, 'x_94': 53.33333333333333, 'x_76': 53.33333333333333, 'x_57': 53.33333333333333, 'x_71': 53.33333333333333, 'x_60': 53.33333333333333, 'x_59': 53.33333333333333, 'rz_40': 56.384693828367844, 'sx_40': 53.33333333333333, 'x_90': 53.33333333333333, 'ecr_78_77': 586.6666666666666, 'ecr_82_81': 586.6666666666666, 'rz_82': 39.53912286688772, 'sx_82': 53.33333333333333, 'x_82': 53.33333333333333, 'x_62': 53.33333333333333, 'x_66': 53.33333333333333, 'x_78': 53.33333333333333, 'x_98': 53.33333333333333, 'measure_37': 853.3333333333333}","{'4': 0.024399999999999977, '8': 0.01629999999999998, '9': 0.009500000000000064, '10': 0.009099999999999997, '12': 0.033333333333333326, '15': 0.036799999999999944, '16': 0.016599999999999948, '18': 0.12919999999999998, '19': 0.028899999999999926, '20': 0.01880000000000004, '21': 0.0353, '22': 0.02529999999999999, '23': 0.008399999999999963, '24': 0.007500000000000062, '25': 0.0232, '26': 0.07400000000000007, '27': 0.1673, '28': 0.012599999999999945, '33': 0.009499999999999953, '34': 0.010599999999999943, '35': 0.014699999999999935, '36': 0.05179999999999996, '37': 0.008399999999999963, '38': 0.018333333333333313, '39': 0.050000000000000044, '40': 0.019399999999999973, '41': 0.0050000000000000044, '42': 0.03469999999999995, '43': 0.006399999999999961, '44': 0.03259999999999996, '45': 0.03059999999999996, '46': 0.0031000000000001027, '47': 0.0049000000000000155, '48': 0.009300000000000086, '49': 0.012299999999999978, '50': 0.030100000000000016, '51': 0.08440000000000003, '53': 0.019600000000000062, '54': 0.006099999999999994, '55': 0.00649999999999995, '56': 0.02180000000000004, '57': 0.006099999999999994, '58': 0.015000000000000013, '59': 0.007199999999999984, '60': 0.005700000000000038, '61': 0.1341, '62': 0.009800000000000031, '63': 0.007300000000000084, '64': 0.009500000000000064, '65': 0.016899999999999915, '66': 0.057599999999999985, '67': 0.014399999999999968, '68': 0.006900000000000017, '69': 0.007300000000000084, '70': 0.007000000000000006, '71': 0.008199999999999985, '72': 0.007800000000000029, '73': 0.009600000000000053, '74': 0.1059, '75': 0.04859999999999998, '76': 0.023499999999999965, '77': 0.017099999999999893, '78': 0.011199999999999988, '79': 0.00869999999999993, '80': 0.008499999999999952, '81': 0.013399999999999967, '82': 0.12680000000000002, '83': 0.0121, '84': 0.007000000000000006, '85': 0.009200000000000097, '86': 0.007299999999999973, '87': 0.029400000000000093, '88': 0.007900000000000018, '89': 0.00770000000000004, '90': 0.020000000000000018, '91': 0.1233333333333333, '92': 0.017800000000000038, '93': 0.024599999999999955, '94': 0.036666666666666625, '95': 0.07129999999999992, '96': 0.031299999999999994, '97': 0.02310000000000001, '98': 0.04833333333333334, '99': 0.35319999999999996, '100': 0.0363, '101': 0.005700000000000038, '102': 0.005900000000000016, '103': 0.00649999999999995, '104': 0.037800000000000056, '105': 0.016799999999999926, '106': 0.009300000000000086, '109': 0.008099999999999996, '110': 0.009299999999999975, '111': 0.0044999999999999485, '117': 0.006099999999999994, '118': 0.007100000000000106, '119': 0.012499999999999956, '120': 0.00770000000000004, '121': 0.015000000000000013, '122': 0.005700000000000038}"
2,kyiv,127,9734,"{'rz_0': 0.0031529916514123004, 'sx_0': 0.004492499696608774, 'rz_1': 0.004743444141498632, 'sx_1': 0.00012595193373459763, 'rz_2': 0.004898061283101371, 'sx_2': 0.00011464768728133887, 'rz_3': 0.0005659123915310179, 'sx_3': 0.0001389385013952654, 'rz_4': 0.0014704803762336314, 'sx_4': 0.0004486389351872656, 'rz_5': 0.0005746672910630433, 'sx_5': 0.0003960259284199396, 'rz_6': 0.0023805247316082056, 'sx_6': 0.00014868801007833878, 'ecr_6_5': 0.00742336331461918, 'rz_7': 0.004190054743593619, 'sx_7': 0.000244547171321274, 'rz_8': 0.0026759868651917208, 'sx_8': 0.0004800199743775015, 'rz_14': 0.0023799930950911597, 'sx_14': 0.0026034653546606512, 'rz_15': 0.0015530014930127212, 'sx_15': 0.0005981677351466389, 'rz_16': 0.004438377212991769, 'sx_16': 0.00020681411792723153, 'rz_18': 0.0030792287140012824, 'sx_18': 0.00010333875989723179, 'rz_19': 0.0036520437892351093, 'sx_19': 0.00020385037320872697, 'rz_20': 0.0034258927572931386, 'sx_20': 0.00016703859965683257, 'ecr_20_19': 0.009544257039019594, 'ecr_19_18': 0.007801067477563872, 'rz_21': 0.0028124212181834464, 'sx_21': 0.0008422338445423646, 'rz_22': 0.0035558602184358416, 'sx_22': 0.00038333649808165217, 'rz_23': 0.004747233634311515, 'sx_23': 0.007377008680051682, 'rz_24': 0.0014800653380007012, 'sx_24': 0.0005345392474389415, 'rz_25': 0.004486466958846835, 'rz_26': 0.00022382289636870326, 'sx_26': 0.0005492539750533187, 'rz_27': 0.0017229918466395385, 'sx_27': 0.00036229975429215105, 'rz_28': 0.002540174611171979, 'sx_28': 0.00029917890272714395, 'rz_29': 0.0024365833055340416, 'sx_29': 0.00012566765818708398, 'rz_30': 0.0013841569646560199, 'sx_30': 0.0014836121483114912, 'rz_31': 0.0006408501633128137, 'sx_31': 0.0003674215895392041, 'sx_32': 0.0001410448211145921, 'rz_32': 0.002363870374467237, 'rz_33': 0.0006372416880873904, 'sx_33': 0.00016337229277185448, 'ecr_33_20': 0.006545066984903175, 'x_20': 0.00016703859965683257, 'x_33': 0.00016337229277185448, 'rz_34': 0.004090371527893818, 'sx_34': 0.0002012164531933923, 'rz_35': 0.004808088133379723, 'sx_35': 0.0003904223246335421, 'rz_36': 0.0007402178869827232, 'sx_36': 0.0001827886582689804, 'ecr_36_32': 0.0058539866869846136, 'x_32': 0.0001410448211145921, 'ecr_31_32': 0.007917564869790117, 'rz_37': 0.0011312230277059588, 'sx_37': 0.0005366330215277777, 'rz_38': 0.0014414867347739703, 'rz_39': 0.002773744777093239, 'sx_39': 0.0005146711033635081, 'rz_40': 0.003292127526605452, 'rz_41': 0.0007315597436747864, 'sx_41': 0.000169830026387968, 'rz_42': 0.0034259785007028434, 'sx_42': 0.000143422875748098, 'rz_43': 0.00026545295222179426, 'sx_43': 0.00018565954640207405, 'ecr_42_43': 0.00713881718127371, 'ecr_43_34': 0.008839616523827892, 'x_34': 0.0002012164531933923, 'rz_44': 0.004903555915847353, 'sx_44': 0.0003215302788483756, 'rz_45': 0.004512242302210401, 'sx_45': 0.00020824731238357457, 'ecr_45_44': 0.0076394755072215215, 'rz_46': 0.002627330305296276, 'sx_46': 0.0014602570318400505, 'rz_47': 0.00047883630930867113, 'sx_47': 0.007088983472541233, 'rz_48': 0.0022226933218307153, 'rz_49': 0.004335000899205398, 'sx_49': 0.00016975507555871519, 'rz_50': 0.0021844669727524753, 'sx_50': 0.00021078138095054094, 'rz_51': 0.002985498032731765, 'sx_51': 0.00038043403778262053, 'ecr_36_51': 0.006507341537447697, 'ecr_50_51': 0.00972154115861118, 'ecr_50_49': 0.007935019933916682, 'x_50': 0.00021078138095054094, 'rz_52': 0.004514923179320395, 'sx_52': 0.00042851090996087694, 'rz_53': 0.0019017859970020105, 'sx_53': 0.00012178755568529578, 'rz_54': 0.004643056798560063, 'sx_54': 0.000342541838901032, 'rz_55': 0.004377966672433106, 'sx_55': 0.00012976193618419835, 'ecr_55_49': 0.009067324623163286, 'x_55': 0.00012976193618419835, 'rz_56': 0.0035883554877239507, 'rz_57': 0.0030984656843343885, 'rz_58': 0.0009922046120436371, 'sx_58': 0.0005897660406038302, 'rz_59': 0.004022184675810325, 'sx_59': 0.0002072757450496116, 'rz_60': 0.0029623241832694353, 'sx_60': 0.00013792464543334652, 'rz_61': 0.00479899574852347, 'sx_61': 0.00022782011038028501, 'rz_62': 0.004314790542873146, 'rz_63': 0.0014744293697385052, 'sx_63': 0.000372491355944044, 'rz_64': 0.004665528603800296, 'sx_64': 0.0006008665601864896, 'rz_65': 0.003411334862105761, 'sx_65': 0.00027694945046640557, 'ecr_64_65': 0.019844389268844742, 'ecr_54_64': 0.016571746908485313, 'ecr_54_45': 0.01063495737485129, 'x_45': 0.00020824731238357457, 'rz_66': 0.0017231779489786587, 'sx_66': 0.0015108585138793897, 'rz_67': 0.004086138984185922, 'sx_67': 0.00017270843088275085, 'rz_68': 0.002735089506923212, 'sx_68': 0.00016157065836189304, 'ecr_68_55': 0.00705694026376355, 'x_68': 0.00016157065836189304, 'ecr_67_68': 0.013906300742063449, 'x_67': 0.00017270843088275085, 'ecr_66_67': 0.016419507099928704, 'x_66': 0.0015108585138793897, 'rz_69': 0.004916671105642068, 'sx_69': 0.0006122208364624457, 'rz_70': 0.0012650660380812298, 'sx_70': 0.00022926589956823827, 'rz_71': 0.0006146646327303847, 'rz_72': 0.0015126518870925212, 'sx_72': 0.00012501810950610214, 'rz_73': 0.004925404914528117, 'sx_73': 0.00015258000748647125, 'ecr_73_66': 0.02444175268317106, 'rz_74': 0.004741228974212818, 'sx_74': 0.00011422724891711647, 'rz_77': 0.0005794237278189085, 'sx_77': 0.0005092257968590221, 'rz_78': 0.00016003188059227248, 'rz_79': 0.0021653724010453736, 'sx_79': 0.0007745264125066711, 'rz_80': 0.0026213573432389676, 'sx_80': 0.0014423401295142033, 'rz_81': 0.0007443746122573348, 'sx_81': 0.0003199480276419858, 'rz_82': 0.0009426202220708986, 'sx_82': 0.00028646526542418514, 'rz_83': 0.0010346123357369195, 'sx_83': 0.00038883105979922483, 'rz_84': 0.0011021835969970523, 'sx_84': 0.00011681794261694719, 'rz_85': 0.002860027621894439, 'sx_85': 0.00015385475978840887, 'ecr_73_85': 0.012725209897305828, 'x_85': 0.00015385475978840887, 'rz_86': 0.0040592711431460095, 'sx_86': 0.0008771465029293279, 'ecr_85_86': 0.03169860495610785, 'ecr_85_84': 0.013565987270594132, 'ecr_84_83': 0.006180315552964971, 'rz_87': 0.0008501897981272889, 'sx_87': 0.0006319110583311865, 'ecr_87_86': 0.013383991867951472, 'x_86': 0.0008771465029293279, 'rz_88': 0.0015806904878648447, 'sx_88': 0.00022594713029527806, 'rz_89': 0.0007807501726953412, 'sx_89': 0.00013688238715096524, 'rz_91': 0.0006728348446652443, 'sx_91': 0.00024851813924979755, 'rz_92': 0.001158848132899406, 'sx_92': 0.0001299317368430778, 'rz_93': 0.0010877962819407223, 'sx_93': 0.0004704206157717471, 'ecr_87_93': 0.015705212218364156, 'ecr_66_65': 0.018641373717200427, 'x_64': 0.0006008665601864896, 'ecr_63_64': 0.011422486016024053, 'x_63': 0.000372491355944044, 'x_49': 0.00016975507555871519, 'ecr_48_49': 0.005203810066005621, 'sx_48': 0.00022843476323201233, 'ecr_48_47': 1, 'ecr_35_47': 1, 'ecr_35_28': 0.03912569215433517, 'ecr_29_28': 0.009074912368681853, 'ecr_29_30': 0.018457191316189864, 'x_35': 0.0003904223246335421, 'ecr_68_69': 0.007299228798641533, 'x_47': 0.007088983472541233, 'x_48': 0.00022843476323201233, 'x_69': 0.0006122208364624457, 'ecr_69_70': 0.008373918551514009, 'ecr_46_47': 1, 'x_46': 0.0014602570318400505, 'ecr_70_74': 0.006228389087555214, 'x_70': 0.00022926589956823827, 'ecr_89_74': 0.016826245532933826, 'x_87': 0.0006319110583311865, 'x_89': 0.00013688238715096524, 'ecr_88_89': 0.020767148531230406, 'ecr_88_87': 0.023171055985713895, 'rz_96': 0.0022825571309712423, 'sx_96': 0.00026024267699799986, 'rz_97': 0.0031588335153671025, 'sx_97': 0.0008547242802414701, 'rz_98': 0.002764613428882946, 'sx_98': 0.0004006430420524553, 'rz_99': 0.0009581287411043606, 'sx_99': 0.0003603172832050981, 'rz_100': 0.004797357602490243, 'sx_100': 0.0005277597325439841, 'rz_101': 0.0028551713234327538, 'rz_102': 0.0021226558811739335, 'sx_102': 0.00541095098318019, 'rz_103': 0.003517148779166744, 'sx_103': 0.0002794739121383008, 'ecr_103_102': 0.01207500309686338, 'rz_104': 0.003038028304288811, 'sx_104': 0.0004308031366687633, 'rz_105': 0.003970464166910621, 'rz_106': 0.0026350270213860686, 'sx_106': 0.001231287941839324, 'ecr_93_106': 0.012819962768725851, 'x_93': 0.0004704206157717471, 'ecr_105_106': 0.016299927689042648, 'sx_105': 0.0006831898234500449, 'ecr_105_104': 0.012800260963915039, 'ecr_103_104': 0.00809250058375191, 'x_104': 0.0004308031366687633, 'rz_107': 0.004144497719384801, 'sx_107': 0.00014938290319251838, 'rz_110': 0.00015466568677770866, 'sx_110': 0.00020587954496393123, 'rz_111': 0.0004358284956494083, 'sx_111': 0.0002956094948223782, 'rz_118': 0.001529143507148612, 'sx_118': 0.00024305874049026786, 'rz_119': 0.002487688814588137, 'sx_119': 0.0001979410888610991, 'rz_120': 0.0003404704011632002, 'sx_120': 0.00012403503864175995, 'rz_121': 0.0003761828952406871, 'sx_121': 0.0006133440808128155, 'rz_122': 0.002235669408184518, 'sx_122': 0.0003500254050077776, 'ecr_111_122': 0.01079042644268735, 'x_111': 0.0002956094948223782, 'ecr_111_104': 0.010713375027632116, 'ecr_107_106': 0.01581921887612167, 'x_105': 0.0006831898234500449, 'ecr_122_121': 0.014754151843936025, 'x_121': 0.0006133440808128155, 'ecr_121_120': 0.008654260086582766, 'ecr_119_120': 0.004202435702402613, 'x_119': 0.0001979410888610991, 'ecr_118_119': 0.006681370068421899, 'x_118': 0.00024305874049026786, 'ecr_110_118': 0.010377165566167301, 'x_122': 0.0003500254050077776, 'ecr_101_102': 0.008828543100567271, 'sx_101': 0.00014646484945159203, 'ecr_101_100': 0.010025242511190247, 'ecr_100_110': 0.012092944136374933, 'x_101': 0.00014646484945159203, 'x_100': 0.0005277597325439841, 'ecr_100_99': 0.011817837242398044, 'x_110': 0.00020587954496393123, 'x_99': 0.0003603172832050981, 'ecr_98_99': 0.013027673821159713, 'ecr_92_102': 0.006729702245754587, 'ecr_92_83': 0.009744657138972601, 'ecr_82_83': 0.008652524157827746, 'ecr_97_98': 0.018381206281180423, 'ecr_96_97': 0.016777714914869457, 'x_97': 0.0008547242802414701, 'x_98': 0.0004006430420524553, 'ecr_91_98': 0.009440531864952334, 'ecr_91_79': 0.016913361819433176, 'ecr_79_78': 0.01107445228747947, 'sx_78': 0.00019836084378887812, 'ecr_77_78': 0.008885628676853524, 'ecr_77_71': 0.00876047253444634, 'sx_71': 0.0004053155044756273, 'ecr_58_71': 0.024919669288592794, 'ecr_57_58': 0.018274172455945037, 'sx_57': 0.0012481195452588246, 'ecr_57_56': 0.02209747403877174, 'sx_56': 0.000620088362891198, 'ecr_56_52': 0.01032472972019513, 'x_58': 0.0005897660406038302, 'x_57': 0.0012481195452588246, 'ecr_58_59': 0.012993137942235139, 'x_59': 0.0002072757450496116, 'ecr_37_52': 0.015052362039108064, 'ecr_37_38': 0.01692609252480326, 'sx_38': 0.00040432666748089563, 'ecr_39_38': 0.013721045094157946, 'ecr_33_39': 0.00857855657444817, 'x_39': 0.0005146711033635081, 'ecr_40_39': 0.013049754678238462, 'sx_40': 0.00027705669804049387, 'ecr_40_41': 0.015472645683553499, 'ecr_53_41': 0.005927873667290556, 'ecr_53_60': 0.004357952900339135, 'x_56': 0.000620088362891198, 'x_60': 0.00013792464543334652, 'ecr_60_61': 0.008241389998422138, 'ecr_61_62': 0.014080132538606599, 'sx_62': 0.0010511066276885398, 'ecr_72_62': 0.01652115362311607, 'x_62': 0.0010511066276885398, 'ecr_72_81': 0.009598585834673184, 'x_72': 0.00012501810950610214, 'ecr_80_81': 0.022688912372792858, 'ecr_63_62': 0.014584534107521613, 'ecr_82_81': 0.013112320959392104, 'ecr_80_79': 0.018433290889851434, 'x_61': 0.00022782011038028501, 'x_41': 0.000169830026387968, 'ecr_42_41': 0.008481932755508015, 'x_42': 0.000143422875748098, 'ecr_44_43': 0.01557575205551237, 'x_44': 0.0003215302788483756, 'x_53': 0.00012178755568529578, 'x_38': 0.00040432666748089563, 'ecr_14_18': 0.014122716605002583, 'x_19': 0.00020385037320872697, 'ecr_0_14': 0.10034769064489839, 'ecr_0_1': 0.07886322764453232, 'x_1': 0.00012595193373459763, 'ecr_1_2': 0.011555796197477597, 'x_2': 0.00011464768728133887, 'ecr_21_20': 0.019668872245283714, 'ecr_21_22': 0.017344572553218057, 'x_22': 0.00038333649808165217, 'ecr_22_23': 0.006478684257494927, 'ecr_23_24': 0.019776343870456237, 'x_23': 0.007377008680051682, 'ecr_34_24': 0.010980065267959638, 'ecr_22_15': 0.016344356288626655, 'ecr_4_15': 0.00788960869747124, 'x_15': 0.0005981677351466389, 'ecr_24_25': 0.015263945767594322, 'sx_25': 0.0002840107012717427, 'ecr_26_25': 0.015024845396219705, 'x_25': 0.0002840107012717427, 'ecr_26_16': 0.00824190114197318, 'x_26': 0.0005492539750533187, 'x_16': 0.00020681411792723153, 'ecr_16_8': 0.010425992260922112, 'ecr_26_27': 0.008638545815311205, 'ecr_4_3': 0.007195804443850928, 'ecr_5_4': 0.008172673083683496, 'x_4': 0.0004486389351872656, 'ecr_2_3': 0.004284364343760921, 'x_5': 0.0003960259284199396, 'ecr_7_8': 0.007673094470966341, 'ecr_7_6': 0.01198481515557101, 'x_6': 0.00014868801007833878, 'x_7': 0.000244547171321274, 'x_24': 0.0005345392474389415, 'x_27': 0.00036229975429215105, 'x_8': 0.0004800199743775015, 'x_43': 0.00018565954640207405, 'x_21': 0.0008422338445423646, 'ecr_45_46': 0.016556801812878913, 'x_40': 0.00027705669804049387, 'x_82': 0.00028646526542418514, 'x_80': 0.0014423401295142033, 'x_79': 0.0007745264125066711, 'x_81': 0.0003199480276419858, 'x_18': 0.00010333875989723179, 'ecr_59_60': 0.014288401044667026, 'x_102': 0.00541095098318019, 'x_84': 0.00011681794261694719, 'measure_16': 0.006000000000000005, 'measure_26': 0.007500000000000062, 'measure_8': 0.00649999999999995, 'measure_27': 0.06920000000000004, 'measure_6': 0.0024999999999999467, 'measure_7': 0.0027999999999999137, 'measure_4': 0.007000000000000006, 'measure_5': 0.011400000000000077, 'measure_22': 0.0047000000000000375, 'measure_15': 0.02069999999999994, 'measure_20': 0.025600000000000067, 'measure_21': 0.014100000000000001, 'measure_39': 0.005400000000000071, 'measure_33': 0.0042999999999999705, 'measure_41': 0.0037000000000000366, 'measure_40': 0.008499999999999952, 'measure_60': 0.0044999999999999485, 'measure_53': 0.0041999999999999815, 'measure_62': 0.03600000000000003, 'measure_61': 0.011099999999999999, 'measure_64': 0.00539999999999996, 'measure_63': 0.0025999999999999357, 'measure_66': 0.02069999999999994, 'measure_65': 0.0015000000000000568, 'measure_67': 0.005600000000000049, 'measure_68': 0.013399999999999967, 'measure_73': 0.007600000000000051, 'measure_85': 0.023700000000000054, 'measure_84': 0.005400000000000071, 'measure_86': 0.05620000000000003, 'measure_54': 0.008299999999999974, 'measure_55': 0.0041999999999999815, 'measure_87': 0.01980000000000004, 'measure_45': 0.0028000000000000247, 'measure_49': 0.01090000000000002, 'measure_69': 0.0026999999999999247, 'measure_46': 0.010599999999999943, 'measure_50': 0.007400000000000073, 'measure_32': 0.006800000000000028, 'measure_48': 0.0044999999999999485, 'measure_36': 0.006099999999999994, 'measure_83': 0.014499999999999957, 'measure_93': 0.007500000000000062, 'measure_51': 0.030200000000000005, 'measure_47': 0.09360000000000002, 'measure_44': 0.02300000000000002, 'measure_106': 0.027300000000000102, 'measure_72': 0.0020000000000000018, 'measure_31': 0.00990000000000002, 'measure_81': 0.005099999999999993, 'measure_28': 0.0131, 'measure_82': 0.0028000000000000247, 'measure_89': 0.045399999999999996, 'measure_107': 0.0024999999999999467, 'measure_74': 0.04810000000000003, 'measure_105': 0.007300000000000084, 'measure_70': 0.0043999999999999595, 'measure_104': 0.04420000000000002, 'measure_122': 0.007200000000000095, 'measure_111': 0.011400000000000077, 'measure_103': 0.0048000000000000265, 'measure_121': 0.03509999999999991, 'measure_102': 0.16249999999999998, 'measure_101': 0.0045999999999999375, 'measure_100': 0.0020000000000000018, 'measure_110': 0.0048000000000000265, 'measure_99': 0.007099999999999995, 'measure_98': 0.005600000000000049, 'measure_118': 0.0039000000000000146, 'measure_97': 0.007199999999999984, 'measure_120': 0.0017000000000000348, 'measure_119': 0.0030000000000000027, 'measure_79': 0.08789999999999998, 'measure_92': 0.0033000000000000806, 'measure_96': 0.0023999999999999577, 'measure_78': 0.0018000000000000238, 'measure_77': 0.014399999999999968, 'measure_71': 0.01529999999999998, 'measure_59': 0.0015000000000000568, 'measure_58': 0.0232, 'measure_57': 0.00869999999999993, 'measure_88': 0.02069999999999994, 'measure_19': 0.0030000000000000027, 'measure_52': 0.02059999999999995, 'measure_56': 0.0036000000000000476, 'measure_43': 0.0025999999999999357, 'measure_18': 0.0022999999999999687, 'measure_42': 0.0010000000000000009, 'measure_38': 0.009800000000000031, 'measure_91': 0.006000000000000005, 'measure_35': 0.011299999999999977, 'measure_80': 0.020499999999999963, 'measure_34': 0.0032000000000000917, 'measure_24': 0.007099999999999995, 'measure_30': 0.07519999999999993, 'measure_29': 0.029200000000000004, 'measure_23': 0.0010999999999999899, 'measure_25': 0.008199999999999985, 'measure_37': 0.01319999999999999, 'measure_3': 0.0048000000000000265}","{'rz_36': 79.55885386461723, 'sx_36': 49.77777777777777, 'ecr_36_32': 561.7777777777777, 'rz_32': 25.695979100301358, 'sx_32': 49.77777777777777, 'x_32': 49.77777777777777, 'ecr_31_32': 561.7777777777777, 'ecr_36_51': 561.7777777777777, 'rz_51': 49.730786663451035, 'sx_51': 49.77777777777777, 'ecr_50_51': 561.7777777777777, 'rz_50': 49.660864422403314, 'sx_50': 49.77777777777777, 'ecr_50_49': 561.7777777777777, 'rz_49': 99.30455989887088, 'sx_49': 49.77777777777777, 'ecr_55_49': 561.7777777777777, 'rz_55': 19.695615835756776, 'sx_55': 49.77777777777777, 'x_55': 49.77777777777777, 'ecr_68_55': 561.7777777777777, 'rz_68': 63.6963301525807, 'sx_68': 49.77777777777777, 'x_68': 49.77777777777777, 'ecr_67_68': 561.7777777777777, 'rz_67': 36.21784425322653, 'sx_67': 49.77777777777777, 'x_67': 49.77777777777777, 'ecr_66_67': 561.7777777777777, 'rz_66': 43.20668792158576, 'sx_66': 49.77777777777777, 'x_66': 49.77777777777777, 'ecr_73_66': 561.7777777777777, 'rz_73': 64.14524119253782, 'sx_73': 49.77777777777777, 'ecr_73_85': 561.7777777777777, 'x_85': 49.77777777777777, 'rz_85': 26.797742694674948, 'ecr_85_86': 561.7777777777777, 'rz_86': 58.66274979939008, 'sx_86': 49.77777777777777, 'ecr_87_86': 561.7777777777777, 'rz_87': 71.48705340733977, 'sx_87': 49.77777777777777, 'ecr_87_93': 561.7777777777777, 'sx_85': 49.77777777777777, 'ecr_85_84': 561.7777777777777, 'ecr_66_65': 561.7777777777777, 'rz_65': 64.21001967311358, 'sx_65': 49.77777777777777, 'ecr_64_65': 561.7777777777777, 'rz_64': 55.05752424422708, 'sx_64': 49.77777777777777, 'x_49': 49.77777777777777, 'ecr_48_49': 561.7777777777777, 'rz_48': 60.94400197229617, 'sx_48': 49.77777777777777, 'ecr_48_47': 561.7777777777777, 'ecr_35_47': 561.7777777777777, 'rz_47': 20.130718964748073, 'sx_47': 49.77777777777777, 'x_47': 49.77777777777777, 'x_48': 49.77777777777777, 'ecr_46_47': 561.7777777777777, 'rz_46': 62.79214956751646, 'sx_46': 49.77777777777777, 'rz_35': 81.71549700244086, 'sx_35': 49.77777777777777, 'ecr_35_28': 561.7777777777777, 'ecr_68_69': 561.7777777777777, 'rz_69': 94.8216446981161, 'sx_69': 49.77777777777777, 'ecr_69_70': 561.7777777777777, 'rz_70': 28.378000005550653, 'sx_70': 49.77777777777777, 'x_70': 49.77777777777777, 'ecr_70_74': 561.7777777777777, 'rz_74': 14.569073028324734, 'sx_74': 49.77777777777777, 'ecr_89_74': 561.7777777777777, 'rz_89': 52.2675409812915, 'sx_89': 49.77777777777777, 'x_89': 49.77777777777777, 'ecr_88_89': 561.7777777777777, 'rz_88': 13.977649749227357, 'sx_88': 49.77777777777777, 'ecr_88_87': 561.7777777777777, 'x_87': 49.77777777777777, 'rz_93': 75.07478360944219, 'sx_93': 49.77777777777777, 'x_93': 49.77777777777777, 'ecr_93_106': 561.7777777777777, 'rz_106': 94.82403441728219, 'sx_106': 49.77777777777777, 'ecr_105_106': 561.7777777777777, 'rz_105': 94.98199412042116, 'sx_105': 49.77777777777777, 'ecr_105_104': 561.7777777777777, 'rz_104': 18.609949166108493, 'sx_104': 49.77777777777777, 'ecr_111_104': 561.7777777777777, 'rz_111': 82.37840280280852, 'sx_111': 49.77777777777777, 'ecr_111_122': 561.7777777777777, 'x_111': 49.77777777777777, 'x_104': 49.77777777777777, 'x_105': 49.77777777777777, 'ecr_103_104': 561.7777777777777, 'rz_103': 68.03442431889135, 'sx_103': 49.77777777777777, 'ecr_103_102': 561.7777777777777, 'rz_102': 57.93325839095726, 'sx_102': 49.77777777777777, 'ecr_101_102': 561.7777777777777, 'rz_101': 71.06372150270764, 'sx_101': 49.77777777777777, 'ecr_101_100': 561.7777777777777, 'rz_100': 45.120527023809046, 'ecr_100_110': 561.7777777777777, 'rz_110': 92.203308645395, 'sx_110': 49.77777777777777, 'sx_100': 49.77777777777777, 'x_101': 49.77777777777777, 'x_100': 49.77777777777777, 'ecr_100_99': 561.7777777777777, 'x_110': 49.77777777777777, 'ecr_110_118': 561.7777777777777, 'rz_99': 53.64743379232392, 'sx_99': 49.77777777777777, 'ecr_98_99': 561.7777777777777, 'rz_98': 27.179281864264023, 'sx_98': 49.77777777777777, 'ecr_97_98': 561.7777777777777, 'rz_97': 72.65864016494305, 'sx_97': 49.77777777777777, 'ecr_96_97': 561.7777777777777, 'rz_96': 97.85906712742363, 'sx_96': 49.77777777777777, 'x_97': 49.77777777777777, 'ecr_91_98': 561.7777777777777, 'rz_91': 99.50405296209567, 'sx_91': 49.77777777777777, 'ecr_91_79': 561.7777777777777, 'rz_79': 58.129440198824305, 'sx_79': 49.77777777777777, 'ecr_79_78': 561.7777777777777, 'rz_78': 65.32408620771224, 'sx_78': 49.77777777777777, 'ecr_77_78': 561.7777777777777, 'rz_77': 47.92873284067639, 'sx_77': 49.77777777777777, 'ecr_77_71': 561.7777777777777, 'rz_71': 42.14820385349934, 'sx_71': 49.77777777777777, 'ecr_58_71': 561.7777777777777, 'rz_58': 39.933615734268464, 'sx_58': 49.77777777777777, 'ecr_57_58': 561.7777777777777, 'rz_57': 78.41189389767788, 'sx_57': 49.77777777777777, 'ecr_57_56': 561.7777777777777, 'x_57': 49.77777777777777, 'rz_56': 58.337382744245744, 'sx_56': 49.77777777777777, 'x_58': 49.77777777777777, 'ecr_56_52': 561.7777777777777, 'rz_52': 89.65603854150314, 'sx_52': 49.77777777777777, 'ecr_37_52': 561.7777777777777, 'rz_37': 33.82085202435142, 'sx_37': 49.77777777777777, 'ecr_37_38': 561.7777777777777, 'rz_38': 12.156438558919715, 'sx_38': 49.77777777777777, 'ecr_39_38': 561.7777777777777, 'rz_39': 79.91320000191351, 'sx_39': 49.77777777777777, 'ecr_33_39': 561.7777777777777, 'rz_33': 82.2315895082423, 'sx_33': 49.77777777777777, 'ecr_33_20': 561.7777777777777, 'ecr_40_39': 561.7777777777777, 'rz_40': 36.81191199167003, 'sx_40': 49.77777777777777, 'ecr_40_41': 561.7777777777777, 'rz_41': 96.53272458196504, 'sx_41': 49.77777777777777, 'ecr_53_41': 561.7777777777777, 'rz_53': 95.18082795122079, 'sx_53': 49.77777777777777, 'ecr_53_60': 561.7777777777777, 'x_60': 49.77777777777777, 'rz_60': 13.840403342429472, 'ecr_60_61': 561.7777777777777, 'sx_60': 49.77777777777777, 'sx_61': 49.77777777777777, 'ecr_61_62': 561.7777777777777, 'rz_61': 96.06494602299433, 'rz_62': 55.40785255661424, 'sx_62': 49.77777777777777, 'ecr_72_62': 561.7777777777777, 'rz_72': 20.02122050060169, 'sx_72': 49.77777777777777, 'ecr_72_81': 561.7777777777777, 'rz_81': 39.98142370905221, 'sx_81': 49.77777777777777, 'ecr_80_81': 561.7777777777777, 'rz_80': 39.210767403679505, 'sx_80': 49.77777777777777, 'ecr_82_81': 561.7777777777777, 'rz_82': 21.173728088129693, 'sx_82': 49.77777777777777, 'x_72': 49.77777777777777, 'x_61': 49.77777777777777, 'x_41': 49.77777777777777, 'ecr_42_41': 561.7777777777777, 'rz_42': 71.68227466510388, 'sx_42': 49.77777777777777, 'ecr_42_43': 561.7777777777777, 'rz_43': 60.425576441344, 'sx_43': 49.77777777777777, 'ecr_44_43': 561.7777777777777, 'rz_44': 31.28294917438015, 'sx_44': 49.77777777777777, 'x_53': 49.77777777777777, 'x_20': 49.77777777777777, 'rz_20': 22.6646744728014, 'ecr_20_19': 561.7777777777777, 'rz_19': 86.21271994704179, 'sx_19': 49.77777777777777, 'ecr_19_18': 561.7777777777777, 'rz_18': 96.34143074943837, 'sx_18': 49.77777777777777, 'ecr_14_18': 561.7777777777777, 'rz_14': 48.38825092984912, 'sx_14': 49.77777777777777, 'ecr_21_20': 561.7777777777777, 'sx_20': 49.77777777777777, 'rz_21': 81.43024364230055, 'sx_21': 49.77777777777777, 'ecr_21_22': 561.7777777777777, 'x_22': 49.77777777777777, 'rz_22': 29.569993828980245, 'ecr_22_23': 561.7777777777777, 'sx_22': 49.77777777777777, 'rz_23': 65.66524026796986, 'ecr_23_24': 561.7777777777777, 'rz_24': 21.684831917525454, 'sx_24': 49.77777777777777, 'ecr_34_24': 561.7777777777777, 'rz_34': 93.38196388566938, 'sx_34': 49.77777777777777, 'sx_23': 49.77777777777777, 'ecr_22_15': 561.7777777777777, 'rz_15': 56.282813496982975, 'sx_15': 49.77777777777777, 'ecr_4_15': 561.7777777777777, 'rz_4': 58.544130943142285, 'sx_4': 49.77777777777777, 'x_15': 49.77777777777777, 'x_23': 49.77777777777777, 'ecr_24_25': 561.7777777777777, 'rz_25': 94.00487775674728, 'sx_25': 49.77777777777777, 'ecr_26_25': 561.7777777777777, 'rz_26': 47.393654416383136, 'sx_26': 49.77777777777777, 'ecr_26_16': 561.7777777777777, 'rz_16': 14.517509021572847, 'sx_16': 49.77777777777777, 'x_26': 49.77777777777777, 'x_16': 49.77777777777777, 'ecr_16_8': 561.7777777777777, 'rz_8': 69.28734142646123, 'sx_8': 49.77777777777777, 'ecr_7_8': 561.7777777777777, 'rz_7': 45.49492918460909, 'sx_7': 49.77777777777777, 'ecr_7_6': 561.7777777777777, 'rz_6': 51.00871320283948, 'sx_6': 49.77777777777777, 'x_7': 49.77777777777777, 'ecr_26_27': 561.7777777777777, 'rz_27': 28.67539203653237, 'sx_27': 49.77777777777777, 'x_24': 49.77777777777777, 'x_25': 49.77777777777777, 'ecr_6_5': 561.7777777777777, 'x_6': 49.77777777777777, 'x_34': 49.77777777777777, 'ecr_43_34': 561.7777777777777, 'x_43': 49.77777777777777, 'ecr_63_62': 561.7777777777777, 'rz_63': 90.2357940841025, 'sx_63': 49.77777777777777, 'ecr_63_64': 561.7777777777777, 'ecr_54_64': 561.7777777777777, 'rz_54': 16.685822598216134, 'sx_54': 49.77777777777777, 'ecr_59_60': 561.7777777777777, 'rz_59': 81.3895013610416, 'sx_59': 49.77777777777777, 'x_40': 49.77777777777777, 'x_21': 49.77777777777777, 'x_33': 49.77777777777777, 'x_39': 49.77777777777777, 'ecr_82_83': 561.7777777777777, 'rz_83': 29.351282824221798, 'sx_83': 49.77777777777777, 'ecr_5_4': 561.7777777777777, 'rz_5': 86.24485336164074, 'sx_5': 49.77777777777777, 'x_5': 49.77777777777777, 'measure_3': 1244.4444444444443}","{'3': 0.0048000000000000265, '4': 0.007000000000000006, '5': 0.011400000000000077, '6': 0.0024999999999999467, '7': 0.0027999999999999137, '8': 0.00649999999999995, '15': 0.02069999999999994, '16': 0.006000000000000005, '18': 0.0022999999999999687, '19': 0.0030000000000000027, '20': 0.025600000000000067, '21': 0.014100000000000001, '22': 0.0047000000000000375, '23': 0.0010999999999999899, '24': 0.007099999999999995, '25': 0.008199999999999985, '26': 0.007500000000000062, '27': 0.06920000000000004, '28': 0.0131, '29': 0.029200000000000004, '30': 0.07519999999999993, '31': 0.00990000000000002, '32': 0.006800000000000028, '33': 0.0042999999999999705, '34': 0.0032000000000000917, '35': 0.011299999999999977, '36': 0.006099999999999994, '37': 0.01319999999999999, '38': 0.009800000000000031, '39': 0.005400000000000071, '40': 0.008499999999999952, '41': 0.0037000000000000366, '42': 0.0010000000000000009, '43': 0.0025999999999999357, '44': 0.02300000000000002, '45': 0.0028000000000000247, '46': 0.010599999999999943, '47': 0.09360000000000002, '48': 0.0044999999999999485, '49': 0.01090000000000002, '50': 0.007400000000000073, '51': 0.030200000000000005, '52': 0.02059999999999995, '53': 0.0041999999999999815, '54': 0.008299999999999974, '55': 0.0041999999999999815, '56': 0.0036000000000000476, '57': 0.00869999999999993, '58': 0.0232, '59': 0.0015000000000000568, '60': 0.0044999999999999485, '61': 0.011099999999999999, '62': 0.03600000000000003, '63': 0.0025999999999999357, '64': 0.00539999999999996, '65': 0.0015000000000000568, '66': 0.02069999999999994, '67': 0.005600000000000049, '68': 0.013399999999999967, '69': 0.0026999999999999247, '70': 0.0043999999999999595, '71': 0.01529999999999998, '72': 0.0020000000000000018, '73': 0.007600000000000051, '74': 0.04810000000000003, '77': 0.014399999999999968, '78': 0.0018000000000000238, '79': 0.08789999999999998, '80': 0.020499999999999963, '81': 0.005099999999999993, '82': 0.0028000000000000247, '83': 0.014499999999999957, '84': 0.005400000000000071, '85': 0.023700000000000054, '86': 0.05620000000000003, '87': 0.01980000000000004, '88': 0.02069999999999994, '89': 0.045399999999999996, '91': 0.006000000000000005, '92': 0.0033000000000000806, '93': 0.007500000000000062, '96': 0.0023999999999999577, '97': 0.007199999999999984, '98': 0.005600000000000049, '99': 0.007099999999999995, '100': 0.0020000000000000018, '101': 0.0045999999999999375, '102': 0.16249999999999998, '103': 0.0048000000000000265, '104': 0.04420000000000002, '105': 0.007300000000000084, '106': 0.027300000000000102, '107': 0.0024999999999999467, '110': 0.0048000000000000265, '111': 0.011400000000000077, '118': 0.0039000000000000146, '119': 0.0030000000000000027, '120': 0.0017000000000000348, '121': 0.03509999999999991, '122': 0.007200000000000095}"
2,kyoto,127,11040,"{'rz_4': 0.002513159739155094, 'sx_4': 0.0003038315641543391, 'rz_5': 0.0038132544504413156, 'sx_5': 0.00012073986508024282, 'ecr_4_5': 1, 'rz_6': 0.0040503739978388145, 'sx_6': 9.582950644373823e-05, 'ecr_6_5': 1, 'x_6': 9.582950644373823e-05, 'rz_7': 0.0028154892927377655, 'sx_7': 0.000174168318352551, 'ecr_7_6': 1, 'rz_8': 0.003731000444012859, 'sx_8': 0.0002228008553409425, 'rz_9': 0.00014608731387235545, 'sx_9': 0.00011278350987555633, 'rz_10': 0.0029716326534834627, 'sx_10': 0.0001558482205919926, 'rz_11': 0.0026402652836202824, 'sx_11': 0.00016608842832782316, 'rz_12': 0.003887370077833486, 'sx_12': 0.0001574889448077627, 'ecr_11_12': 1, 'ecr_11_10': 1, 'rz_15': 0.0029136338773833328, 'sx_15': 0.00015012156711869616, 'rz_16': 0.001300900901076394, 'sx_16': 0.0002513270794347966, 'rz_17': 0.003397605993521605, 'sx_17': 0.0001242501431604634, 'ecr_17_12': 1, 'x_12': 0.0001574889448077627, 'rz_18': 0.004666195842048971, 'sx_18': 0.008085004194830473, 'rz_19': 0.0009578603216050597, 'sx_19': 0.00015661104105584402, 'rz_20': 0.004541075605193847, 'sx_20': 0.0002440846627361958, 'rz_21': 0.0034249686442503788, 'sx_21': 0.00012977628098377164, 'ecr_21_20': 1, 'rz_22': 0.0014080610927932414, 'sx_22': 0.001769094673832984, 'ecr_22_21': 1, 'ecr_22_15': 1, 'ecr_15_4': 1, 'x_15': 0.00015012156711869616, 'x_22': 0.001769094673832984, 'rz_23': 0.003543710467432411, 'sx_23': 0.00010925280511248516, 'rz_24': 0.0029136488474885134, 'sx_24': 0.0008623245636767939, 'rz_25': 0.0047521283354034945, 'sx_25': 0.0001517176969879307, 'rz_26': 0.0028429819926113643, 'rz_27': 0.0018156323376684704, 'sx_27': 0.0003510111958373281, 'rz_28': 0.002077047730045847, 'sx_28': 0.00021083143173815204, 'rz_29': 0.003738545197739551, 'sx_29': 0.00027485952138753874, 'rz_30': 0.001200921559470208, 'sx_30': 0.00022236437586866246, 'ecr_17_30': 1, 'x_30': 0.00022236437586866246, 'ecr_30_29': 1, 'rz_31': 0.002498233694668894, 'sx_31': 0.0002828574812321101, 'rz_32': 0.00023589402972517263, 'sx_32': 0.0001635014934973224, 'rz_33': 0.0045903655925730045, 'sx_33': 0.0007338256609473277, 'rz_34': 0.0033284074413016287, 'sx_34': 0.0003603485046698308, 'rz_35': 0.0008181610788191521, 'sx_35': 0.00016346193773237593, 'rz_36': 0.0034133969522263247, 'sx_36': 0.00014956681731349584, 'rz_37': 0.002331505556446788, 'rz_38': 0.0024113522604894038, 'sx_38': 0.0001334535394293827, 'rz_39': 0.0034337428025984305, 'sx_39': 0.00036893534065197704, 'rz_40': 0.0008092989411839423, 'sx_40': 0.0002155465652791842, 'rz_41': 0.0007920470226236128, 'sx_41': 0.0003958971375179541, 'rz_42': 0.001322526408258038, 'sx_42': 0.00021910589177162045, 'rz_43': 0.0023391114347620723, 'sx_43': 0.00015932760460156967, 'rz_44': 0.00433784045346144, 'sx_44': 0.00013176977882107968, 'rz_45': 0.0034377453612609945, 'sx_45': 0.00010800555985410663, 'rz_46': 0.0017462120756924799, 'sx_46': 0.0002569228608886314, 'ecr_46_45': 1, 'ecr_44_45': 1, 'ecr_44_43': 1, 'ecr_34_43': 1, 'ecr_34_24': 1, 'ecr_23_24': 1, 'ecr_22_23': 1, 'rz_47': 0.003417182048590674, 'sx_47': 0.000612763417127435, 'rz_48': 0.003062243189128321, 'sx_48': 0.004075346106137449, 'rz_49': 0.0017875146338019795, 'sx_49': 0.0002849369336137935, 'rz_50': 0.002454903674509695, 'sx_50': 0.00024328448744357533, 'rz_51': 0.0005961426008246211, 'sx_51': 0.00018219303016618916, 'rz_52': 0.0007314653498742201, 'sx_52': 0.00033636895526110294, 'rz_53': 0.0005983182331477889, 'sx_53': 0.00014152859477276774, 'rz_54': 0.0009539390770280025, 'sx_54': 0.00015646145683994802, 'ecr_54_45': 1, 'rz_55': 0.004827325136635047, 'sx_55': 0.0003202642147138706, 'rz_56': 0.0016621445555192948, 'sx_56': 0.0006276545346869864, 'rz_57': 0.004881650855209245, 'sx_57': 0.0007928294074844403, 'rz_58': 0.00479791333547352, 'sx_58': 0.0005039549339010096, 'rz_59': 0.0010281165670471297, 'sx_59': 0.00030638067309339616, 'rz_60': 0.0019904647233539583, 'sx_60': 0.0001806633867796993, 'rz_61': 0.0036401925712079533, 'sx_61': 0.000173009620459019, 'ecr_61_60': 1, 'rz_62': 0.0018824523334649969, 'sx_62': 0.00017302071940707758, 'ecr_62_61': 1, 'x_62': 0.00017302071940707758, 'rz_63': 0.001822185699459682, 'sx_63': 0.0005621071181002369, 'rz_64': 0.0006560429884021182, 'sx_64': 0.00045546949382412787, 'ecr_54_64': 1, 'x_23': 0.00010925280511248516, 'x_64': 0.00045546949382412787, 'rz_65': 0.0020790521846700814, 'sx_65': 0.0002004997319943576, 'ecr_64_65': 1, 'ecr_25_24': 1, 'x_21': 0.00012977628098377164, 'ecr_19_20': 1, 'ecr_18_19': 1, 'ecr_33_20': 1, 'ecr_33_39': 1, 'ecr_38_39': 1, 'ecr_37_38': 1, 'sx_37': 0.0004080848649752518, 'ecr_52_37': 1, 'x_37': 0.0004080848649752518, 'ecr_39_40': 1, 'x_38': 0.0001334535394293827, 'x_39': 0.00036893534065197704, 'x_40': 0.0002155465652791842, 'ecr_40_41': 1, 'ecr_42_41': 1, 'ecr_53_41': 1, 'x_43': 0.00015932760460156967, 'x_45': 0.00010800555985410663, 'x_52': 0.00033636895526110294, 'ecr_56_52': 1, 'x_56': 0.0006276545346869864, 'ecr_57_56': 1, 'ecr_57_58': 1, 'x_57': 0.0007928294074844403, 'rz_66': 0.0022476125141987916, 'sx_66': 0.00013972895085414638, 'rz_67': 0.0015845798712683728, 'sx_67': 0.0004278674621274119, 'rz_68': 0.004914624847774075, 'sx_68': 0.00019523161537056597, 'rz_69': 0.0049582777752922155, 'sx_69': 0.00032240499989492064, 'rz_70': 0.0027707767764933713, 'sx_70': 0.0004296548898085743, 'rz_71': 0.0014566647620004758, 'sx_71': 0.0007029159367746071, 'rz_72': 0.0012674599526081253, 'sx_72': 0.00020378268989355798, 'ecr_72_62': 1, 'rz_73': 0.0024839378088199198, 'sx_73': 0.00015312374145812766, 'rz_74': 0.0026463907377712046, 'sx_74': 0.00018714587479530653, 'rz_75': 0.0034657019628266572, 'sx_75': 0.00043549896577353307, 'rz_76': 0.0006779010585475276, 'sx_76': 0.01630210809638359, 'rz_77': 0.00301852284982183, 'sx_77': 0.00043857042518553906, 'ecr_77_71': 1, 'ecr_71_58': 1, 'x_58': 0.0005039549339010096, 'ecr_76_77': 1, 'ecr_76_75': 1, 'x_76': 0.01630210809638359, 'rz_78': 0.0006986753322182799, 'sx_78': 0.00030843907066569696, 'ecr_77_78': 1, 'rz_79': 0.0028379043901940993, 'sx_79': 0.0005873016507620581, 'ecr_79_78': 1, 'rz_80': 0.004712767707376868, 'sx_80': 0.00015922341731009292, 'rz_81': 0.0036279267818207653, 'sx_81': 0.00046236269009435456, 'rz_82': 0.0044460748502009465, 'sx_82': 0.00013956135814412955, 'rz_83': 0.0003142556328013114, 'sx_83': 0.00019071686069938723, 'rz_84': 0.0021115658245264854, 'sx_84': 0.00015911184315858812, 'rz_85': 0.002650452328485197, 'sx_85': 0.0001699406114467722, 'rz_86': 0.003123717758946752, 'sx_86': 0.0002904184968273241, 'rz_87': 0.0010108745443209249, 'sx_87': 0.0001762778737927888, 'rz_88': 0.004276318089690047, 'sx_88': 0.0003131890828509281, 'ecr_88_87': 1, 'rz_89': 0.0013729887745504374, 'sx_89': 0.00017706441767417354, 'ecr_89_88': 1, 'rz_91': 0.003306709446007632, 'sx_91': 0.00045173159175162803, 'ecr_79_91': 1, 'ecr_59_58': 1, 'ecr_59_60': 1, 'x_59': 0.00030638067309339616, 'x_61': 0.000173009620459019, 'ecr_53_60': 1, 'x_42': 0.00021910589177162045, 'ecr_43_42': 1, 'x_71': 0.0007029159367746071, 'x_72': 0.00020378268989355798, 'x_77': 0.00043857042518553906, 'rz_92': 0.004029174022393054, 'rz_93': 0.003330697430737902, 'sx_93': 0.00036688454988671206, 'ecr_87_93': 1, 'x_88': 0.0003131890828509281, 'x_93': 0.00036688454988671206, 'rz_96': 0.004389790217043684, 'sx_96': 0.0002653147485167007, 'rz_97': 0.00468360633626152, 'sx_97': 0.0004502593940006197, 'rz_98': 0.003966499564373195, 'sx_98': 0.0013340069259604355, 'ecr_98_91': 1, 'x_79': 0.0005873016507620581, 'rz_99': 0.002183047767808921, 'sx_99': 0.0003409609778669845, 'ecr_98_99': 1, 'x_98': 0.0013340069259604355, 'ecr_97_98': 1, 'x_97': 0.0004502593940006197, 'ecr_96_97': 1, 'ecr_80_79': 1, 'x_80': 0.00015922341731009292, 'ecr_81_80': 1, 'ecr_81_72': 1, 'ecr_62_63': 1, 'ecr_63_64': 1, 'x_63': 0.0005621071181002369, 'x_46': 0.0002569228608886314, 'ecr_47_46': 1, 'ecr_47_35': 1, 'ecr_28_35': 1, 'x_28': 0.00021083143173815204, 'ecr_27_28': 1, 'ecr_27_26': 1, 'sx_26': 0.00012928633109714265, 'ecr_25_26': 1, 'ecr_16_26': 1, 'x_16': 0.0002513270794347966, 'ecr_8_16': 1, 'ecr_8_9': 1, 'x_81': 0.00046236269009435456, 'ecr_82_81': 1, 'ecr_8_7': 1, 'x_7': 0.000174168318352551, 'ecr_9_10': 1, 'x_9': 0.00011278350987555633, 'x_8': 0.0002228008553409425, 'ecr_28_29': 1, 'ecr_48_47': 1, 'x_48': 0.004075346106137449, 'ecr_49_48': 1, 'ecr_49_55': 1, 'ecr_50_49': 1, 'ecr_50_51': 1, 'x_51': 0.00018219303016618916, 'ecr_51_36': 1, 'ecr_32_36': 1, 'x_55': 0.0003202642147138706, 'ecr_55_68': 1, 'x_49': 0.0002849369336137935, 'x_68': 0.00019523161537056597, 'ecr_68_69': 1, 'x_32': 0.0001635014934973224, 'ecr_31_32': 1, 'x_50': 0.00024328448744357533, 'ecr_67_68': 1, 'ecr_70_69': 1, 'x_70': 0.0004296548898085743, 'ecr_74_70': 1, 'ecr_89_74': 1, 'x_74': 0.00018714587479530653, 'x_87': 0.0001762778737927888, 'rz_100': 0.004466657645160493, 'sx_100': 0.00014962944401662642, 'rz_101': 0.002438848710515221, 'sx_101': 0.001585112083365681, 'rz_102': 0.0003245834223652192, 'sx_102': 0.0001839666236441208, 'rz_103': 0.0008200126305435985, 'sx_103': 0.0004617781056727429, 'rz_104': 0.0031555685682350433, 'sx_104': 0.00035322073874800565, 'rz_105': 0.004435843728361687, 'sx_105': 0.0003001528940346325, 'rz_106': 0.0030714363069350953, 'sx_106': 0.0028273758454384216, 'ecr_93_106': 1, 'ecr_87_86': 1, 'x_86': 0.0002904184968273241, 'ecr_86_85': 1, 'ecr_73_85': 1, 'ecr_73_66': 1, 'ecr_67_66': 1, 'x_47': 0.000612763417127435, 'x_54': 0.00015646145683994802, 'x_65': 0.0002004997319943576, 'ecr_65_66': 1, 'x_73': 0.00015312374145812766, 'ecr_84_85': 1, 'ecr_84_83': 1, 'x_83': 0.00019071686069938723, 'ecr_82_83': 1, 'x_84': 0.00015911184315858812, 'x_82': 0.00013956135814412955, 'ecr_83_92': 1, 'sx_92': 0.0007969060550047645, 'ecr_102_92': 1, 'x_92': 0.0007969060550047645, 'rz_109': 0.002295207679573721, 'sx_109': 0.0005776853846390998, 'ecr_96_109': 1, 'x_99': 0.0003409609778669845, 'rz_110': 0.0021167492011588663, 'sx_110': 0.0007033333422395565, 'rz_111': 0.0019980287133738997, 'sx_111': 0.0002279242537978816, 'ecr_104_111': 1, 'x_104': 0.00035322073874800565, 'ecr_104_103': 1, 'ecr_105_104': 1, 'x_103': 0.0004617781056727429, 'ecr_102_103': 1, 'x_102': 0.0001839666236441208, 'ecr_101_102': 1, 'ecr_101_100': 1, 'ecr_110_100': 1, 'x_101': 0.001585112083365681, 'x_110': 0.0007033333422395565, 'rz_118': 0.0015113009317904423, 'sx_118': 0.00020546596340854538, 'ecr_118_110': 1, 'ecr_99_100': 1, 'x_118': 0.00020546596340854538, 'x_100': 0.00014962944401662642, 'x_85': 0.0001699406114467722, 'rz_119': 0.0038301158679335014, 'sx_119': 0.0003412491968887652, 'ecr_119_118': 1, 'x_119': 0.0003412491968887652, 'rz_120': 0.003040044964522391, 'sx_120': 0.00019906619574072245, 'ecr_120_119': 1, 'x_120': 0.00019906619574072245, 'rz_121': 0.002258059494018976, 'sx_121': 0.0005815756246560313, 'ecr_121_120': 1, 'x_121': 0.0005815756246560313, 'rz_122': 0.002659963115663345, 'sx_122': 0.00020208000496485306, 'ecr_122_121': 1, 'ecr_122_111': 1, 'x_111': 0.0002279242537978816, 'x_105': 0.0003001528940346325, 'x_122': 0.00020208000496485306, 'x_91': 0.00045173159175162803, 'x_66': 0.00013972895085414638, 'x_67': 0.0004278674621274119, 'ecr_105_106': 1, 'x_96': 0.0002653147485167007, 'x_53': 0.00014152859477276774, 'x_60': 0.0001806633867796993, 'x_19': 0.00015661104105584402, 'measure_103': 0.015199999999999991, 'measure_104': 0.04590000000000005, 'measure_102': 0.01090000000000002, 'measure_111': 0.04299999999999993, 'measure_92': 0.013600000000000056, 'measure_101': 0.05580000000000007, 'measure_83': 0.013700000000000045, 'measure_100': 0.009199999999999986, 'measure_99': 0.011900000000000022, 'measure_82': 0.0046999999999999265, 'measure_91': 0.07329999999999992, 'measure_98': 0.07220000000000004, 'measure_80': 0.01639999999999997, 'measure_79': 0.018000000000000016, 'measure_81': 0.019000000000000017, 'measure_84': 0.010199999999999987, 'measure_72': 0.015199999999999991, 'measure_62': 0.00990000000000002, 'measure_60': 0.010700000000000043, 'measure_61': 0.017300000000000093, 'measure_59': 0.007400000000000073, 'measure_53': 0.009600000000000053, 'measure_42': 0.0043999999999999595, 'measure_41': 0.009600000000000053, 'measure_43': 0.014100000000000001, 'measure_34': 0.03590000000000004, 'measure_22': 0.033299999999999996, 'measure_24': 0.02980000000000005, 'measure_23': 0.00649999999999995, 'measure_4': 0.09830000000000005, 'measure_21': 0.008900000000000019, 'measure_58': 0.0393, 'measure_52': 0.013500000000000068, 'measure_56': 0.012499999999999956, 'measure_71': 0.02859999999999996, 'measure_37': 0.1472, 'measure_38': 0.03920000000000001, 'measure_77': 0.10270000000000001, 'measure_33': 0.02180000000000004, 'measure_39': 0.07040000000000002, 'measure_19': 0.009800000000000031, 'measure_18': 0.11780000000000002, 'measure_85': 0.0043999999999999595, 'measure_76': 0.10660000000000003, 'measure_75': 0.04170000000000007, 'measure_63': 0.006099999999999994, 'measure_64': 0.009299999999999975, 'measure_65': 0.0047000000000000375, 'measure_66': 0.0121, 'measure_54': 0.010299999999999976, 'measure_57': 0.11339999999999995, 'measure_67': 0.005700000000000038, 'measure_40': 0.01089999999999991, 'measure_55': 0.005300000000000082, 'measure_49': 0.006000000000000005, 'measure_97': 0.03689999999999993, 'measure_78': 0.014100000000000001, 'measure_96': 0.014599999999999946, 'measure_109': 0.009600000000000053, 'measure_46': 0.009800000000000031, 'measure_73': 0.005400000000000071, 'measure_47': 0.012599999999999945, 'measure_28': 0.039000000000000035, 'measure_35': 0.017000000000000015, 'measure_27': 0.03380000000000005, 'measure_48': 0.057700000000000085, 'measure_8': 0.02410000000000001, 'measure_29': 0.020000000000000018, 'measure_16': 0.008099999999999996, 'measure_25': 0.053200000000000025, 'measure_26': 0.005800000000000027, 'measure_69': 0.017100000000000004, 'measure_5': 0.011199999999999988, 'measure_7': 0.014499999999999957, 'measure_9': 0.006299999999999972, 'measure_86': 0.010399999999999965, 'measure_70': 0.011800000000000033, 'measure_6': 0.012399999999999967, 'measure_50': 0.005800000000000027, 'measure_30': 0.011300000000000088, 'measure_68': 0.05390000000000006, 'measure_32': 0.010699999999999932, 'measure_51': 0.017199999999999993, 'measure_74': 0.005600000000000049, 'measure_89': 0.006599999999999939, 'measure_87': 0.02310000000000001, 'measure_93': 0.0474, 'measure_105': 0.06709999999999994, 'measure_88': 0.0046999999999999265, 'measure_36': 0.006199999999999983, 'measure_45': 0.007500000000000062, 'measure_31': 0.006800000000000028, 'measure_110': 0.024699999999999944, 'measure_10': 0.02069999999999994, 'measure_17': 0.007800000000000029, 'measure_44': 0.0042999999999999705, 'measure_12': 0.00660000000000005, 'measure_106': 0.02320000000000011, 'measure_15': 0.009300000000000086, 'measure_118': 0.030100000000000016}","{'rz_45': 52.19734742315826, 'sx_45': 59.99999999999999, 'ecr_46_45': 660.0, 'rz_46': 64.54799901908612, 'sx_46': 59.99999999999999, 'ecr_44_45': 660.0, 'rz_44': 88.2528994781871, 'sx_44': 59.99999999999999, 'ecr_44_43': 660.0, 'rz_43': 26.273192782115995, 'sx_43': 59.99999999999999, 'ecr_34_43': 660.0, 'rz_34': 77.42481163979494, 'sx_34': 59.99999999999999, 'ecr_34_24': 660.0, 'rz_24': 56.103336216979656, 'sx_24': 59.99999999999999, 'ecr_23_24': 660.0, 'rz_23': 23.02464292179598, 'sx_23': 59.99999999999999, 'ecr_25_24': 660.0, 'rz_25': 30.38772078202909, 'sx_25': 59.99999999999999, 'ecr_22_23': 660.0, 'x_22': 59.99999999999999, 'rz_22': 34.47319833079829, 'ecr_22_21': 660.0, 'sx_22': 59.99999999999999, 'x_21': 59.99999999999999, 'rz_21': 67.06548987793468, 'ecr_21_20': 660.0, 'sx_21': 59.99999999999999, 'ecr_19_20': 660.0, 'rz_20': 67.52762039706425, 'sx_20': 59.99999999999999, 'ecr_33_20': 660.0, 'rz_33': 37.06169890637109, 'sx_33': 59.99999999999999, 'ecr_33_39': 660.0, 'sx_39': 59.99999999999999, 'rz_39': 22.715418245228886, 'ecr_38_39': 660.0, 'rz_38': 50.50836883004884, 'sx_38': 59.99999999999999, 'ecr_37_38': 660.0, 'rz_37': 79.57123801521672, 'sx_37': 59.99999999999999, 'x_39': 59.99999999999999, 'ecr_39_40': 660.0, 'x_38': 59.99999999999999, 'ecr_52_37': 660.0, 'rz_52': 80.61665151081644, 'sx_52': 59.99999999999999, 'x_52': 59.99999999999999, 'ecr_56_52': 660.0, 'rz_56': 20.40174337679567, 'sx_56': 59.99999999999999, 'x_56': 59.99999999999999, 'ecr_57_56': 660.0, 'rz_57': 36.66429647852138, 'sx_57': 59.99999999999999, 'ecr_57_58': 660.0, 'ecr_71_58': 660.0, 'rz_58': 34.76589687240751, 'sx_58': 59.99999999999999, 'rz_71': 70.75170438613712, 'sx_71': 59.99999999999999, 'ecr_77_71': 660.0, 'rz_77': 14.060754682211293, 'sx_77': 59.99999999999999, 'ecr_77_78': 660.0, 'ecr_59_58': 660.0, 'rz_59': 18.190396202950197, 'sx_59': 59.99999999999999, 'ecr_59_60': 660.0, 'rz_60': 83.59440360419617, 'sx_60': 59.99999999999999, 'ecr_61_60': 660.0, 'rz_61': 80.41081684964871, 'sx_61': 59.99999999999999, 'x_61': 59.99999999999999, 'ecr_62_61': 660.0, 'rz_62': 35.06343773599919, 'sx_62': 59.99999999999999, 'x_62': 59.99999999999999, 'ecr_72_62': 660.0, 'rz_72': 43.52931078211855, 'sx_72': 59.99999999999999, 'ecr_53_60': 660.0, 'rz_53': 99.83706656932878, 'sx_53': 59.99999999999999, 'x_71': 59.99999999999999, 'ecr_76_77': 660.0, 'x_77': 59.99999999999999, 'rz_78': 43.576388089277934, 'sx_78': 59.99999999999999, 'ecr_79_78': 660.0, 'rz_79': 63.64300723270643, 'sx_79': 59.99999999999999, 'ecr_79_91': 660.0, 'rz_91': 80.43717861487795, 'sx_91': 59.99999999999999, 'ecr_98_91': 660.0, 'rz_98': 12.174435304979566, 'sx_98': 59.99999999999999, 'x_98': 59.99999999999999, 'ecr_97_98': 660.0, 'rz_97': 42.772539846982795, 'sx_97': 59.99999999999999, 'x_97': 59.99999999999999, 'ecr_96_97': 660.0, 'rz_96': 26.250957254391917, 'sx_96': 59.99999999999999, 'ecr_80_79': 660.0, 'rz_80': 19.024412269382687, 'sx_80': 59.99999999999999, 'x_80': 59.99999999999999, 'ecr_81_80': 660.0, 'rz_81': 37.018709237058886, 'sx_81': 59.99999999999999, 'ecr_81_72': 660.0, 'x_72': 59.99999999999999, 'ecr_62_63': 660.0, 'rz_63': 34.04333800844232, 'sx_63': 59.99999999999999, 'x_63': 59.99999999999999, 'ecr_63_64': 660.0, 'rz_64': 42.045753113134865, 'sx_64': 59.99999999999999, 'ecr_54_64': 660.0, 'rz_54': 19.431071550996613, 'sx_54': 59.99999999999999, 'ecr_54_45': 660.0, 'x_46': 59.99999999999999, 'ecr_47_46': 660.0, 'rz_47': 10.92048178804665, 'sx_47': 59.99999999999999, 'ecr_47_35': 660.0, 'rz_35': 62.19082400149266, 'sx_35': 59.99999999999999, 'ecr_28_35': 660.0, 'rz_28': 54.41856369322585, 'sx_28': 59.99999999999999, 'x_28': 59.99999999999999, 'ecr_27_28': 660.0, 'rz_27': 38.960356377317154, 'sx_27': 59.99999999999999, 'ecr_27_26': 660.0, 'rz_26': 33.94466429318505, 'sx_26': 59.99999999999999, 'ecr_25_26': 660.0, 'ecr_16_26': 660.0, 'rz_16': 55.32889228079793, 'sx_16': 59.99999999999999, 'x_16': 59.99999999999999, 'ecr_8_16': 660.0, 'rz_8': 52.045931614181455, 'sx_8': 59.99999999999999, 'ecr_8_9': 660.0, 'rz_9': 83.19735383980124, 'sx_9': 59.99999999999999, 'ecr_8_7': 660.0, 'rz_7': 23.387713911420672, 'sx_7': 59.99999999999999, 'ecr_7_6': 660.0, 'x_6': 59.99999999999999, 'rz_6': 71.06253397146403, 'ecr_6_5': 660.0, 'sx_6': 59.99999999999999, 'x_7': 59.99999999999999, 'x_8': 59.99999999999999, 'ecr_28_29': 660.0, 'rz_29': 48.76890211472348, 'sx_29': 59.99999999999999, 'ecr_30_29': 660.0, 'rz_30': 48.68903567605088, 'sx_30': 59.99999999999999, 'ecr_48_47': 660.0, 'rz_48': 84.67026179417375, 'sx_48': 59.99999999999999, 'x_48': 59.99999999999999, 'ecr_49_48': 660.0, 'rz_49': 31.48903655189935, 'sx_49': 59.99999999999999, 'ecr_49_55': 660.0, 'ecr_50_49': 660.0, 'rz_50': 78.68191695342709, 'sx_50': 59.99999999999999, 'x_49': 59.99999999999999, 'ecr_50_51': 660.0, 'rz_55': 55.68580830433042, 'sx_55': 59.99999999999999, 'ecr_55_68': 660.0, 'rz_68': 61.91587579290432, 'sx_68': 59.99999999999999, 'ecr_68_69': 660.0, 'rz_69': 61.10132464860719, 'sx_69': 59.99999999999999, 'ecr_70_69': 660.0, 'rz_70': 64.36565174321423, 'sx_70': 59.99999999999999, 'x_70': 59.99999999999999, 'ecr_74_70': 660.0, 'rz_74': 91.03153543515238, 'sx_74': 59.99999999999999, 'ecr_89_74': 660.0, 'x_74': 59.99999999999999, 'rz_89': 59.63025396611568, 'sx_89': 59.99999999999999, 'ecr_89_88': 660.0, 'x_88': 59.99999999999999, 'rz_88': 46.069220679023786, 'ecr_88_87': 660.0, 'sx_88': 59.99999999999999, 'x_87': 59.99999999999999, 'rz_87': 79.04345162420867, 'ecr_87_93': 660.0, 'sx_87': 59.99999999999999, 'ecr_87_86': 660.0, 'x_86': 59.99999999999999, 'rz_86': 34.59524957338183, 'ecr_86_85': 660.0, 'sx_86': 59.99999999999999, 'rz_85': 72.30454227839388, 'sx_85': 59.99999999999999, 'ecr_73_85': 660.0, 'rz_73': 97.85332086244932, 'sx_73': 59.99999999999999, 'ecr_73_66': 660.0, 'rz_66': 79.08347467948626, 'sx_66': 59.99999999999999, 'ecr_67_66': 660.0, 'rz_67': 28.451396379576135, 'sx_67': 59.99999999999999, 'ecr_67_68': 660.0, 'x_47': 59.99999999999999, 'x_54': 59.99999999999999, 'x_64': 59.99999999999999, 'ecr_64_65': 660.0, 'x_65': 59.99999999999999, 'rz_65': 80.30957331492557, 'ecr_65_66': 660.0, 'sx_65': 59.99999999999999, 'ecr_84_85': 660.0, 'rz_84': 11.157351055408428, 'sx_84': 59.99999999999999, 'ecr_84_83': 660.0, 'rz_83': 67.10732657159869, 'x_83': 59.99999999999999, 'ecr_82_83': 660.0, 'sx_83': 59.99999999999999, 'rz_82': 92.75243250278943, 'sx_82': 59.99999999999999, 'ecr_82_81': 660.0, 'x_81': 59.99999999999999, 'x_82': 59.99999999999999, 'ecr_83_92': 660.0, 'rz_92': 28.409152341249094, 'sx_92': 59.99999999999999, 'ecr_102_92': 660.0, 'rz_102': 19.801311388901453, 'sx_102': 59.99999999999999, 'ecr_102_103': 660.0, 'rz_103': 23.270548195804015, 'sx_103': 59.99999999999999, 'ecr_104_103': 660.0, 'rz_104': 26.03132150005847, 'sx_104': 59.99999999999999, 'x_102': 59.99999999999999, 'ecr_101_102': 660.0, 'rz_101': 82.52754149470242, 'sx_101': 59.99999999999999, 'ecr_101_100': 660.0, 'rz_100': 46.236725700170076, 'sx_100': 59.99999999999999, 'ecr_110_100': 660.0, 'rz_110': 82.3874439161051, 'sx_110': 59.99999999999999, 'x_110': 59.99999999999999, 'ecr_118_110': 660.0, 'rz_118': 10.37086242390031, 'sx_118': 59.99999999999999, 'x_101': 59.99999999999999, 'x_92': 59.99999999999999, 'x_79': 59.99999999999999, 'ecr_98_99': 660.0, 'rz_99': 50.80454330079827, 'sx_99': 59.99999999999999, 'ecr_99_100': 660.0, 'x_99': 59.99999999999999, 'x_85': 59.99999999999999, 'x_91': 59.99999999999999, 'x_100': 59.99999999999999, 'ecr_104_111': 660.0, 'rz_111': 20.51368557767147, 'sx_111': 59.99999999999999, 'x_103': 59.99999999999999, 'x_55': 59.99999999999999, 'rz_76': 70.70795397846564, 'sx_76': 59.99999999999999, 'x_104': 59.99999999999999, 'measure_118': 1400.0}","{'4': 0.09830000000000005, '5': 0.011199999999999988, '6': 0.012399999999999967, '7': 0.014499999999999957, '8': 0.02410000000000001, '9': 0.006299999999999972, '10': 0.02069999999999994, '12': 0.00660000000000005, '15': 0.009300000000000086, '16': 0.008099999999999996, '17': 0.007800000000000029, '18': 0.11780000000000002, '19': 0.009800000000000031, '21': 0.008900000000000019, '22': 0.033299999999999996, '23': 0.00649999999999995, '24': 0.02980000000000005, '25': 0.053200000000000025, '26': 0.005800000000000027, '27': 0.03380000000000005, '28': 0.039000000000000035, '29': 0.020000000000000018, '30': 0.011300000000000088, '31': 0.006800000000000028, '32': 0.010699999999999932, '33': 0.02180000000000004, '34': 0.03590000000000004, '35': 0.017000000000000015, '36': 0.006199999999999983, '37': 0.1472, '38': 0.03920000000000001, '39': 0.07040000000000002, '40': 0.01089999999999991, '41': 0.009600000000000053, '42': 0.0043999999999999595, '43': 0.014100000000000001, '44': 0.0042999999999999705, '45': 0.007500000000000062, '46': 0.009800000000000031, '47': 0.012599999999999945, '48': 0.057700000000000085, '49': 0.006000000000000005, '50': 0.005800000000000027, '51': 0.017199999999999993, '52': 0.013500000000000068, '53': 0.009600000000000053, '54': 0.010299999999999976, '55': 0.005300000000000082, '56': 0.012499999999999956, '57': 0.11339999999999995, '58': 0.0393, '59': 0.007400000000000073, '60': 0.010700000000000043, '61': 0.017300000000000093, '62': 0.00990000000000002, '63': 0.006099999999999994, '64': 0.009299999999999975, '65': 0.0047000000000000375, '66': 0.0121, '67': 0.005700000000000038, '68': 0.05390000000000006, '69': 0.017100000000000004, '70': 0.011800000000000033, '71': 0.02859999999999996, '72': 0.015199999999999991, '73': 0.005400000000000071, '74': 0.005600000000000049, '75': 0.04170000000000007, '76': 0.10660000000000003, '77': 0.10270000000000001, '78': 0.014100000000000001, '79': 0.018000000000000016, '80': 0.01639999999999997, '81': 0.019000000000000017, '82': 0.0046999999999999265, '83': 0.013700000000000045, '84': 0.010199999999999987, '85': 0.0043999999999999595, '86': 0.010399999999999965, '87': 0.02310000000000001, '88': 0.0046999999999999265, '89': 0.006599999999999939, '91': 0.07329999999999992, '92': 0.013600000000000056, '93': 0.0474, '96': 0.014599999999999946, '97': 0.03689999999999993, '98': 0.07220000000000004, '99': 0.011900000000000022, '100': 0.009199999999999986, '101': 0.05580000000000007, '102': 0.01090000000000002, '103': 0.015199999999999991, '104': 0.04590000000000005, '105': 0.06709999999999994, '106': 0.02320000000000011, '109': 0.009600000000000053, '110': 0.024699999999999944, '111': 0.04299999999999993, '118': 0.030100000000000016}"
2,osaka,127,9380,"{'rz_4': 0.0003732291292923433, 'sx_4': 0.00019620049007449756, 'rz_7': 0.0008062268344179909, 'sx_7': 0.0002978821216994441, 'rz_8': 0.002956111869821644, 'sx_8': 0.0006036568718894249, 'rz_9': 0.0021362048110394223, 'rz_10': 0.0027869654043500753, 'sx_10': 0.00021206743044581764, 'rz_11': 0.002428510074013673, 'sx_11': 0.0004686951865877799, 'rz_12': 0.0011114167245979479, 'sx_12': 0.00017027259413543794, 'rz_14': 0.004151338036112761, 'sx_14': 0.00022169132074178986, 'rz_15': 0.004981632621445077, 'sx_15': 0.0003812185257724515, 'rz_16': 0.004556270067380477, 'sx_16': 0.046165690727967064, 'rz_17': 0.00017438716523469905, 'sx_17': 0.00016007841611411348, 'rz_18': 0.0020523094324135117, 'sx_18': 0.00015580306889226227, 'rz_19': 0.0019093070823343215, 'sx_19': 0.00029052957117449684, 'rz_20': 0.003683255920942679, 'sx_20': 0.0013157854974806158, 'sx_21': 0.0003305187910749113, 'rz_21': 0.0032837913467628466, 'ecr_21_20': 0.03475118547012798, 'rz_22': 0.004021059696722051, 'sx_22': 0.00011263543608802262, 'ecr_21_22': 0.004921657442317484, 'rz_23': 0.0006935754943299889, 'sx_23': 0.00015705915525101859, 'ecr_23_22': 0.005232321682196589, 'x_23': 0.00015705915525101859, 'rz_24': 0.004678154312645008, 'sx_24': 0.00014127130546466184, 'ecr_24_23': 0.02072398588698457, 'rz_25': 0.0022603107173316704, 'sx_25': 0.00013668670434371656, 'rz_26': 0.00023570204819809337, 'sx_26': 0.00029176893304830477, 'ecr_25_26': 0.003961459145020302, 'x_25': 0.00013668670434371656, 'ecr_24_25': 0.004444532574574861, 'x_24': 0.00014127130546466184, 'rz_27': 0.0005932890469276704, 'sx_27': 0.0001308659662782636, 'ecr_27_26': 0.003674716414336615, 'rz_28': 0.00012224164035593206, 'sx_28': 0.0003300102165584192, 'ecr_27_28': 0.008262058715877874, 'rz_29': 0.0034452754837861785, 'sx_29': 0.0001291473320950602, 'rz_30': 0.003087133740436767, 'sx_30': 0.00025932421004350176, 'rz_31': 0.004551607190061169, 'sx_31': 0.0001145303765486593, 'rz_32': 0.0010107949855951476, 'sx_32': 0.00010445284117941576, 'rz_33': 0.004804813733397762, 'sx_33': 0.0007493795655077634, 'rz_34': 0.004326857775639461, 'sx_34': 0.0006755749476534523, 'ecr_24_34': 0.006403363003970319, 'rz_35': 0.0023607481460328175, 'sx_35': 0.0009796515724777748, 'rz_36': 0.0029963593990485027, 'sx_36': 8.616350763338853e-05, 'rz_37': 0.003059679472556935, 'sx_37': 0.0003410986595405472, 'rz_38': 0.0030153295072839034, 'sx_38': 0.00018022669473753995, 'rz_39': 0.0035436218060162193, 'sx_39': 0.00021266273786970836, 'rz_40': 0.00028763098421419705, 'rz_41': 0.004932576023408444, 'sx_41': 0.0001856553953914548, 'rz_42': 0.0001790260472818186, 'sx_42': 0.0003263323278843491, 'rz_43': 0.0020521949515148728, 'sx_43': 0.00018148473048581657, 'ecr_43_34': 0.004554500887526014, 'x_34': 0.0006755749476534523, 'rz_44': 0.0029013668835472044, 'sx_44': 0.00016708118253505724, 'ecr_43_44': 0.005139100242872813, 'ecr_20_19': 0.022392431750186736, 'ecr_18_19': 0.011230989554344345, 'x_18': 0.00015580306889226227, 'ecr_14_18': 0.005870619979882807, 'x_20': 0.0013157854974806158, 'x_22': 0.00011263543608802262, 'ecr_22_15': 0.006184158414332258, 'x_15': 0.0003812185257724515, 'ecr_15_4': 0.012819986528342486, 'x_19': 0.00029052957117449684, 'ecr_33_20': 0.01902829780192572, 'ecr_39_33': 0.03742728639541634, 'x_33': 0.0007493795655077634, 'ecr_40_39': 0.004797327649522537, 'sx_40': 0.0002763120250644696, 'ecr_39_38': 0.007321049466457175, 'x_39': 0.00021266273786970836, 'ecr_40_41': 0.006935514088220046, 'x_40': 0.0002763120250644696, 'x_41': 0.0001856553953914548, 'rz_45': 0.004287893326931105, 'sx_45': 0.00022426360748251025, 'rz_46': 0.0018900540582770713, 'sx_46': 0.00015991325660667663, 'rz_47': 0.003926424694900403, 'sx_47': 0.00013310726912429748, 'ecr_46_47': 0.005574028083900701, 'ecr_45_46': 0.005120961311113309, 'ecr_45_44': 0.004770686632318749, 'x_43': 0.00018148473048581657, 'ecr_42_43': 0.005105359746355453, 'ecr_42_41': 0.008546164290057251, 'rz_48': 0.0003329302159438387, 'sx_48': 0.0002457805772479703, 'ecr_48_47': 0.005299005143520191, 'x_46': 0.00015991325660667663, 'rz_49': 0.0007972106676088542, 'sx_49': 0.00025838655086103316, 'rz_50': 0.003452526149592708, 'sx_50': 0.00015288587330591867, 'rz_51': 0.004438178148312377, 'sx_51': 0.0011922357163374224, 'ecr_50_51': 0.016485347424710917, 'ecr_51_36': 0.03272426202047382, 'x_36': 8.616350763338853e-05, 'ecr_36_32': 0.0034304569396330364, 'ecr_31_32': 0.0043938046549509, 'x_31': 0.0001145303765486593, 'rz_52': 0.004887515562335525, 'sx_52': 0.00027135010897845176, 'rz_53': 0.004711028034956406, 'sx_53': 0.00022136368123539126, 'ecr_53_41': 0.005311007350779939, 'x_53': 0.00022136368123539126, 'rz_54': 0.0030161086025309023, 'sx_54': 0.00032671172700647855, 'ecr_45_54': 0.008300505732546815, 'rz_55': 0.0007513807974858415, 'rz_56': 0.0012918280078523942, 'sx_56': 0.00029858674289990364, 'ecr_52_56': 0.009614942370296253, 'ecr_37_52': 0.004872108398306152, 'ecr_37_38': 0.004725236160356749, 'x_52': 0.00027135010897845176, 'x_56': 0.00029858674289990364, 'rz_57': 0.0008813259878241815, 'sx_57': 0.0002698932689622074, 'rz_58': 0.000522575308013739, 'sx_58': 0.0010417343495546603, 'ecr_57_58': 0.010012003529522168, 'rz_59': 0.002219655116662687, 'sx_59': 0.00011802385156680545, 'ecr_59_58': 0.00514940511226239, 'rz_60': 0.002834185746125413, 'sx_60': 0.00021031341095321048, 'ecr_60_53': 0.005908191680921909, 'x_60': 0.00021031341095321048, 'rz_61': 0.003292439736916913, 'sx_61': 0.0058757492374876385, 'ecr_61_60': 1, 'rz_62': 0.0037987187921456125, 'sx_62': 0.00018235589496015388, 'ecr_61_62': 1, 'x_62': 0.00018235589496015388, 'rz_63': 0.002275287224497359, 'sx_63': 0.000519030080698049, 'rz_64': 0.004779601766318438, 'sx_64': 0.00032045445612460295, 'ecr_64_63': 0.011469781397381945, 'ecr_63_62': 0.0049659194598278555, 'ecr_64_54': 0.1320324010772479, 'rz_65': 0.0027952670907585827, 'sx_65': 0.00012222194400362117, 'rz_66': 0.00035407214943094416, 'sx_66': 0.0012265753626636367, 'ecr_66_65': 0.01793963446442645, 'x_65': 0.00012222194400362117, 'rz_67': 0.00409371486959972, 'sx_67': 0.00034835242124689757, 'rz_68': 0.001211311796772448, 'sx_68': 0.00021327487368637913, 'rz_71': 0.0004779119320794868, 'sx_71': 0.0006967945672939045, 'rz_72': 0.0019777575490167996, 'sx_72': 0.013390619259942635, 'ecr_62_72': 0.04588728661033403, 'rz_73': 0.0007961870872258572, 'sx_73': 0.00044838462140609614, 'rz_75': 0.0040594580682980315, 'sx_75': 0.00010316359621592361, 'rz_76': 0.0012987612671350249, 'sx_76': 0.000229104780345882, 'rz_77': 0.0040339837510887724, 'sx_77': 0.0001966394413969974, 'rz_78': 0.0024990810863184634, 'sx_78': 0.00012067807978582325, 'rz_79': 0.0025539994034029035, 'sx_79': 0.0001492206273721147, 'rz_80': 0.00131432404927912, 'sx_80': 0.00023009170410744938, 'rz_81': 0.001721890023351032, 'sx_81': 0.0007937476169402851, 'ecr_81_72': 0.06387813532632433, 'ecr_81_80': 0.014015427685196036, 'ecr_79_80': 0.005438507447434099, 'rz_82': 0.004523088525024097, 'sx_82': 0.00022620444051720502, 'rz_83': 0.004860647194941841, 'sx_83': 0.00022019851898459833, 'rz_84': 0.0019322919340001633, 'sx_84': 0.0003039799231837115, 'rz_85': 0.004092703017024387, 'sx_85': 0.0002223668258468905, 'rz_86': 0.00498990547265009, 'sx_86': 0.0003823435347565912, 'rz_87': 0.0019438323937422423, 'sx_87': 0.00020798335237230803, 'ecr_87_86': 0.009714808316502899, 'x_86': 0.0003823435347565912, 'rz_90': 0.0036758302891504524, 'sx_90': 0.00014669424127955943, 'rz_91': 0.0007881228382154377, 'ecr_91_79': 0.00265344439330481, 'sx_91': 0.0001653231540026343, 'ecr_78_79': 0.01064888991632279, 'ecr_78_77': 0.005104544538708317, 'ecr_71_77': 0.01304646651410335, 'x_71': 0.0006967945672939045, 'x_79': 0.0001492206273721147, 'rz_92': 0.001412757812385521, 'sx_92': 0.0005098246343494168, 'rz_93': 0.0022435809690546935, 'sx_93': 0.0013951052766807007, 'rz_94': 0.001797633582840043, 'sx_94': 0.00012923938532533939, 'rz_95': 0.00087997920289673, 'sx_95': 0.00019000549684696538, 'rz_96': 0.0032189161790258662, 'sx_96': 0.0001417230776574516, 'rz_97': 0.002071972424353074, 'sx_97': 0.00018471915917169692, 'rz_98': 0.003013984726537608, 'sx_98': 0.00017571959642702326, 'ecr_98_91': 0.0050167720598861265, 'x_91': 0.0001653231540026343, 'ecr_76_77': 0.004454949575668027, 'x_76': 0.000229104780345882, 'ecr_75_76': 0.004499225410172142, 'ecr_97_98': 0.0056504413936140085, 'x_98': 0.00017571959642702326, 'rz_99': 0.0005402250147271595, 'sx_99': 0.0007073557869489231, 'ecr_99_98': 0.005928834459515614, 'x_97': 0.00018471915917169692, 'ecr_96_97': 0.004533225786569284, 'ecr_96_95': 0.004212123060092249, 'ecr_94_95': 0.0033999550023593172, 'x_94': 0.00012923938532533939, 'ecr_90_94': 0.004369563199283971, 'x_95': 0.00019000549684696538, 'rz_100': 0.0012970152011580964, 'sx_100': 0.0001536907386447324, 'rz_101': 0.0015042532092185315, 'sx_101': 0.0001685639257694345, 'rz_102': 0.0031979546021583503, 'sx_102': 0.00013650238666287136, 'rz_103': 0.0020615748207525467, 'sx_103': 0.0004862208687059316, 'rz_104': 0.004920118924645471, 'sx_104': 0.00018099216037912406, 'ecr_103_104': 0.005519993640233228, 'x_103': 0.0004862208687059316, 'rz_105': 0.004076050602133318, 'sx_105': 0.0002000064709447962, 'ecr_104_105': 0.004432731628111253, 'rz_106': 0.004034191098365781, 'sx_106': 0.06257514738159053, 'rz_107': 0.0017270183275851887, 'sx_107': 0.00011332273911898898, 'ecr_106_107': 1, 'ecr_93_106': 1, 'x_93': 0.0013951052766807007, 'rz_109': 0.0028395966192166808, 'sx_109': 0.00020867940221916122, 'rz_110': 0.0007580999618346201, 'sx_110': 0.00027583261285528903, 'rz_111': 0.003842923009538461, 'sx_111': 0.0019946271847337067, 'rz_114': 0.0008689724177810779, 'sx_114': 0.0006499818968778413, 'rz_115': 0.0013088054872664498, 'sx_115': 0.00013140670688411508, 'ecr_114_115': 0.007743205390740249, 'ecr_109_114': 0.005787598490772344, 'ecr_96_109': 0.007564666870092496, 'x_109': 0.00020867940221916122, 'ecr_100_99': 0.005492417297563584, 'x_99': 0.0007073557869489231, 'ecr_100_110': 0.004552517957654434, 'ecr_101_100': 0.006387656148271775, 'x_100': 0.0001536907386447324, 'rz_116': 0.0041129523320545735, 'sx_116': 0.00014883868890068884, 'ecr_115_116': 0.007918116260583613, 'x_116': 0.00014883868890068884, 'rz_117': 0.0031008670844267726, 'sx_117': 0.0005024004322690786, 'ecr_116_117': 0.005050870226030957, 'rz_118': 0.0014357830729596766, 'ecr_110_118': 0.013047291516487203, 'sx_118': 0.0007308644866713053, 'ecr_117_118': 0.010347382080158812, 'x_118': 0.0007308644866713053, 'rz_119': 0.002397245938221231, 'sx_119': 0.0006608619358847429, 'ecr_119_118': 0.015144971904529458, 'x_110': 0.00027583261285528903, 'rz_120': 0.0007198092709912158, 'sx_120': 0.00236747436421675, 'ecr_120_119': 0.008356332117405746, 'x_119': 0.0006608619358847429, 'rz_121': 0.00022324168636967128, 'sx_121': 0.0001321685432718731, 'ecr_120_121': 0.013146249834067203, 'ecr_101_102': 0.003450757295155843, 'x_102': 0.00013650238666287136, 'ecr_103_102': 0.003351179379121938, 'x_104': 0.00018099216037912406, 'ecr_104_111': 0.02673774592962533, 'x_105': 0.0002000064709447962, 'x_121': 0.0001321685432718731, 'ecr_92_102': 0.00838208005110977, 'ecr_92_83': 0.007450723472758741, 'x_83': 0.00022019851898459833, 'ecr_83_82': 0.006952996483044177, 'ecr_81_82': 0.017937821023838035, 'x_61': 0.0058757492374876385, 'x_63': 0.000519030080698049, 'ecr_65_64': 0.008239625590679395, 'x_64': 0.00032045445612460295, 'ecr_66_73': 0.017549822023342848, 'x_72': 0.013390619259942635, 'ecr_59_60': 0.004587958219239852, 'x_58': 0.0010417343495546603, 'ecr_58_71': 0.014863496334489273, 'x_81': 0.0007937476169402851, 'x_92': 0.0005098246343494168, 'rz_122': 0.0008800220552702444, 'sx_122': 0.0010983786365008125, 'ecr_122_111': 0.02848652439153332, 'x_82': 0.00022620444051720502, 'ecr_84_83': 0.004557364487038196, 'x_84': 0.0003039799231837115, 'ecr_85_84': 0.00341501831233465, 'ecr_86_85': 0.007211442535734802, 'ecr_87_93': 0.020719914280263735, 'x_85': 0.0002223668258468905, 'x_106': 0.06257514738159053, 'ecr_85_73': 0.004640499649225804, 'x_66': 0.0012265753626636367, 'ecr_67_66': 0.019381806213801478, 'ecr_68_67': 0.005903148927233731, 'x_67': 0.00034835242124689757, 'ecr_68_55': 0.0069226049239527465, 'sx_55': 0.00040241770558698057, 'ecr_55_49': 0.0044152379831521316, 'ecr_48_49': 0.010053033793070182, 'x_47': 0.00013310726912429748, 'x_55': 0.00040241770558698057, 'x_48': 0.0002457805772479703, 'ecr_35_47': 0.011298842523843972, 'ecr_28_35': 0.012611438156625965, 'x_35': 0.0009796515724777748, 'x_49': 0.00025838655086103316, 'ecr_49_50': 0.007002928835944944, 'ecr_28_29': 0.003839742357196807, 'ecr_30_29': 0.007260577390587025, 'ecr_17_30': 0.005314582173236687, 'x_17': 0.00016007841611411348, 'x_30': 0.00025932421004350176, 'ecr_31_30': 0.005183619529592315, 'ecr_16_26': 1, 'x_28': 0.0003300102165584192, 'x_51': 0.0011922357163374224, 'ecr_8_16': 1, 'x_16': 0.046165690727967064, 'ecr_7_8': 0.024530122995848502, 'x_8': 0.0006036568718894249, 'ecr_9_8': 0.018930528348731934, 'sx_9': 0.00042151833221229295, 'x_26': 0.00029176893304830477, 'x_27': 0.0001308659662782636, 'x_7': 0.0002978821216994441, 'x_45': 0.00022426360748251025, 'ecr_17_12': 0.004164971423533892, 'x_12': 0.00017027259413543794, 'ecr_12_11': 0.014970816495943007, 'x_11': 0.0004686951865877799, 'ecr_11_10': 0.008596470991316302, 'ecr_9_10': 0.006866810752438807, 'x_9': 0.00042151833221229295, 'x_29': 0.0001291473320950602, 'x_10': 0.00021206743044581764, 'ecr_57_56': 0.0062821050191889105, 'ecr_105_106': 1, 'x_101': 0.0001685639257694345, 'x_68': 0.00021327487368637913, 'x_122': 0.0010983786365008125, 'ecr_121_122': 0.009785132784108919, 'x_117': 0.0005024004322690786, 'x_73': 0.00044838462140609614, 'ecr_90_75': 0.004362661609445567, 'x_96': 0.0001417230776574516, 'x_80': 0.00023009170410744938, 'x_50': 0.00015288587330591867, 'measure_16': 0.4387, 'measure_8': 0.4084, 'measure_26': 0.010199999999999987, 'measure_7': 0.008499999999999952, 'measure_27': 0.011700000000000044, 'measure_28': 0.0050000000000000044, 'measure_35': 0.023800000000000043, 'measure_47': 0.009600000000000053, 'measure_48': 0.02429999999999999, 'measure_49': 0.008299999999999974, 'measure_55': 0.011399999999999966, 'measure_68': 0.0645, 'measure_67': 0.05370000000000008, 'measure_66': 0.05049999999999999, 'measure_73': 0.007400000000000073, 'measure_84': 0.014599999999999946, 'measure_85': 0.015000000000000013, 'measure_83': 0.005299999999999971, 'measure_82': 0.010199999999999987, 'measure_92': 0.017000000000000015, 'measure_102': 0.016000000000000014, 'measure_81': 0.13119999999999998, 'measure_72': 0.057699999999999974, 'measure_63': 0.0049000000000000155, 'measure_62': 0.01419999999999999, 'measure_64': 0.005600000000000049, 'measure_54': 0.015199999999999991, 'measure_44': 0.010199999999999987, 'measure_50': 0.010399999999999965, 'measure_61': 0.30499999999999994, 'measure_41': 0.041100000000000025, 'measure_60': 0.03400000000000003, 'measure_42': 0.006000000000000005, 'measure_40': 0.006699999999999928, 'measure_39': 0.08000000000000007, 'measure_53': 0.009199999999999986, 'measure_18': 0.00539999999999996, 'measure_21': 0.017800000000000038, 'measure_33': 0.008333333333333304, 'measure_20': 0.03300000000000003, 'measure_15': 0.008299999999999974, 'measure_79': 0.02190000000000003, 'measure_91': 0.07840000000000003, 'measure_45': 0.03210000000000002, 'measure_59': 0.019400000000000084, 'measure_98': 0.009700000000000042, 'measure_80': 0.09570000000000001, 'measure_46': 0.15569999999999995, 'measure_97': 0.010099999999999998, 'measure_100': 0.07600000000000007, 'measure_78': 0.027800000000000047, 'measure_96': 0.07030000000000003, 'measure_95': 0.01079999999999992, 'measure_109': 0.06289999999999996, 'measure_77': 0.19379999999999997, 'measure_94': 0.009800000000000031, 'measure_90': 0.018900000000000028, 'measure_118': 0.07450000000000001, 'measure_75': 0.028100000000000014, 'measure_114': 0.01429999999999998, 'measure_110': 0.053199999999999914, 'measure_71': 0.032299999999999995, 'measure_101': 0.010499999999999954, 'measure_119': 0.006900000000000017, 'measure_30': 0.06320000000000003, 'measure_120': 0.03980000000000006, 'measure_103': 0.009700000000000042, 'measure_23': 0.007000000000000006, 'measure_104': 0.04469999999999996, 'measure_57': 0.007600000000000051, 'measure_65': 0.019000000000000017, 'measure_111': 0.03689999999999993, 'measure_116': 0.04510000000000003, 'measure_105': 0.06170000000000009, 'measure_34': 0.02970000000000006, 'measure_24': 0.005800000000000027, 'measure_122': 0.026799999999999935, 'measure_14': 0.10470000000000002, 'measure_99': 0.021099999999999897, 'measure_19': 0.009000000000000008, 'measure_43': 0.017800000000000038, 'measure_4': 0.06166666666666665, 'measure_25': 0.0036000000000000476, 'measure_22': 0.07430000000000003, 'measure_76': 0.01639999999999997, 'measure_38': 0.044499999999999984, 'measure_121': 0.027700000000000058, 'measure_9': 0.012800000000000034, 'measure_87': 0.046699999999999964, 'measure_58': 0.10629999999999995, 'measure_31': 0.010000000000000009, 'measure_86': 0.04489999999999994, 'measure_117': 0.015000000000000013, 'measure_106': 0.20189999999999997, 'measure_107': 0.026499999999999968, 'measure_56': 0.024399999999999977, 'measure_93': 0.04410000000000003, 'measure_32': 0.008199999999999985, 'measure_29': 0.007800000000000029, 'measure_10': 0.08610000000000007}","{'rz_20': 25.908319328941317, 'sx_20': 59.99999999999999, 'ecr_21_20': 660.0, 'rz_21': 92.31028566698876, 'ecr_21_22': 660.0, 'sx_21': 59.99999999999999, 'rz_22': 13.571229732553423, 'sx_22': 59.99999999999999, 'ecr_23_22': 660.0, 'rz_23': 24.52618216115321, 'sx_23': 59.99999999999999, 'x_23': 59.99999999999999, 'ecr_24_23': 660.0, 'rz_24': 39.4051890762858, 'sx_24': 59.99999999999999, 'ecr_24_25': 660.0, 'rz_25': 11.409583584398554, 'sx_25': 59.99999999999999, 'ecr_25_26': 660.0, 'ecr_24_34': 660.0, 'rz_34': 37.670631847760035, 'sx_34': 59.99999999999999, 'ecr_43_34': 660.0, 'rz_43': 87.55395637674661, 'sx_43': 59.99999999999999, 'ecr_43_44': 660.0, 'ecr_20_19': 748.0, 'rz_19': 81.54233580846179, 'sx_19': 59.99999999999999, 'ecr_18_19': 660.0, 'rz_18': 42.57033382146818, 'sx_18': 59.99999999999999, 'x_18': 59.99999999999999, 'ecr_14_18': 660.0, 'rz_14': 68.56539325804718, 'sx_14': 59.99999999999999, 'x_20': 59.99999999999999, 'ecr_33_20': 660.0, 'x_22': 59.99999999999999, 'ecr_22_15': 660.0, 'rz_15': 42.25411806898325, 'sx_15': 59.99999999999999, 'ecr_15_4': 660.0, 'x_15': 59.99999999999999, 'rz_33': 97.99807339448549, 'sx_33': 59.99999999999999, 'x_33': 59.99999999999999, 'ecr_39_33': 660.0, 'rz_39': 90.46416317501343, 'sx_39': 59.99999999999999, 'ecr_40_39': 660.0, 'rz_40': 56.379078252458626, 'sx_40': 59.99999999999999, 'ecr_39_38': 660.0, 'x_39': 59.99999999999999, 'x_40': 59.99999999999999, 'ecr_40_41': 660.0, 'rz_41': 14.703561443023208, 'x_41': 59.99999999999999, 'ecr_42_41': 660.0, 'sx_41': 59.99999999999999, 'ecr_53_41': 660.0, 'rz_53': 74.40253587518522, 'sx_53': 59.99999999999999, 'x_53': 59.99999999999999, 'ecr_60_53': 660.0, 'rz_60': 91.93592358213571, 'sx_60': 59.99999999999999, 'x_60': 59.99999999999999, 'ecr_61_60': 660.0, 'rz_61': 89.32143445989584, 'sx_61': 59.99999999999999, 'ecr_61_62': 660.0, 'rz_62': 19.622382276335703, 'x_62': 59.99999999999999, 'ecr_63_62': 660.0, 'sx_62': 59.99999999999999, 'rz_63': 58.73266775398476, 'sx_63': 59.99999999999999, 'ecr_64_63': 660.0, 'rz_64': 38.15833178620302, 'sx_64': 59.99999999999999, 'ecr_62_72': 660.0, 'rz_72': 36.206324139159676, 'sx_72': 59.99999999999999, 'ecr_81_72': 660.0, 'rz_81': 77.60584335281112, 'sx_81': 59.99999999999999, 'ecr_81_80': 660.0, 'rz_80': 89.46838694401997, 'sx_80': 59.99999999999999, 'ecr_79_80': 660.0, 'rz_79': 45.331717461254755, 'sx_79': 59.99999999999999, 'ecr_91_79': 660.0, 'rz_91': 13.875153007997348, 'sx_91': 59.99999999999999, 'ecr_78_79': 660.0, 'rz_78': 14.393182792064207, 'sx_78': 59.99999999999999, 'ecr_78_77': 660.0, 'x_91': 59.99999999999999, 'ecr_98_91': 660.0, 'rz_98': 45.806421597403755, 'ecr_99_98': 660.0, 'sx_98': 59.99999999999999, 'ecr_97_98': 660.0, 'rz_97': 64.48941774139476, 'sx_97': 59.99999999999999, 'x_97': 59.99999999999999, 'ecr_96_97': 660.0, 'rz_96': 92.63546561364312, 'sx_96': 59.99999999999999, 'ecr_96_95': 660.0, 'rz_95': 84.59462107474391, 'sx_95': 59.99999999999999, 'ecr_94_95': 660.0, 'rz_94': 44.08302341503164, 'sx_94': 59.99999999999999, 'x_94': 59.99999999999999, 'ecr_90_94': 660.0, 'rz_90': 48.75738297306043, 'sx_90': 59.99999999999999, 'ecr_96_109': 660.0, 'rz_109': 77.87269585667822, 'sx_109': 59.99999999999999, 'rz_99': 18.383749062350688, 'sx_99': 59.99999999999999, 'ecr_100_99': 660.0, 'rz_100': 50.62192275782487, 'sx_100': 59.99999999999999, 'ecr_100_110': 660.0, 'rz_110': 98.5706575725694, 'sx_110': 59.99999999999999, 'ecr_101_100': 660.0, 'x_100': 59.99999999999999, 'ecr_110_118': 660.0, 'rz_118': 84.6897730569779, 'sx_118': 59.99999999999999, 'ecr_117_118': 660.0, 'rz_117': 58.894212965875354, 'sx_117': 59.99999999999999, 'ecr_116_117': 660.0, 'rz_116': 64.5809029680756, 'sx_116': 59.99999999999999, 'x_118': 59.99999999999999, 'ecr_119_118': 660.0, 'rz_119': 84.49460784932741, 'sx_119': 59.99999999999999, 'ecr_120_119': 660.0, 'rz_120': 34.60701799079335, 'sx_120': 59.99999999999999, 'x_119': 59.99999999999999, 'rz_101': 30.622546024507987, 'sx_101': 59.99999999999999, 'ecr_101_102': 660.0, 'rz_102': 20.871537685841385, 'x_102': 59.99999999999999, 'ecr_103_102': 660.0, 'sx_102': 59.99999999999999, 'rz_103': 83.64262894753719, 'sx_103': 59.99999999999999, 'ecr_103_104': 660.0, 'x_104': 59.99999999999999, 'rz_104': 40.32272478698005, 'ecr_104_105': 660.0, 'sx_104': 59.99999999999999, 'x_103': 59.99999999999999, 'ecr_92_102': 660.0, 'rz_92': 16.46446832557794, 'sx_92': 59.99999999999999, 'ecr_92_83': 660.0, 'x_83': 59.99999999999999, 'rz_83': 35.274118944348615, 'ecr_83_82': 660.0, 'sx_83': 59.99999999999999, 'rz_82': 38.89999753754595, 'sx_82': 59.99999999999999, 'ecr_81_82': 660.0, 'x_61': 59.99999999999999, 'x_63': 59.99999999999999, 'ecr_64_54': 428.0, 'rz_54': 23.15162257721984, 'sx_54': 59.99999999999999, 'ecr_65_64': 660.0, 'rz_65': 46.75218973275131, 'sx_65': 59.99999999999999, 'ecr_66_65': 660.0, 'rz_66': 92.71970798002042, 'sx_66': 59.99999999999999, 'ecr_59_60': 660.0, 'rz_59': 66.3648439957982, 'sx_59': 59.99999999999999, 'x_81': 59.99999999999999, 'ecr_84_83': 660.0, 'rz_84': 17.08914121626651, 'sx_84': 59.99999999999999, 'x_84': 59.99999999999999, 'ecr_85_84': 660.0, 'rz_85': 41.46084388751865, 'sx_85': 59.99999999999999, 'ecr_86_85': 660.0, 'rz_86': 84.48616742170928, 'sx_86': 59.99999999999999, 'ecr_87_86': 660.0, 'rz_87': 76.13844136666364, 'sx_87': 59.99999999999999, 'ecr_87_93': 660.0, 'x_86': 59.99999999999999, 'x_85': 59.99999999999999, 'ecr_85_73': 660.0, 'rz_73': 65.74411518281111, 'sx_73': 59.99999999999999, 'ecr_66_73': 660.0, 'ecr_67_66': 660.0, 'x_66': 59.99999999999999, 'rz_67': 27.903558212601983, 'sx_67': 59.99999999999999, 'x_67': 59.99999999999999, 'ecr_68_67': 660.0, 'rz_68': 88.1236007035814, 'sx_68': 59.99999999999999, 'ecr_68_55': 660.0, 'rz_55': 43.65807843413832, 'sx_55': 59.99999999999999, 'ecr_55_49': 660.0, 'rz_49': 78.80446324093732, 'sx_49': 59.99999999999999, 'ecr_48_49': 660.0, 'rz_48': 98.89842984057493, 'sx_48': 59.99999999999999, 'ecr_48_47': 660.0, 'rz_47': 70.95846502215743, 'x_47': 59.99999999999999, 'ecr_46_47': 660.0, 'sx_47': 59.99999999999999, 'rz_46': 47.5063568176924, 'sx_46': 59.99999999999999, 'ecr_45_46': 660.0, 'rz_45': 74.70125914185081, 'sx_45': 59.99999999999999, 'ecr_35_47': 660.0, 'rz_35': 86.67744221356567, 'sx_35': 59.99999999999999, 'ecr_28_35': 660.0, 'rz_28': 20.792634645196983, 'sx_28': 59.99999999999999, 'ecr_28_29': 660.0, 'rz_29': 72.62058839859829, 'sx_29': 59.99999999999999, 'ecr_30_29': 660.0, 'rz_30': 66.746859759551, 'sx_30': 59.99999999999999, 'ecr_17_30': 660.0, 'x_30': 59.99999999999999, 'ecr_31_30': 660.0, 'x_28': 59.99999999999999, 'ecr_27_28': 660.0, 'rz_27': 56.06829800376784, 'sx_27': 59.99999999999999, 'ecr_27_26': 660.0, 'rz_26': 15.74897616707534, 'sx_26': 59.99999999999999, 'ecr_16_26': 660.0, 'rz_16': 33.364368863569005, 'sx_16': 59.99999999999999, 'ecr_8_16': 660.0, 'rz_8': 29.09258514723461, 'sx_8': 59.99999999999999, 'ecr_9_8': 660.0, 'rz_9': 58.43832826310765, 'sx_9': 59.99999999999999, 'x_16': 59.99999999999999, 'x_35': 59.99999999999999, 'x_29': 59.99999999999999, 'x_27': 59.99999999999999, 'x_46': 59.99999999999999, 'rz_17': 95.19973619963729, 'sx_17': 59.99999999999999, 'ecr_17_12': 660.0, 'x_12': 59.99999999999999, 'rz_12': 35.76225560312821, 'ecr_12_11': 660.0, 'sx_12': 59.99999999999999, 'x_11': 59.99999999999999, 'rz_11': 97.68822487238263, 'ecr_11_10': 660.0, 'sx_11': 59.99999999999999, 'rz_10': 63.03557205095913, 'sx_10': 59.99999999999999, 'ecr_9_10': 660.0, 'x_8': 59.99999999999999, 'x_9': 59.99999999999999, 'ecr_7_8': 660.0, 'x_26': 59.99999999999999, 'rz_7': 67.41835139612621, 'sx_7': 59.99999999999999, 'x_48': 59.99999999999999, 'x_55': 59.99999999999999, 'x_64': 59.99999999999999, 'x_65': 59.99999999999999, 'x_68': 59.99999999999999, 'x_49': 59.99999999999999, 'rz_42': 54.62235526387301, 'sx_42': 59.99999999999999, 'ecr_42_43': 660.0, 'x_43': 59.99999999999999, 'rz_44': 74.80100435294727, 'sx_44': 59.99999999999999, 'ecr_45_44': 660.0, 'ecr_49_50': 660.0, 'rz_50': 57.99623481758248, 'sx_50': 59.99999999999999, 'ecr_50_51': 660.0, 'x_51': 59.99999999999999, 'rz_51': 14.576952639331202, 'ecr_51_36': 660.0, 'sx_51': 59.99999999999999, 'x_36': 59.99999999999999, 'rz_36': 15.24471607057221, 'ecr_36_32': 660.0, 'sx_36': 59.99999999999999, 'rz_32': 90.4970066799824, 'sx_32': 59.99999999999999, 'ecr_31_32': 660.0, 'rz_31': 46.812474004637195, 'sx_31': 59.99999999999999, 'measure_10': 1400.0}","{'4': 0.06166666666666665, '7': 0.008499999999999952, '8': 0.4084, '9': 0.012800000000000034, '10': 0.08610000000000007, '14': 0.10470000000000002, '15': 0.008299999999999974, '16': 0.4387, '18': 0.00539999999999996, '19': 0.009000000000000008, '20': 0.03300000000000003, '21': 0.017800000000000038, '22': 0.07430000000000003, '23': 0.007000000000000006, '24': 0.005800000000000027, '25': 0.0036000000000000476, '26': 0.010199999999999987, '27': 0.011700000000000044, '28': 0.0050000000000000044, '29': 0.007800000000000029, '30': 0.06320000000000003, '31': 0.010000000000000009, '32': 0.008199999999999985, '33': 0.008333333333333304, '34': 0.02970000000000006, '35': 0.023800000000000043, '38': 0.044499999999999984, '39': 0.08000000000000007, '40': 0.006699999999999928, '41': 0.041100000000000025, '42': 0.006000000000000005, '43': 0.017800000000000038, '44': 0.010199999999999987, '45': 0.03210000000000002, '46': 0.15569999999999995, '47': 0.009600000000000053, '48': 0.02429999999999999, '49': 0.008299999999999974, '50': 0.010399999999999965, '53': 0.009199999999999986, '54': 0.015199999999999991, '55': 0.011399999999999966, '56': 0.024399999999999977, '57': 0.007600000000000051, '58': 0.10629999999999995, '59': 0.019400000000000084, '60': 0.03400000000000003, '61': 0.30499999999999994, '62': 0.01419999999999999, '63': 0.0049000000000000155, '64': 0.005600000000000049, '65': 0.019000000000000017, '66': 0.05049999999999999, '67': 0.05370000000000008, '68': 0.0645, '71': 0.032299999999999995, '72': 0.057699999999999974, '73': 0.007400000000000073, '75': 0.028100000000000014, '76': 0.01639999999999997, '77': 0.19379999999999997, '78': 0.027800000000000047, '79': 0.02190000000000003, '80': 0.09570000000000001, '81': 0.13119999999999998, '82': 0.010199999999999987, '83': 0.005299999999999971, '84': 0.014599999999999946, '85': 0.015000000000000013, '86': 0.04489999999999994, '87': 0.046699999999999964, '90': 0.018900000000000028, '91': 0.07840000000000003, '92': 0.017000000000000015, '93': 0.04410000000000003, '94': 0.009800000000000031, '95': 0.01079999999999992, '96': 0.07030000000000003, '97': 0.010099999999999998, '98': 0.009700000000000042, '99': 0.021099999999999897, '100': 0.07600000000000007, '101': 0.010499999999999954, '102': 0.016000000000000014, '103': 0.009700000000000042, '104': 0.04469999999999996, '105': 0.06170000000000009, '106': 0.20189999999999997, '107': 0.026499999999999968, '109': 0.06289999999999996, '110': 0.053199999999999914, '111': 0.03689999999999993, '114': 0.01429999999999998, '116': 0.04510000000000003, '117': 0.015000000000000013, '118': 0.07450000000000001, '119': 0.006900000000000017, '120': 0.03980000000000006, '121': 0.027700000000000058, '122': 0.026799999999999935}"
2,quebec,127,9814,"{'rz_4': 0.0012155434652679294, 'sx_4': 8.859577714871132e-05, 'rz_8': 0.003472603742517569, 'sx_8': 0.00014137992334417156, 'rz_9': 0.0026271243649614476, 'sx_9': 0.00026846754860579023, 'rz_15': 0.0018797242766186314, 'sx_15': 0.013784271863143328, 'ecr_4_15': 0.30675071861687725, 'rz_16': 0.0037163580993721792, 'sx_16': 0.00016813493719051428, 'rz_17': 0.0025656697514785725, 'sx_17': 0.024267688169940047, 'rz_18': 0.0028874121477164426, 'sx_18': 0.00018103354043555808, 'rz_19': 0.0020287342355012243, 'sx_19': 0.00020590619868459528, 'rz_20': 0.0034232175987108098, 'rz_21': 0.0002803256178376303, 'sx_21': 0.00011602658581243531, 'rz_22': 0.003810653814201568, 'sx_22': 0.0001459741936865149, 'rz_23': 0.0029625893458509966, 'rz_24': 0.0013250927662162657, 'rz_25': 0.00342331210401045, 'sx_25': 0.00017002109293143232, 'rz_26': 0.0007188854671350267, 'sx_26': 0.00020201239323797262, 'rz_27': 0.0027124117258146324, 'sx_27': 0.00013601873714362515, 'rz_28': 0.0007100812542433064, 'sx_28': 0.0005881521350660325, 'rz_29': 0.0015429165242299642, 'sx_29': 0.00014567346252345595, 'ecr_29_28': 0.012238087882015747, 'rz_30': 0.004975782301704991, 'sx_30': 0.00011347483942222916, 'ecr_30_29': 0.005090214730105125, 'rz_31': 0.0007186466543499713, 'sx_31': 0.0006185593358793935, 'rz_32': 0.004157078710528833, 'sx_32': 0.0002982174881558551, 'ecr_31_32': 0.00796127518627357, 'ecr_31_30': 0.014033767944059167, 'x_30': 0.00011347483942222916, 'rz_33': 0.0035702884502055968, 'sx_33': 0.00031789203351541555, 'rz_34': 0.00351542884235379, 'sx_34': 0.00020360751152420688, 'rz_35': 0.0038971753400849547, 'sx_35': 0.0003807150717269049, 'rz_36': 0.0012858687137956867, 'sx_36': 0.00037505726108583496, 'ecr_36_32': 0.007473363280077333, 'x_36': 0.00037505726108583496, 'rz_37': 0.004066186177615996, 'rz_38': 0.003558390983206492, 'sx_38': 0.00025585617579842166, 'rz_39': 0.003941721417665692, 'sx_39': 0.00014184272047992162, 'rz_40': 0.003268509529764893, 'sx_40': 0.00017772827063284726, 'rz_41': 0.0025953353877187233, 'sx_41': 0.00013663876955428625, 'rz_42': 0.0018548938192375184, 'sx_42': 0.0004343670878366889, 'rz_43': 0.002496895814711333, 'sx_43': 0.00021324935642992062, 'rz_44': 0.002308804680280768, 'sx_44': 0.0007236723352583269, 'rz_45': 0.0018610203786877646, 'sx_45': 0.0002551749970495202, 'rz_46': 0.0006859619551643628, 'sx_46': 0.0001694096134734232, 'ecr_46_45': 0.006005951479492205, 'ecr_44_45': 0.010987552382872162, 'x_44': 0.0007236723352583269, 'rz_47': 0.0031144289942816017, 'sx_47': 0.00021038731221089868, 'rz_48': 0.003047997219388006, 'sx_48': 0.00012379694399308934, 'rz_49': 0.0018523319547536826, 'sx_49': 0.0002937563507864488, 'rz_50': 0.0034544646039009388, 'sx_50': 0.0003412783777410498, 'rz_51': 0.0023631744012195506, 'sx_51': 0.00025769493964674354, 'ecr_51_36': 0.007751850952113004, 'ecr_51_50': 0.006648213509926643, 'rz_52': 0.00162236557968332, 'sx_52': 0.0001207542635214553, 'rz_53': 0.0041559197983900295, 'sx_53': 0.0001549825619647412, 'rz_54': 0.0021381812516901365, 'sx_54': 0.00013044567127926815, 'rz_55': 0.0008240478079212789, 'sx_55': 0.0006619623753462429, 'rz_56': 0.0044417929352223015, 'sx_56': 0.00018577650789278685, 'rz_57': 0.0016869404636826505, 'sx_57': 0.0001329723480474706, 'rz_58': 0.0032869816992718726, 'rz_59': 0.004336956082279044, 'sx_59': 0.0002553980122670544, 'rz_60': 0.0046669928124468355, 'sx_60': 0.0004071887183321722, 'rz_61': 0.0022425728770148743, 'sx_61': 0.0002720904093752064, 'rz_62': 0.00421066224880264, 'rz_63': 0.0020947088617847935, 'sx_63': 0.0001761044646542821, 'rz_64': 0.0038677549824691617, 'sx_64': 0.0028949975272144135, 'rz_65': 0.003830057460182887, 'sx_65': 0.0001683180061815425, 'rz_66': 0.003171830804020053, 'sx_66': 0.0007569681452227754, 'rz_67': 0.0013109130665345404, 'sx_67': 0.00022489856039606762, 'rz_68': 0.004383325969783543, 'sx_68': 0.0002282911848005618, 'ecr_68_67': 0.007104384129880514, 'ecr_66_67': 0.011455834356893124, 'x_66': 0.0007569681452227754, 'ecr_65_66': 0.0257635390027878, 'x_65': 0.0001683180061815425, 'rz_69': 0.0020081924472491715, 'sx_69': 0.00017096094868908267, 'rz_70': 0.004214055749352489, 'sx_70': 0.0002163934908230255, 'rz_71': 0.002959066586063647, 'sx_71': 9.469477301182256e-05, 'rz_72': 0.004181336594900608, 'sx_72': 0.0002537046043972751, 'rz_73': 0.004543528447024121, 'sx_73': 0.0002502694489087992, 'rz_74': 0.0015791807558317612, 'sx_74': 0.0001294710164305014, 'ecr_70_74': 0.018071956439965592, 'rz_75': 0.0006068126735397122, 'sx_75': 0.00014631866100015957, 'rz_76': 0.0030620542498996086, 'sx_76': 0.00015735094541028093, 'ecr_75_76': 0.0037141669134348743, 'rz_77': 0.004797529699511428, 'sx_77': 0.00015557899141845934, 'rz_78': 0.00024416298795326225, 'rz_79': 0.002984596914831698, 'sx_79': 0.0004684394367078882, 'rz_80': 0.002548407194697279, 'sx_80': 0.00016168065747645843, 'rz_81': 0.0024475869919484824, 'sx_81': 0.00010904899604011125, 'rz_82': 0.0020042972577158035, 'sx_82': 0.0002591656122439765, 'rz_83': 0.0036446870512098157, 'sx_83': 0.0003450647682579848, 'rz_84': 0.004746119625621325, 'sx_84': 0.00019984258695429093, 'rz_85': 0.0025995558204822346, 'sx_85': 0.0004904998516527252, 'rz_86': 0.0016191248612849565, 'rz_87': 0.004352681642069352, 'sx_87': 0.0002335190454142752, 'rz_88': 0.004264979409806762, 'sx_88': 0.0003629799534260751, 'rz_89': 0.0011034135625931508, 'sx_89': 0.0002357123958478385, 'ecr_74_89': 0.009791967161387388, 'x_89': 0.0002357123958478385, 'rz_91': 0.0024443310779182644, 'sx_91': 0.00017304407692563504, 'rz_92': 0.00011100284137131975, 'sx_92': 0.00011830268876537712, 'sx_93': 0.00019301722725851867, 'rz_93': 0.0005907094878052769, 'rz_97': 0.004816706194152758, 'sx_97': 0.00017399411313731957, 'rz_98': 0.004458344061735288, 'sx_98': 0.0002990127896937651, 'ecr_97_98': 0.008672886247595962, 'ecr_91_98': 0.007364481717873211, 'x_91': 0.00017304407692563504, 'rz_99': 0.0027243097340286303, 'sx_99': 0.0005155706501377758, 'rz_100': 0.004179236402602589, 'sx_100': 0.0002476318274608199, 'rz_101': 0.001306985644424044, 'sx_101': 0.0003388419910960748, 'rz_102': 0.0014097030331860448, 'sx_102': 0.00018720691831558117, 'rz_103': 0.0020771495746757544, 'sx_103': 0.00016976418940667606, 'rz_104': 0.004577709593310153, 'sx_104': 0.000406749223778038, 'rz_105': 0.0003994857119284118, 'sx_105': 0.0001378333768885918, 'rz_106': 0.0029048427382708355, 'sx_106': 0.00035483155745765323, 'ecr_106_93': 0.005816578656153343, 'x_93': 0.00019301722725851867, 'ecr_87_93': 0.006864048641940262, 'rz_107': 0.0001697792629430826, 'sx_107': 0.0002372595143146008, 'ecr_106_107': 0.012521965022049025, 'rz_108': 0.0003004004273309088, 'sx_108': 0.001275271694034653, 'ecr_108_107': 0.023449229997858784, 'x_107': 0.0002372595143146008, 'rz_110': 0.0006799411676190828, 'sx_110': 0.000276804208538222, 'ecr_100_110': 0.012620399455192527, 'ecr_101_100': 0.004044628767611996, 'ecr_101_102': 0.016698963665207123, 'x_102': 0.00018720691831558117, 'ecr_102_92': 0.0037491815387020455, 'x_100': 0.0002476318274608199, 'rz_111': 0.004427932476157336, 'sx_111': 0.00025922167793770626, 'rz_112': 0.0011440331075257746, 'sx_112': 0.0014353939487691282, 'ecr_108_112': 0.017414341529216754, 'ecr_86_87': 0.011128520876316689, 'sx_86': 0.00029002449733656565, 'ecr_85_86': 0.014757398183305487, 'ecr_87_88': 0.014796672284071666, 'x_87': 0.0002335190454142752, 'ecr_85_84': 0.008478170090937653, 'ecr_83_84': 0.007618035737005813, 'ecr_92_83': 0.02239850417841238, 'ecr_82_83': 0.017491630313018314, 'ecr_82_81': 0.005594422455135223, 'ecr_80_81': 0.004310088444813481, 'ecr_80_79': 0.00911370701762343, 'ecr_91_79': 0.01191939592416838, 'x_81': 0.00010904899604011125, 'ecr_89_88': 0.006607753929470744, 'x_74': 0.0001294710164305014, 'ecr_70_69': 0.007752396141513851, 'ecr_103_102': 0.008665182902565238, 'ecr_79_78': 0.015281105775943965, 'sx_78': 0.0001686237848688063, 'ecr_77_78': 0.005215428243397796, 'x_78': 0.0001686237848688063, 'ecr_76_77': 0.0037266671194772227, 'x_76': 0.00015735094541028093, 'ecr_71_77': 0.0051753170527013, 'ecr_71_58': 0.004275393248293291, 'sx_58': 0.00021279842540636583, 'ecr_58_57': 0.004847099178617309, 'x_57': 0.0001329723480474706, 'ecr_57_56': 0.009235963843996914, 'ecr_52_56': 0.004159657421663493, 'ecr_52_37': 0.004473808767323756, 'sx_37': 0.00012090138791122799, 'ecr_38_37': 0.003907246577803253, 'ecr_38_39': 0.004312009003892531, 'x_39': 0.00014184272047992162, 'ecr_39_33': 0.006402675038518546, 'ecr_20_33': 0.0066879573082587185, 'sx_20': 0.00019751480204787243, 'ecr_19_20': 0.00363216332245328, 'ecr_19_18': 0.00381148436591508, 'x_19': 0.00020590619868459528, 'x_20': 0.00019751480204787243, 'ecr_21_20': 0.004912480579948336, 'ecr_21_22': 0.0034499272240053336, 'ecr_22_15': 0.18108032145342276, 'ecr_23_22': 0.00495880906973728, 'sx_23': 0.0002792024794411828, 'ecr_24_23': 0.011716643950807626, 'sx_24': 0.002837486164908274, 'ecr_25_24': 0.01811011007759411, 'x_24': 0.002837486164908274, 'x_23': 0.0002792024794411828, 'ecr_34_24': 0.01669007547766954, 'ecr_34_43': 0.006131934983500009, 'x_25': 0.00017002109293143232, 'ecr_26_25': 0.007160233318530634, 'ecr_16_26': 0.0055732690112063055, 'x_26': 0.00020201239323797262, 'ecr_58_59': 0.009142551979122227, 'x_77': 0.00015557899141845934, 'ecr_8_16': 0.004867978356222685, 'x_16': 0.00016813493719051428, 'x_8': 0.00014137992334417156, 'ecr_9_8': 0.004972801228309398, 'ecr_26_27': 0.006193231803400534, 'ecr_28_27': 0.0114722487282857, 'x_28': 0.0005881521350660325, 'x_29': 0.00014567346252345595, 'ecr_30_17': 0.01032036095348135, 'x_34': 0.00020360751152420688, 'ecr_43_42': 0.007661271839836087, 'x_43': 0.00021324935642992062, 'ecr_41_42': 0.004539583185228652, 'ecr_40_41': 0.004231179278713859, 'ecr_43_44': 0.00595424937256997, 'ecr_53_41': 0.005811581263858667, 'ecr_53_60': 0.008066283113448397, 'x_41': 0.00013663876955428625, 'ecr_59_60': 0.008005281321875557, 'x_58': 0.00021279842540636583, 'ecr_60_61': 0.016896990469424417, 'x_60': 0.0004071887183321722, 'x_59': 0.0002553980122670544, 'ecr_62_61': 0.009489589062896514, 'sx_62': 0.00021068461240944365, 'ecr_62_72': 0.006486244230600985, 'ecr_81_72': 0.004959138691838255, 'x_62': 0.00021068461240944365, 'ecr_62_63': 0.008685792651112578, 'ecr_64_63': 0.022252797496116916, 'ecr_65_64': 0.03069153985344253, 'ecr_54_64': 0.028879614940366893, 'ecr_54_45': 0.005080694628076476, 'x_46': 0.0001694096134734232, 'ecr_47_46': 0.004167850413120483, 'ecr_35_47': 0.01859041784888915, 'ecr_28_35': 0.020831490749075365, 'x_35': 0.0003807150717269049, 'ecr_48_47': 0.005408079501767221, 'x_47': 0.00021038731221089868, 'ecr_48_49': 0.0075301136232149846, 'x_48': 0.00012379694399308934, 'ecr_50_49': 0.011433908140333765, 'ecr_55_49': 0.03541240349740052, 'x_49': 0.0002937563507864488, 'x_50': 0.0003412783777410498, 'ecr_55_68': 0.019186280733108546, 'x_68': 0.0002282911848005618, 'ecr_66_73': 0.02951693475977296, 'ecr_85_73': 0.01694351254277579, 'x_73': 0.0002502694489087992, 'ecr_100_99': 0.012104953709684257, 'x_110': 0.000276804208538222, 'x_83': 0.0003450647682579848, 'x_85': 0.0004904998516527252, 'x_64': 0.0028949975272144135, 'x_54': 0.00013044567127926815, 'x_61': 0.0002720904093752064, 'x_82': 0.0002591656122439765, 'x_79': 0.0004684394367078882, 'rz_118': 0.001904877967776347, 'sx_118': 0.0002505778884129483, 'ecr_110_118': 0.008181959959451757, 'x_92': 0.00011830268876537712, 'x_86': 0.00029002449733656565, 'ecr_106_105': 0.008185661073873723, 'ecr_104_105': 0.008453843831828928, 'x_105': 0.0001378333768885918, 'x_106': 0.00035483155745765323, 'x_104': 0.000406749223778038, 'ecr_111_104': 0.009625893472654579, 'rz_119': 0.0025931163482330304, 'sx_119': 0.00013871026409432711, 'rz_120': 0.0022747160113069835, 'sx_120': 0.2036845193887384, 'rz_121': 0.0021046337906832366, 'rz_122': 0.0007768079457729412, 'ecr_122_111': 0.00560849434822025, 'sx_122': 0.00020315201825160995, 'x_111': 0.00025922167793770626, 'rz_123': 0.0017978976935226693, 'sx_123': 0.00021703983556260249, 'ecr_123_122': 0.00626104880103856, 'x_122': 0.00020315201825160995, 'ecr_122_121': 0.007049427774401401, 'sx_121': 0.0002066139900228978, 'ecr_121_120': 1, 'x_120': 0.2036845193887384, 'ecr_120_119': 1, 'x_121': 0.0002066139900228978, 'rz_124': 0.0018027179345990211, 'sx_124': 0.0005932388247940292, 'ecr_123_124': 0.007906460028695494, 'x_123': 0.00021703983556260249, 'x_124': 0.0005932388247940292, 'x_70': 0.0002163934908230255, 'x_69': 0.00017096094868908267, 'ecr_69_68': 0.0063935764210594215, 'x_80': 0.00016168065747645843, 'x_40': 0.00017772827063284726, 'ecr_39_40': 0.00492602770749348, 'x_88': 0.0003629799534260751, 'x_67': 0.00022489856039606762, 'x_118': 0.0002505778884129483, 'x_22': 0.0001459741936865149, 'x_84': 0.00019984258695429093, 'x_63': 0.0001761044646542821, 'x_72': 0.0002537046043972751, 'ecr_118_119': 0.0083885649611313, 'x_55': 0.0006619623753462429, 'ecr_98_99': 0.009926026467474203, 'x_98': 0.0002990127896937651, 'ecr_103_104': 0.012381485201686665, 'rz_125': 0.002795112888906825, 'sx_125': 0.0002999790735498554, 'ecr_124_125': 0.02209762358628234, 'rz_126': 0.0033304082449169565, 'sx_126': 0.00021460763500519511, 'ecr_126_125': 0.008521184761569073, 'ecr_126_112': 0.0056091840316030706, 'x_108': 0.001275271694034653, 'x_125': 0.0002999790735498554, 'x_126': 0.00021460763500519511, 'measure_106': 0.017199999999999993, 'measure_93': 0.021199999999999997, 'measure_104': 0.011600000000000055, 'measure_105': 0.0037000000000000366, 'measure_111': 0.013600000000000056, 'measure_88': 0.009800000000000031, 'measure_87': 0.031300000000000106, 'measure_89': 0.009199999999999986, 'measure_74': 0.01990000000000003, 'measure_70': 0.010499999999999954, 'measure_69': 0.12119999999999997, 'measure_86': 0.012399999999999967, 'measure_85': 0.010700000000000043, 'measure_73': 0.013800000000000034, 'measure_66': 0.0534, 'measure_84': 0.013700000000000045, 'measure_67': 0.014399999999999968, 'measure_68': 0.013299999999999979, 'measure_108': 0.3377, 'measure_55': 0.028999999999999915, 'measure_122': 0.011099999999999999, 'measure_83': 0.03380000000000005, 'measure_82': 0.007800000000000029, 'measure_107': 0.04249999999999998, 'measure_92': 0.0121, 'measure_81': 0.021700000000000053, 'measure_102': 0.007800000000000029, 'measure_124': 0.12050000000000005, 'measure_80': 0.009500000000000064, 'measure_112': 0.09709999999999996, 'measure_121': 0.012199999999999989, 'measure_79': 0.011300000000000088, 'measure_91': 0.0047999999999999154, 'measure_98': 0.0036000000000000476, 'measure_110': 0.008099999999999996, 'measure_78': 0.017100000000000004, 'measure_72': 0.010700000000000043, 'measure_76': 0.008499999999999952, 'measure_62': 0.006700000000000039, 'measure_63': 0.006900000000000017, 'measure_97': 0.006900000000000017, 'measure_71': 0.3098000000000001, 'measure_61': 0.009000000000000008, 'measure_60': 0.039000000000000035, 'measure_53': 0.02180000000000004, 'measure_41': 0.005600000000000049, 'measure_64': 0.009399999999999964, 'measure_40': 0.008199999999999985, 'measure_22': 0.025700000000000056, 'measure_54': 0.027000000000000024, 'measure_43': 0.012899999999999912, 'measure_45': 0.013900000000000023, 'measure_23': 0.046699999999999964, 'measure_44': 0.13650000000000007, 'measure_24': 0.026499999999999968, 'measure_46': 0.005400000000000071, 'measure_15': 0.4373, 'measure_34': 0.06240000000000001, 'measure_4': 0.010800000000000032, 'measure_25': 0.004899999999999904, 'measure_39': 0.012599999999999945, 'measure_33': 0.06610000000000005, 'measure_19': 0.0030000000000000027, 'measure_20': 0.028299999999999992, 'measure_8': 0.011200000000000099, 'measure_42': 0.02499999999999991, 'measure_59': 0.04279999999999995, 'measure_57': 0.014800000000000035, 'measure_58': 0.02540000000000009, 'measure_56': 0.010000000000000009, 'measure_77': 0.05800000000000005, 'measure_21': 0.013600000000000056, 'measure_9': 0.006299999999999972, 'measure_35': 0.15159999999999996, 'measure_27': 0.0019000000000000128, 'measure_29': 0.009700000000000042, 'measure_65': 0.013800000000000034, 'measure_49': 0.26, 'measure_50': 0.32489999999999997, 'measure_51': 0.01089999999999991, 'measure_48': 0.006199999999999983, 'measure_103': 0.010699999999999932, 'measure_101': 0.007900000000000018, 'measure_100': 0.01869999999999994, 'measure_118': 0.00880000000000003, 'measure_119': 0.0047999999999999154, 'measure_99': 0.022699999999999942, 'measure_123': 0.1341, 'measure_47': 0.06279999999999997, 'measure_36': 0.011099999999999999, 'measure_16': 0.014999999999999902, 'measure_30': 0.007500000000000062, 'measure_75': 0.008299999999999974, 'measure_31': 0.009099999999999997, 'measure_28': 0.07040000000000002, 'measure_17': 0.032399999999999984, 'measure_32': 0.010199999999999987, 'measure_18': 0.008299999999999974, 'measure_26': 0.005299999999999971, 'measure_120': 0.13}","{'rz_106': 45.93688579084541, 'sx_106': 60.444444444444436, 'ecr_106_93': 593.7777777777777, 'rz_93': 39.80346306219264, 'sx_93': 60.444444444444436, 'x_93': 60.444444444444436, 'ecr_87_93': 593.7777777777777, 'ecr_106_107': 593.7777777777777, 'rz_107': 65.09672584381639, 'sx_107': 60.444444444444436, 'ecr_108_107': 593.7777777777777, 'rz_108': 98.28668671019956, 'sx_108': 60.444444444444436, 'ecr_108_112': 593.7777777777777, 'rz_87': 74.37372202203534, 'sx_87': 60.444444444444436, 'ecr_86_87': 593.7777777777777, 'rz_86': 87.24882088600333, 'sx_86': 60.444444444444436, 'ecr_87_88': 593.7777777777777, 'x_87': 60.444444444444436, 'ecr_85_86': 593.7777777777777, 'rz_85': 33.64072792782605, 'sx_85': 60.444444444444436, 'ecr_85_84': 593.7777777777777, 'rz_84': 76.30472150173067, 'sx_84': 60.444444444444436, 'ecr_83_84': 593.7777777777777, 'rz_83': 50.531889838431276, 'sx_83': 60.444444444444436, 'ecr_92_83': 593.7777777777777, 'ecr_82_83': 593.7777777777777, 'rz_82': 56.99054339544291, 'sx_82': 60.444444444444436, 'ecr_82_81': 593.7777777777777, 'rz_81': 49.12156496682803, 'sx_81': 60.444444444444436, 'ecr_80_81': 593.7777777777777, 'rz_80': 22.85971933447984, 'sx_80': 60.444444444444436, 'ecr_80_79': 593.7777777777777, 'ecr_91_79': 593.7777777777777, 'rz_79': 66.52079878663746, 'sx_79': 60.444444444444436, 'rz_91': 76.22767339549948, 'sx_91': 60.444444444444436, 'ecr_91_98': 593.7777777777777, 'x_91': 60.444444444444436, 'ecr_79_78': 593.7777777777777, 'rz_78': 82.1328326348625, 'sx_78': 60.444444444444436, 'ecr_77_78': 593.7777777777777, 'rz_77': 94.03795332424443, 'sx_77': 60.444444444444436, 'ecr_76_77': 593.7777777777777, 'ecr_71_77': 593.7777777777777, 'rz_71': 46.43584827088208, 'sx_71': 60.444444444444436, 'ecr_71_58': 593.7777777777777, 'rz_58': 54.99536484290676, 'sx_58': 60.444444444444436, 'ecr_58_57': 593.7777777777777, 'x_57': 60.444444444444436, 'rz_57': 65.84216408786072, 'ecr_57_56': 593.7777777777777, 'sx_57': 60.444444444444436, 'rz_56': 42.71076572328432, 'sx_56': 60.444444444444436, 'ecr_52_56': 593.7777777777777, 'rz_52': 18.27567518631019, 'sx_52': 60.444444444444436, 'ecr_52_37': 593.7777777777777, 'rz_37': 76.2440286927246, 'sx_37': 60.444444444444436, 'ecr_38_37': 593.7777777777777, 'rz_38': 81.09077423241082, 'sx_38': 60.444444444444436, 'ecr_38_39': 593.7777777777777, 'x_39': 60.444444444444436, 'rz_39': 63.01399473216913, 'ecr_39_33': 593.7777777777777, 'sx_39': 60.444444444444436, 'rz_33': 20.952259201998963, 'sx_33': 60.444444444444436, 'ecr_20_33': 593.7777777777777, 'rz_20': 26.811594133594085, 'sx_20': 60.444444444444436, 'x_20': 60.444444444444436, 'ecr_21_20': 593.7777777777777, 'ecr_19_20': 593.7777777777777, 'rz_21': 33.12025762037952, 'sx_21': 60.444444444444436, 'ecr_21_22': 593.7777777777777, 'rz_22': 83.64532391281996, 'ecr_22_15': 593.7777777777777, 'rz_15': 65.61552014653088, 'sx_15': 60.444444444444436, 'ecr_4_15': 593.7777777777777, 'rz_4': 68.37392341811918, 'sx_4': 60.444444444444436, 'sx_22': 60.444444444444436, 'ecr_23_22': 593.7777777777777, 'rz_23': 24.94389702430182, 'sx_23': 60.444444444444436, 'ecr_24_23': 593.7777777777777, 'rz_24': 76.05921243693929, 'sx_24': 60.444444444444436, 'x_24': 60.444444444444436, 'ecr_34_24': 593.7777777777777, 'rz_34': 72.832563232555, 'sx_34': 60.444444444444436, 'ecr_34_43': 593.7777777777777, 'ecr_25_24': 593.7777777777777, 'rz_25': 92.38829897086359, 'sx_25': 60.444444444444436, 'x_25': 60.444444444444436, 'ecr_26_25': 593.7777777777777, 'rz_26': 82.63443991924917, 'sx_26': 60.444444444444436, 'ecr_16_26': 593.7777777777777, 'rz_16': 20.212390111606783, 'sx_16': 60.444444444444436, 'ecr_8_16': 593.7777777777777, 'rz_8': 69.51618665596715, 'sx_8': 60.444444444444436, 'x_8': 60.444444444444436, 'ecr_9_8': 593.7777777777777, 'rz_9': 95.24553672041324, 'sx_9': 60.444444444444436, 'x_26': 60.444444444444436, 'ecr_26_27': 593.7777777777777, 'rz_27': 71.36419248919526, 'sx_27': 60.444444444444436, 'ecr_28_27': 593.7777777777777, 'rz_28': 58.3164273675802, 'sx_28': 60.444444444444436, 'x_28': 60.444444444444436, 'ecr_29_28': 593.7777777777777, 'rz_29': 97.07373044369217, 'sx_29': 60.444444444444436, 'x_34': 60.444444444444436, 'rz_43': 51.855217316647725, 'sx_43': 60.444444444444436, 'ecr_43_42': 593.7777777777777, 'rz_42': 60.44719020966144, 'sx_42': 60.444444444444436, 'ecr_41_42': 593.7777777777777, 'rz_41': 41.058140380760904, 'sx_41': 60.444444444444436, 'ecr_53_41': 593.7777777777777, 'rz_53': 89.27385526156382, 'sx_53': 60.444444444444436, 'ecr_53_60': 593.7777777777777, 'ecr_59_60': 593.7777777777777, 'rz_60': 47.41689586114766, 'sx_60': 60.444444444444436, 'rz_59': 62.00285165130959, 'sx_59': 60.444444444444436, 'ecr_58_59': 593.7777777777777, 'ecr_60_61': 593.7777777777777, 'rz_61': 80.59919857940413, 'sx_61': 60.444444444444436, 'ecr_62_61': 593.7777777777777, 'rz_62': 32.19901541353525, 'sx_62': 60.444444444444436, 'ecr_62_72': 593.7777777777777, 'rz_72': 81.35360658757462, 'sx_72': 60.444444444444436, 'ecr_81_72': 593.7777777777777, 'x_62': 60.444444444444436, 'ecr_62_63': 593.7777777777777, 'rz_63': 76.54555472311993, 'sx_63': 60.444444444444436, 'ecr_64_63': 593.7777777777777, 'rz_64': 17.962574253294488, 'sx_64': 60.444444444444436, 'ecr_65_64': 593.7777777777777, 'ecr_54_64': 593.7777777777777, 'rz_54': 70.18208904671374, 'sx_54': 60.444444444444436, 'ecr_54_45': 593.7777777777777, 'rz_45': 77.36990529900682, 'sx_45': 60.444444444444436, 'ecr_46_45': 593.7777777777777, 'rz_46': 91.68721488759472, 'sx_46': 60.444444444444436, 'x_46': 60.444444444444436, 'ecr_47_46': 593.7777777777777, 'rz_47': 39.381605089758274, 'sx_47': 60.444444444444436, 'ecr_35_47': 593.7777777777777, 'ecr_48_47': 593.7777777777777, 'x_47': 60.444444444444436, 'x_48': 60.444444444444436, 'rz_48': 49.6641078957262, 'ecr_48_49': 593.7777777777777, 'sx_48': 60.444444444444436, 'ecr_50_49': 593.7777777777777, 'rz_49': 23.839288034121907, 'sx_49': 60.444444444444436, 'rz_50': 87.1091905205264, 'sx_50': 60.444444444444436, 'ecr_51_50': 593.7777777777777, 'rz_51': 74.36761255108489, 'sx_51': 60.444444444444436, 'ecr_51_36': 593.7777777777777, 'ecr_55_49': 593.7777777777777, 'rz_55': 53.64704753543129, 'sx_55': 60.444444444444436, 'ecr_55_68': 593.7777777777777, 'x_68': 60.444444444444436, 'rz_68': 62.90297927003145, 'ecr_68_67': 593.7777777777777, 'sx_68': 60.444444444444436, 'rz_67': 82.24619204498761, 'sx_67': 60.444444444444436, 'ecr_66_67': 593.7777777777777, 'rz_66': 84.79494536743249, 'sx_66': 60.444444444444436, 'ecr_66_73': 593.7777777777777, 'rz_73': 78.9861474911508, 'sx_73': 60.444444444444436, 'ecr_85_73': 593.7777777777777, 'rz_92': 89.84281171293604, 'sx_92': 60.444444444444436, 'ecr_102_92': 593.7777777777777, 'rz_102': 13.996503589576228, 'sx_102': 60.444444444444436, 'x_102': 60.444444444444436, 'ecr_101_102': 593.7777777777777, 'rz_101': 68.19615696788489, 'sx_101': 60.444444444444436, 'ecr_101_100': 593.7777777777777, 'x_85': 60.444444444444436, 'x_66': 60.444444444444436, 'ecr_65_66': 593.7777777777777, 'rz_65': 49.28220139996145, 'sx_65': 60.444444444444436, 'ecr_44_45': 593.7777777777777, 'rz_35': 17.484796170702104, 'sx_35': 60.444444444444436, 'x_64': 60.444444444444436, 'x_81': 60.444444444444436, 'x_82': 60.444444444444436, 'x_83': 60.444444444444436, 'x_86': 60.444444444444436, 'rz_88': 81.06063489916924, 'sx_88': 60.444444444444436, 'ecr_89_88': 593.7777777777777, 'rz_89': 84.87554726616563, 'sx_89': 60.444444444444436, 'x_89': 60.444444444444436, 'ecr_74_89': 593.7777777777777, 'rz_74': 54.66797920622829, 'sx_74': 60.444444444444436, 'x_74': 60.444444444444436, 'ecr_70_74': 593.7777777777777, 'rz_70': 44.6613514923699, 'sx_70': 60.444444444444436, 'ecr_106_105': 593.7777777777777, 'ecr_104_105': 593.7777777777777, 'rz_105': 78.3380337188668, 'sx_105': 60.444444444444436, 'x_105': 60.444444444444436, 'rz_104': 73.46016552555001, 'sx_104': 60.444444444444436, 'x_104': 60.444444444444436, 'ecr_111_104': 593.7777777777777, 'rz_111': 89.83813331164876, 'sx_111': 60.444444444444436, 'ecr_122_111': 593.7777777777777, 'rz_122': 69.32017924641019, 'sx_122': 60.444444444444436, 'x_111': 60.444444444444436, 'ecr_122_121': 593.7777777777777, 'rz_121': 88.5191272857647, 'sx_121': 60.444444444444436, 'ecr_121_120': 593.7777777777777, 'x_120': 60.444444444444436, 'rz_120': 12.917255770109087, 'ecr_120_119': 593.7777777777777, 'rz_119': 10.181499683457288, 'sx_119': 60.444444444444436, 'sx_120': 60.444444444444436, 'ecr_123_122': 750.2222222222222, 'x_122': 60.444444444444436, 'rz_123': 25.169062668438453, 'sx_123': 60.444444444444436, 'ecr_69_68': 593.7777777777777, 'rz_69': 19.13438412322754, 'sx_69': 60.444444444444436, 'x_69': 60.444444444444436, 'ecr_70_69': 593.7777777777777, 'x_67': 60.444444444444436, 'x_92': 60.444444444444436, 'x_106': 60.444444444444436, 'x_88': 60.444444444444436, 'x_70': 60.444444444444436, 'ecr_103_102': 593.7777777777777, 'rz_103': 38.61641873657031, 'sx_103': 60.444444444444436, 'ecr_103_104': 593.7777777777777, 'x_107': 60.444444444444436, 'measure_120': 835.5555555555555}","{'4': 0.010800000000000032, '8': 0.011200000000000099, '9': 0.006299999999999972, '15': 0.4373, '16': 0.014999999999999902, '17': 0.032399999999999984, '18': 0.008299999999999974, '19': 0.0030000000000000027, '20': 0.028299999999999992, '21': 0.013600000000000056, '22': 0.025700000000000056, '23': 0.046699999999999964, '24': 0.026499999999999968, '25': 0.004899999999999904, '26': 0.005299999999999971, '27': 0.0019000000000000128, '28': 0.07040000000000002, '29': 0.009700000000000042, '30': 0.007500000000000062, '31': 0.009099999999999997, '32': 0.010199999999999987, '33': 0.06610000000000005, '34': 0.06240000000000001, '35': 0.15159999999999996, '36': 0.011099999999999999, '39': 0.012599999999999945, '40': 0.008199999999999985, '41': 0.005600000000000049, '42': 0.02499999999999991, '43': 0.012899999999999912, '44': 0.13650000000000007, '45': 0.013900000000000023, '46': 0.005400000000000071, '47': 0.06279999999999997, '48': 0.006199999999999983, '49': 0.26, '50': 0.32489999999999997, '51': 0.01089999999999991, '53': 0.02180000000000004, '54': 0.027000000000000024, '55': 0.028999999999999915, '56': 0.010000000000000009, '57': 0.014800000000000035, '58': 0.02540000000000009, '59': 0.04279999999999995, '60': 0.039000000000000035, '61': 0.009000000000000008, '62': 0.006700000000000039, '63': 0.006900000000000017, '64': 0.009399999999999964, '65': 0.013800000000000034, '66': 0.0534, '67': 0.014399999999999968, '68': 0.013299999999999979, '69': 0.12119999999999997, '70': 0.010499999999999954, '71': 0.3098000000000001, '72': 0.010700000000000043, '73': 0.013800000000000034, '74': 0.01990000000000003, '75': 0.008299999999999974, '76': 0.008499999999999952, '77': 0.05800000000000005, '78': 0.017100000000000004, '79': 0.011300000000000088, '80': 0.009500000000000064, '81': 0.021700000000000053, '82': 0.007800000000000029, '83': 0.03380000000000005, '84': 0.013700000000000045, '85': 0.010700000000000043, '86': 0.012399999999999967, '87': 0.031300000000000106, '88': 0.009800000000000031, '89': 0.009199999999999986, '91': 0.0047999999999999154, '92': 0.0121, '93': 0.021199999999999997, '97': 0.006900000000000017, '98': 0.0036000000000000476, '99': 0.022699999999999942, '100': 0.01869999999999994, '101': 0.007900000000000018, '102': 0.007800000000000029, '103': 0.010699999999999932, '104': 0.011600000000000055, '105': 0.0037000000000000366, '106': 0.017199999999999993, '107': 0.04249999999999998, '108': 0.3377, '110': 0.008099999999999996, '111': 0.013600000000000056, '112': 0.09709999999999996, '118': 0.00880000000000003, '119': 0.0047999999999999154, '120': 0.13, '121': 0.012199999999999989, '122': 0.011099999999999999, '123': 0.1341, '124': 0.12050000000000005}"
2,sherbrooke,127,10373,"{'rz_0': 0.0017025085255632099, 'sx_0': 0.0001593357976350863, 'rz_1': 0.004580611402756462, 'sx_1': 0.00010939725659113188, 'rz_2': 0.004019142339677476, 'sx_2': 0.0002790864552469293, 'rz_3': 0.003152929441771306, 'sx_3': 0.0002023180577900116, 'rz_4': 0.0030605064577240897, 'sx_4': 0.00013715738229674716, 'rz_5': 0.0038305965492364045, 'sx_5': 0.00016089224224683928, 'rz_6': 0.002018808881343053, 'sx_6': 0.00010714274513734707, 'rz_7': 0.0026560969191196477, 'sx_7': 0.002222438580026052, 'sx_8': 0.00017210780828481488, 'rz_8': 0.0018762218380307045, 'ecr_8_7': 0.03781959995713635, 'rz_14': 0.0003129644862933142, 'sx_14': 0.00046223313636438115, 'rz_15': 0.0013730595382864504, 'sx_15': 0.0005458561130219916, 'rz_16': 0.00451433425634182, 'sx_16': 0.0002077958283551641, 'ecr_16_8': 0.006847023167806582, 'x_7': 0.002222438580026052, 'ecr_7_6': 0.013364232652209401, 'x_6': 0.00010714274513734707, 'ecr_6_5': 0.0036179591107563247, 'x_5': 0.00016089224224683928, 'ecr_5_4': 0.005617203244507402, 'x_4': 0.00013715738229674716, 'ecr_4_15': 0.012223784427829731, 'ecr_4_3': 0.00557272942499204, 'ecr_3_2': 0.007601200590157037, 'ecr_1_2': 0.0046780046273544595, 'ecr_1_0': 0.005822316907363928, 'ecr_14_0': 0.0071767141516469735, 'x_3': 0.0002023180577900116, 'rz_18': 0.003780921592625744, 'sx_18': 0.0002239059438864381, 'rz_19': 0.004663052778517363, 'sx_19': 0.0009227154030461773, 'rz_20': 0.0016484841930469517, 'sx_20': 0.0006097378952307843, 'rz_21': 0.0006257831385463459, 'sx_21': 0.00043345754774804, 'rz_22': 0.0001410249167624875, 'sx_22': 0.0002202775746891235, 'ecr_22_15': 0.027937503165835598, 'x_15': 0.0005458561130219916, 'x_22': 0.0002202775746891235, 'ecr_21_22': 0.009741391190729254, 'ecr_21_20': 0.01625860864691009, 'x_21': 0.00043345754774804, 'rz_23': 0.003939902225902711, 'sx_23': 0.0002664937612768794, 'ecr_23_22': 0.010984256575529094, 'rz_24': 0.004221411110356943, 'sx_24': 0.00016171747805058157, 'ecr_23_24': 0.042996089705787194, 'x_23': 0.0002664937612768794, 'x_20': 0.0006097378952307843, 'ecr_19_20': 0.011492516477964898, 'ecr_18_19': 0.015639918584492762, 'rz_25': 0.0020110690774758876, 'sx_25': 0.00017016418789301662, 'rz_26': 0.003801938699143588, 'sx_26': 0.00014753975305264067, 'ecr_26_25': 0.004197365277784054, 'ecr_25_24': 0.005919283173501377, 'x_25': 0.00017016418789301662, 'rz_27': 0.004737637205681964, 'sx_27': 0.00015207271807308093, 'ecr_26_27': 0.004710737620723687, 'rz_28': 0.0005852781915643292, 'sx_28': 0.00028897902661474326, 'ecr_28_27': 0.008716999123280111, 'rz_29': 0.002981633308786039, 'sx_29': 0.00021677323662329566, 'rz_30': 0.004978617145542997, 'sx_30': 0.00012907643938849073, 'rz_31': 0.0006390313281288907, 'sx_31': 0.0004755114976883224, 'rz_32': 0.003955379374970566, 'sx_32': 0.00018756594465096338, 'rz_33': 0.0025850984765902045, 'sx_33': 0.00016276775584465457, 'ecr_20_33': 0.011742348604193681, 'rz_34': 0.001522797518207582, 'sx_34': 0.00017501295008806643, 'rz_35': 0.004555099806131493, 'sx_35': 0.00024184007727317603, 'ecr_35_28': 0.008945038598952154, 'rz_36': 0.000521081355854325, 'sx_36': 0.0006598979987859023, 'rz_37': 0.004774238379098214, 'sx_37': 0.0003850959542915666, 'rz_38': 0.0019488701402013572, 'sx_38': 0.00018271420737728695, 'rz_39': 0.0023536518874754586, 'sx_39': 0.0003084871608591723, 'ecr_33_39': 0.0038468883782274976, 'x_33': 0.00016276775584465457, 'x_39': 0.0003084871608591723, 'rz_40': 0.004759710495100616, 'sx_40': 0.00018197866962387784, 'ecr_40_39': 0.003727257701658382, 'ecr_38_39': 0.0053329818917337846, 'x_38': 0.00018271420737728695, 'rz_41': 0.0019020315437703892, 'ecr_41_40': 0.004485290856198254, 'sx_41': 0.0003146665631065838, 'rz_42': 0.0038125795593033983, 'sx_42': 0.00020884432513976748, 'rz_43': 0.004666217835216317, 'sx_43': 0.00014794280308028345, 'ecr_43_34': 0.009002641516279969, 'ecr_43_42': 0.00887934504885593, 'ecr_42_41': 0.005251155329834667, 'x_41': 0.0003146665631065838, 'x_34': 0.00017501295008806643, 'ecr_34_24': 0.005437596170362491, 'rz_44': 0.0009730876633021265, 'sx_44': 0.0004372776297704344, 'rz_45': 0.0036361041912980137, 'sx_45': 0.00020180421337637102, 'rz_46': 0.0020586664209622857, 'sx_46': 0.00019708944670720707, 'rz_47': 0.0037878325513371227, 'sx_47': 0.00018066411220918647, 'ecr_35_47': 0.00842225115106024, 'x_47': 0.00018066411220918647, 'ecr_47_46': 0.004937649852872594, 'rz_48': 0.002266904994714327, 'sx_48': 0.0007710666897020658, 'rz_49': 0.0021710325192711567, 'sx_49': 0.0004572303176937028, 'rz_50': 0.003475441239314512, 'sx_50': 0.00029635578244281767, 'rz_51': 0.0034196311241099326, 'sx_51': 0.00016098940681926304, 'rz_52': 0.0017094777305538742, 'sx_52': 0.00038750350629177227, 'rz_53': 0.0011021693935751053, 'sx_53': 0.0001139208696601878, 'ecr_41_53': 0.0040134958755506656, 'x_53': 0.0001139208696601878, 'rz_54': 0.00011846019264271434, 'sx_54': 0.00021248588620402392, 'rz_55': 0.0029005840450965293, 'sx_55': 0.00020250594726934571, 'rz_56': 0.0001244085939479919, 'sx_56': 0.0003251664806220331, 'rz_57': 0.0015567668435995355, 'sx_57': 0.0008006004402291327, 'ecr_56_57': 1, 'x_57': 0.0008006004402291327, 'rz_58': 0.0018799910969542226, 'sx_58': 0.0004490613845493067, 'rz_59': 0.0019305926427101178, 'sx_59': 0.00019646580374097102, 'rz_60': 0.0026515336020072485, 'sx_60': 0.00022685163198226134, 'ecr_53_60': 0.006679740022321468, 'ecr_59_60': 0.008346963376680866, 'ecr_59_58': 0.009754637718325826, 'x_58': 0.0004490613845493067, 'ecr_57_58': 0.028037262601923296, 'ecr_56_52': 1, 'x_52': 0.00038750350629177227, 'ecr_52_37': 0.012735216700600432, 'rz_61': 0.00044301147832590904, 'sx_61': 0.000145624078687542, 'ecr_61_60': 0.008770941230756835, 'rz_62': 0.0005914651539786591, 'sx_62': 0.00011771791138274587, 'ecr_61_62': 0.004752270480576998, 'x_61': 0.000145624078687542, 'rz_63': 0.003226823456573049, 'sx_63': 0.006186606525047403, 'rz_64': 0.00022541707212723133, 'rz_65': 0.002390741368218551, 'sx_65': 0.0001204019373331323, 'rz_66': 0.0015404992425442974, 'sx_66': 0.00031676535898577345, 'rz_67': 0.0020072385308882892, 'sx_67': 0.004480828465033841, 'rz_68': 0.0021931198327201275, 'rz_69': 0.004471770920412656, 'sx_69': 0.0003284913098124202, 'rz_70': 0.004012959553634332, 'sx_70': 0.00018233316815140566, 'rz_71': 0.003044236495787333, 'sx_71': 0.0001935480597267955, 'ecr_71_58': 0.00906944148990238, 'rz_72': 0.0038427431717676414, 'sx_72': 0.00012993714354187722, 'ecr_72_62': 0.0048588148815374155, 'rz_73': 0.0003836974061761786, 'sx_73': 0.000162882115602523, 'rz_74': 0.00226623231422497, 'sx_74': 0.0001943126750591526, 'rz_75': 0.00417617631906469, 'sx_75': 0.00040513977541258104, 'rz_76': 0.0037047009916768014, 'sx_76': 0.0002543365078111053, 'ecr_75_76': 0.0076482968585636635, 'rz_77': 0.004115923177862989, 'sx_77': 0.00013212874335271903, 'ecr_71_77': 0.006030857965682701, 'x_71': 0.0001935480597267955, 'rz_78': 0.0009129618914747883, 'sx_78': 0.00014513087015664695, 'ecr_78_77': 0.00478462985392164, 'ecr_77_76': 0.00721015784105139, 'x_77': 0.00013212874335271903, 'rz_79': 0.0035853623008456972, 'sx_79': 0.0003881978897182194, 'ecr_78_79': 0.009389818486432527, 'x_78': 0.00014513087015664695, 'x_79': 0.0003881978897182194, 'rz_80': 0.0007459510653397035, 'sx_80': 0.00023547147966833046, 'rz_81': 0.0046117233970582455, 'sx_81': 0.00019854751273598424, 'rz_82': 0.00358707373162087, 'sx_82': 0.0001728233193581389, 'rz_83': 0.0004979560271523604, 'sx_83': 0.00037531675439361333, 'rz_84': 0.0025118299212320764, 'sx_84': 0.0001892241966482602, 'rz_85': 0.002082449109219751, 'sx_85': 0.00015237948583505967, 'ecr_85_84': 0.006607690904409214, 'rz_86': 0.003571770517143807, 'sx_86': 0.0001309182910586387, 'rz_87': 0.004678899109310237, 'sx_87': 0.0001337833525193957, 'rz_88': 0.004727229440883505, 'sx_88': 0.0002506891791061948, 'rz_89': 0.002460078781504307, 'sx_89': 0.00016565481639689353, 'rz_90': 0.00023656046447332175, 'sx_90': 0.0004814017334377961, 'rz_91': 0.0049188525946353276, 'sx_91': 0.00012105786412242181, 'rz_92': 0.0010834291295365975, 'sx_92': 0.0002542752360463603, 'rz_93': 0.0047450195736318795, 'sx_93': 0.00017753574109493402, 'rz_94': 0.0032371761773752235, 'sx_94': 0.00013076491458345493, 'rz_95': 0.004447906198028341, 'sx_95': 0.0004488781845720655, 'rz_96': 0.00031363884599973856, 'sx_96': 0.00018424308453189817, 'rz_97': 0.0041332188041999516, 'sx_97': 0.0014562168020011174, 'rz_98': 0.001462912493470435, 'sx_98': 0.0002925348012412926, 'ecr_98_91': 0.005853823421446608, 'x_91': 0.00012105786412242181, 'ecr_79_91': 0.011193113530157783, 'x_75': 0.00040513977541258104, 'ecr_90_75': 0.018390148469095507, 'ecr_90_94': 0.00635257071656245, 'ecr_95_94': 0.006001889791311277, 'ecr_95_96': 0.012931362469773472, 'rz_99': 0.002175201246543612, 'sx_99': 0.00020509306724535322, 'ecr_99_98': 0.006884462453278006, 'x_98': 0.0002925348012412926, 'ecr_97_98': 0.01177660243552034, 'ecr_97_96': 0.017431047479260192, 'rz_100': 0.003940947519492431, 'sx_100': 0.00012826123298267694, 'rz_101': 0.00224742423991421, 'sx_101': 0.0002691194672227735, 'rz_102': 0.0028066158511996986, 'rz_103': 0.004250090269304227, 'sx_103': 0.00035308301585691525, 'rz_104': 0.0029907027254219656, 'sx_104': 0.0003103089507874081, 'rz_105': 0.0016695087903524557, 'sx_105': 0.00019592418934837865, 'rz_106': 0.002072291499577655, 'sx_106': 0.000313884129207873, 'rz_110': 0.0004046560656420962, 'sx_110': 0.0022606558910228257, 'ecr_110_100': 0.004742501465771987, 'ecr_99_100': 0.005663637062323007, 'ecr_80_79': 0.011859720250633948, 'ecr_80_81': 0.007246150867571299, 'ecr_81_72': 0.00657930961306738, 'x_81': 0.00019854751273598424, 'ecr_81_82': 0.015970606639757606, 'x_82': 0.0001728233193581389, 'ecr_82_83': 0.008881269900741423, 'x_72': 0.00012993714354187722, 'ecr_92_83': 0.009199218646186363, 'ecr_92_102': 0.0056306363939165605, 'sx_102': 0.00023161125454665725, 'ecr_101_102': 0.005794681682865704, 'ecr_101_100': 0.00477205321482671, 'ecr_102_103': 0.007279888733879275, 'x_92': 0.0002542752360463603, 'x_102': 0.00023161125454665725, 'ecr_104_103': 0.006930769941092985, 'rz_111': 0.0021920674132678954, 'sx_111': 0.003756776348276724, 'rz_117': 0.0032179993181235098, 'sx_117': 0.0009489923880114625, 'rz_118': 0.0015203067974953587, 'sx_118': 0.00017237165951166448, 'ecr_117_118': 0.00793524964556816, 'ecr_110_118': 0.015682071291979766, 'rz_119': 0.0003216005801047035, 'sx_119': 0.0007017557453789078, 'rz_120': 0.0026435771333764486, 'sx_120': 0.00019201284007446694, 'ecr_119_120': 0.007082629323692358, 'rz_121': 0.0036110684705910286, 'sx_121': 0.00016722080500278133, 'rz_122': 0.002999832723981748, 'sx_122': 0.0006884064861370782, 'ecr_121_122': 0.0059223105765467965, 'ecr_122_111': 0.05994415052913757, 'ecr_111_104': 0.07400473642356473, 'x_121': 0.00016722080500278133, 'ecr_120_121': 0.0059466226133605415, 'x_122': 0.0006884064861370782, 'x_104': 0.0003103089507874081, 'x_103': 0.00035308301585691525, 'ecr_105_104': 0.006475685339459247, 'x_105': 0.00019592418934837865, 'ecr_106_105': 0.0058577415463551, 'x_106': 0.000313884129207873, 'ecr_93_106': 0.005426033278050524, 'ecr_93_87': 0.006783665555230578, 'ecr_86_87': 0.0036253150234672182, 'ecr_86_85': 0.009883960790425722, 'x_87': 0.0001337833525193957, 'ecr_87_88': 0.0044628804157967605, 'ecr_89_88': 0.009916340036306065, 'x_88': 0.0002506891791061948, 'ecr_89_74': 0.007013958641827245, 'x_74': 0.0001943126750591526, 'ecr_74_70': 0.013397590870756648, 'x_93': 0.00017753574109493402, 'x_85': 0.00015237948583505967, 'ecr_73_85': 0.004662016725698492, 'ecr_73_66': 0.007261245738663463, 'x_66': 0.00031676535898577345, 'ecr_66_65': 0.003873883706470127, 'ecr_64_65': 0.011735010806387391, 'sx_64': 0.0005250583384000526, 'ecr_64_54': 0.013525838363776577, 'ecr_54_45': 0.008963362225487298, 'x_45': 0.00020180421337637102, 'ecr_45_44': 0.013154797519550454, 'ecr_43_44': 0.01202914238959027, 'x_54': 0.00021248588620402392, 'ecr_45_46': 0.01693003218967054, 'ecr_63_64': 1, 'x_64': 0.0005250583384000526, 'ecr_63_62': 1, 'x_62': 0.00011771791138274587, 'x_63': 0.006186606525047403, 'x_65': 0.0001204019373331323, 'ecr_67_66': 1, 'x_73': 0.000162882115602523, 'ecr_68_67': 1, 'sx_68': 0.00023640665765555042, 'ecr_69_68': 0.009250057775549325, 'ecr_68_55': 0.014524913345284635, 'x_55': 0.00020250594726934571, 'ecr_55_49': 0.016168795578957118, 'x_49': 0.0004572303176937028, 'ecr_49_50': 0.0069349390021389845, 'ecr_50_51': 0.0073115378438947665, 'x_50': 0.00029635578244281767, 'ecr_49_48': 0.01130662344768349, 'ecr_36_51': 0.009498599219375375, 'ecr_47_48': 0.004655339321029378, 'ecr_29_28': 0.012152058186652437, 'ecr_29_30': 0.00633388391485093, 'ecr_31_30': 0.009552731358149158, 'x_31': 0.0004755114976883224, 'ecr_31_32': 0.005156237567886718, 'x_28': 0.00028897902661474326, 'x_29': 0.00021677323662329566, 'x_48': 0.0007710666897020658, 'x_35': 0.00024184007727317603, 'ecr_32_36': 0.018648853525206677, 'x_36': 0.0006598979987859023, 'x_32': 0.00018756594465096338, 'x_69': 0.0003284913098124202, 'x_67': 0.004480828465033841, 'x_27': 0.00015207271807308093, 'x_42': 0.00020884432513976748, 'x_68': 0.00023640665765555042, 'x_60': 0.00022685163198226134, 'x_51': 0.00016098940681926304, 'x_30': 0.00012907643938849073, 'x_43': 0.00014794280308028345, 'x_40': 0.00018197866962387784, 'ecr_26_16': 0.006388527736716859, 'x_16': 0.0002077958283551641, 'x_46': 0.00019708944670720707, 'x_84': 0.0001892241966482602, 'x_86': 0.0001309182910586387, 'x_111': 0.003756776348276724, 'ecr_84_83': 0.008226555162259619, 'x_101': 0.0002691194672227735, 'x_99': 0.00020509306724535322, 'x_37': 0.0003850959542915666, 'ecr_37_38': 0.017686632272498726, 'x_19': 0.0009227154030461773, 'x_18': 0.0002239059438864381, 'ecr_14_18': 0.012157796867037662, 'x_83': 0.00037531675439361333, 'measure_28': 0.05020000000000002, 'measure_29': 0.009099999999999997, 'measure_35': 0.012199999999999989, 'measure_30': 0.01100000000000001, 'measure_48': 0.016599999999999948, 'measure_47': 0.010099999999999998, 'measure_55': 0.01629999999999998, 'measure_49': 0.005600000000000049, 'measure_67': 0.2683333333333333, 'measure_68': 0.007500000000000062, 'measure_73': 0.0041999999999999815, 'measure_66': 0.00550000000000006, 'measure_84': 0.0048000000000000265, 'measure_85': 0.016100000000000003, 'measure_82': 0.006900000000000017, 'measure_83': 0.0736, 'measure_81': 0.0036000000000000476, 'measure_62': 0.02100000000000002, 'measure_72': 0.04679999999999995, 'measure_60': 0.007199999999999984, 'measure_53': 0.02400000000000002, 'measure_41': 0.0043999999999999595, 'measure_42': 0.03059999999999996, 'measure_43': 0.010499999999999954, 'measure_34': 0.0766, 'measure_40': 0.014599999999999946, 'measure_26': 0.005600000000000049, 'measure_23': 0.01200000000000001, 'measure_21': 0.34219999999999995, 'measure_19': 0.05830000000000002, 'measure_24': 0.016100000000000003, 'measure_25': 0.02429999999999999, 'measure_80': 0.00990000000000002, 'measure_5': 0.04930000000000001, 'measure_4': 0.011099999999999999, 'measure_2': 0.020100000000000007, 'measure_61': 0.005600000000000049, 'measure_92': 0.015100000000000002, 'measure_39': 0.006299999999999972, 'measure_33': 0.007000000000000006, 'measure_71': 0.24880000000000002, 'measure_18': 0.025600000000000067, 'measure_98': 0.02079999999999993, 'measure_38': 0.031400000000000095, 'measure_100': 0.011500000000000066, 'measure_56': 0.03333333333333344, 'measure_101': 0.0043999999999999595, 'measure_86': 0.0042999999999999705, 'measure_103': 0.006099999999999994, 'measure_99': 0.011400000000000077, 'measure_57': 0.01980000000000004, 'measure_78': 0.018000000000000016, 'measure_3': 0.010699999999999932, 'measure_52': 0.015800000000000036, 'measure_91': 0.0041999999999999815, 'measure_104': 0.0033000000000000806, 'measure_105': 0.010599999999999943, 'measure_110': 0.006900000000000017, 'measure_75': 0.04820000000000002, 'measure_97': 0.015600000000000058, 'measure_79': 0.006900000000000017, 'measure_58': 0.014000000000000012, 'measure_77': 0.015499999999999958, 'measure_102': 0.03820000000000001, 'measure_14': 0.014699999999999935, 'measure_93': 0.007099999999999995, 'measure_87': 0.007600000000000051, 'measure_111': 0.020199999999999996, 'measure_96': 0.020499999999999963, 'measure_65': 0.02080000000000004, 'measure_22': 0.017299999999999982, 'measure_37': 0.012900000000000023, 'measure_118': 0.0044999999999999485, 'measure_106': 0.0052000000000000934, 'measure_122': 0.00869999999999993, 'measure_45': 0.007200000000000095, 'measure_121': 0.005900000000000016, 'measure_64': 0.007500000000000062, 'measure_54': 0.0050000000000000044, 'measure_88': 0.008599999999999941, 'measure_44': 0.005400000000000071, 'measure_89': 0.013700000000000045, 'measure_36': 0.011099999999999999, 'measure_70': 0.03833333333333333, 'measure_50': 0.011700000000000044, 'measure_76': 0.024499999999999966, 'measure_74': 0.010000000000000009, 'measure_59': 0.014499999999999957, 'measure_120': 0.022800000000000042, 'measure_27': 0.009199999999999986, 'measure_8': 0.03939999999999999, 'measure_46': 0.008000000000000007, 'measure_6': 0.0373, 'measure_51': 0.018399999999999972, 'measure_16': 0.06479999999999997, 'measure_69': 0.05666666666666664, 'measure_20': 0.35749999999999993, 'measure_63': 0.07666666666666666, 'measure_15': 0.08630000000000004, 'measure_31': 0.009000000000000008}","{'rz_7': 68.3697795440675, 'sx_7': 56.888888888888886, 'ecr_8_7': 533.3333333333333, 'rz_8': 77.94562452978046, 'ecr_16_8': 533.3333333333333, 'sx_8': 56.888888888888886, 'x_7': 56.888888888888886, 'ecr_7_6': 533.3333333333333, 'x_6': 56.888888888888886, 'rz_6': 53.47993844176918, 'ecr_6_5': 533.3333333333333, 'sx_6': 56.888888888888886, 'x_5': 56.888888888888886, 'rz_5': 92.51829865830756, 'ecr_5_4': 533.3333333333333, 'sx_5': 56.888888888888886, 'x_4': 56.888888888888886, 'rz_4': 83.19295339167834, 'ecr_4_15': 533.3333333333333, 'rz_15': 18.136333044774943, 'sx_15': 56.888888888888886, 'ecr_4_3': 533.3333333333333, 'rz_3': 79.23429169594759, 'sx_3': 56.888888888888886, 'ecr_3_2': 533.3333333333333, 'sx_4': 56.888888888888886, 'ecr_22_15': 590.2222222222222, 'rz_22': 28.83094166043952, 'sx_22': 56.888888888888886, 'x_22': 56.888888888888886, 'ecr_21_22': 803.5555555555555, 'rz_21': 68.67885858968589, 'sx_21': 56.888888888888886, 'ecr_21_20': 533.3333333333333, 'rz_20': 78.87927382608586, 'sx_20': 56.888888888888886, 'x_21': 56.888888888888886, 'ecr_23_22': 533.3333333333333, 'rz_23': 40.057642563563306, 'sx_23': 56.888888888888886, 'ecr_23_24': 533.3333333333333, 'x_23': 56.888888888888886, 'x_20': 56.888888888888886, 'ecr_19_20': 533.3333333333333, 'ecr_20_33': 533.3333333333333, 'rz_33': 85.50038518527572, 'sx_33': 56.888888888888886, 'x_33': 56.888888888888886, 'ecr_33_39': 533.3333333333333, 'rz_39': 66.080930918805, 'x_39': 56.888888888888886, 'ecr_40_39': 590.2222222222222, 'sx_39': 56.888888888888886, 'ecr_38_39': 533.3333333333333, 'rz_40': 71.86241420286699, 'sx_40': 56.888888888888886, 'ecr_41_40': 533.3333333333333, 'rz_41': 40.51052402067598, 'sx_41': 56.888888888888886, 'ecr_42_41': 533.3333333333333, 'x_41': 56.888888888888886, 'ecr_41_53': 533.3333333333333, 'x_53': 56.888888888888886, 'rz_53': 39.01849579095523, 'ecr_53_60': 533.3333333333333, 'sx_53': 56.888888888888886, 'rz_60': 81.14704370721385, 'sx_60': 56.888888888888886, 'ecr_59_60': 533.3333333333333, 'rz_59': 63.600791081960566, 'sx_59': 56.888888888888886, 'ecr_59_58': 533.3333333333333, 'rz_58': 53.460940762638096, 'x_58': 56.888888888888886, 'ecr_57_58': 533.3333333333333, 'sx_58': 56.888888888888886, 'rz_57': 27.276158403156103, 'sx_57': 56.888888888888886, 'ecr_56_57': 768.0, 'rz_56': 94.20549956475186, 'sx_56': 56.888888888888886, 'ecr_56_52': 881.7777777777777, 'x_57': 56.888888888888886, 'ecr_71_58': 533.3333333333333, 'rz_71': 92.1938823835353, 'ecr_71_77': 533.3333333333333, 'sx_71': 56.888888888888886, 'rz_77': 99.89971998007798, 'sx_77': 56.888888888888886, 'ecr_78_77': 533.3333333333333, 'rz_78': 94.09092695239067, 'sx_78': 56.888888888888886, 'ecr_78_79': 533.3333333333333, 'x_79': 56.888888888888886, 'rz_79': 93.01621520322497, 'ecr_79_91': 533.3333333333333, 'rz_91': 99.59653490111164, 'sx_91': 56.888888888888886, 'ecr_98_91': 533.3333333333333, 'rz_98': 89.24436981550024, 'sx_98': 56.888888888888886, 'x_98': 56.888888888888886, 'ecr_97_98': 533.3333333333333, 'rz_97': 28.480944969548634, 'sx_97': 56.888888888888886, 'ecr_99_98': 533.3333333333333, 'rz_99': 90.5501669036029, 'sx_99': 56.888888888888886, 'ecr_99_100': 533.3333333333333, 'ecr_80_79': 533.3333333333333, 'sx_79': 56.888888888888886, 'rz_80': 93.8945949501889, 'sx_80': 56.888888888888886, 'ecr_80_81': 533.3333333333333, 'rz_81': 68.15143253628978, 'ecr_81_72': 533.3333333333333, 'rz_72': 62.572429223161, 'sx_72': 56.888888888888886, 'x_81': 56.888888888888886, 'ecr_81_82': 533.3333333333333, 'sx_81': 56.888888888888886, 'rz_82': 96.93096766001209, 'sx_82': 56.888888888888886, 'ecr_82_83': 533.3333333333333, 'rz_83': 33.99483864380015, 'sx_83': 56.888888888888886, 'ecr_92_83': 533.3333333333333, 'rz_92': 58.83591177935854, 'sx_92': 56.888888888888886, 'ecr_92_102': 533.3333333333333, 'rz_102': 79.02915638799414, 'sx_102': 56.888888888888886, 'ecr_101_102': 533.3333333333333, 'ecr_102_103': 533.3333333333333, 'rz_103': 19.744193729913995, 'sx_103': 56.888888888888886, 'x_102': 56.888888888888886, 'ecr_104_103': 533.3333333333333, 'rz_104': 14.134576372617408, 'sx_104': 56.888888888888886, 'ecr_111_104': 533.3333333333333, 'rz_111': 71.07739432816827, 'sx_111': 56.888888888888886, 'ecr_122_111': 533.3333333333333, 'rz_122': 52.7354679612121, 'sx_122': 56.888888888888886, 'x_122': 56.888888888888886, 'ecr_121_122': 533.3333333333333, 'rz_121': 71.55761860459936, 'sx_121': 56.888888888888886, 'x_121': 56.888888888888886, 'ecr_120_121': 533.3333333333333, 'rz_120': 84.99711290165287, 'sx_120': 56.888888888888886, 'x_104': 56.888888888888886, 'ecr_105_104': 533.3333333333333, 'rz_105': 96.13343008325691, 'sx_105': 56.888888888888886, 'x_105': 56.888888888888886, 'ecr_106_105': 533.3333333333333, 'rz_106': 15.773382004065741, 'sx_106': 56.888888888888886, 'x_106': 56.888888888888886, 'ecr_93_106': 533.3333333333333, 'rz_93': 84.60813964567656, 'sx_93': 56.888888888888886, 'ecr_93_87': 533.3333333333333, 'ecr_86_87': 533.3333333333333, 'rz_87': 74.56505554686545, 'sx_87': 56.888888888888886, 'rz_86': 65.09121657356604, 'sx_86': 56.888888888888886, 'ecr_86_85': 533.3333333333333, 'x_87': 56.888888888888886, 'ecr_87_88': 533.3333333333333, 'rz_88': 13.797378177947872, 'sx_88': 56.888888888888886, 'x_93': 56.888888888888886, 'ecr_89_88': 533.3333333333333, 'rz_89': 38.21783701769451, 'sx_89': 56.888888888888886, 'ecr_89_74': 533.3333333333333, 'rz_85': 46.5440176422751, 'sx_85': 56.888888888888886, 'ecr_73_85': 533.3333333333333, 'rz_73': 87.32275377235742, 'sx_73': 56.888888888888886, 'ecr_73_66': 533.3333333333333, 'x_66': 56.888888888888886, 'rz_66': 97.63815398364699, 'ecr_66_65': 533.3333333333333, 'sx_66': 56.888888888888886, 'rz_65': 37.35899153904955, 'sx_65': 56.888888888888886, 'ecr_64_65': 590.2222222222222, 'rz_64': 66.42442748692005, 'sx_64': 56.888888888888886, 'ecr_64_54': 533.3333333333333, 'rz_54': 78.79600362355261, 'sx_54': 56.888888888888886, 'ecr_54_45': 533.3333333333333, 'x_54': 56.888888888888886, 'ecr_63_64': 533.3333333333333, 'rz_63': 97.25618401867492, 'sx_63': 56.888888888888886, 'ecr_63_62': 533.3333333333333, 'rz_62': 17.79248405453881, 'x_62': 56.888888888888886, 'ecr_61_62': 533.3333333333333, 'sx_62': 56.888888888888886, 'rz_61': 96.43887487220917, 'sx_61': 56.888888888888886, 'ecr_61_60': 533.3333333333333, 'x_64': 56.888888888888886, 'x_45': 56.888888888888886, 'rz_45': 20.473138934640296, 'ecr_45_46': 533.3333333333333, 'sx_45': 56.888888888888886, 'ecr_67_66': 533.3333333333333, 'x_73': 56.888888888888886, 'rz_67': 41.88755530553537, 'sx_67': 56.888888888888886, 'ecr_68_67': 533.3333333333333, 'rz_68': 89.92773576666137, 'sx_68': 56.888888888888886, 'ecr_69_68': 533.3333333333333, 'ecr_68_55': 775.1111111111111, 'x_55': 56.888888888888886, 'rz_55': 77.01643535633943, 'ecr_55_49': 533.3333333333333, 'sx_55': 56.888888888888886, 'x_49': 56.888888888888886, 'rz_49': 31.25325952699119, 'ecr_49_50': 590.2222222222222, 'rz_50': 52.56569755311017, 'sx_50': 56.888888888888886, 'ecr_50_51': 341.3333333333333, 'rz_51': 56.23189482962277, 'sx_51': 56.888888888888886, 'ecr_36_51': 533.3333333333333, 'rz_36': 31.49122863713463, 'sx_36': 56.888888888888886, 'x_50': 56.888888888888886, 'ecr_49_48': 533.3333333333333, 'sx_49': 56.888888888888886, 'rz_48': 47.51350651735878, 'sx_48': 56.888888888888886, 'ecr_47_48': 533.3333333333333, 'rz_47': 75.7540155811579, 'sx_47': 56.888888888888886, 'x_47': 56.888888888888886, 'ecr_35_47': 533.3333333333333, 'rz_35': 72.77845046296252, 'sx_35': 56.888888888888886, 'ecr_35_28': 533.3333333333333, 'rz_28': 63.55378433417577, 'sx_28': 56.888888888888886, 'ecr_29_28': 533.3333333333333, 'rz_29': 68.12797464191868, 'sx_29': 56.888888888888886, 'ecr_29_30': 533.3333333333333, 'rz_30': 36.156600506462546, 'sx_30': 56.888888888888886, 'x_28': 56.888888888888886, 'ecr_28_27': 533.3333333333333, 'x_29': 56.888888888888886, 'x_35': 56.888888888888886, 'ecr_31_30': 533.3333333333333, 'rz_31': 58.32147294937813, 'sx_31': 56.888888888888886, 'ecr_31_32': 533.3333333333333, 'rz_32': 24.794120581965316, 'sx_32': 56.888888888888886, 'ecr_32_36': 533.3333333333333, 'x_36': 56.888888888888886, 'rz_69': 68.82203156510755, 'sx_69': 56.888888888888886, 'x_67': 56.888888888888886, 'x_68': 56.888888888888886, 'rz_27': 87.62428671381278, 'sx_27': 56.888888888888886, 'ecr_47_46': 533.3333333333333, 'rz_46': 75.7923601516813, 'sx_46': 56.888888888888886, 'x_48': 56.888888888888886, 'x_46': 56.888888888888886, 'x_31': 56.888888888888886, 'ecr_45_44': 533.3333333333333, 'rz_44': 43.27238375552802, 'sx_44': 56.888888888888886, 'x_32': 56.888888888888886, 'x_86': 56.888888888888886, 'x_85': 56.888888888888886, 'ecr_85_84': 533.3333333333333, 'x_84': 56.888888888888886, 'rz_84': 62.59922470251722, 'ecr_84_83': 448.0, 'sx_84': 56.888888888888886, 'x_82': 56.888888888888886, 'ecr_72_62': 533.3333333333333, 'x_72': 56.888888888888886, 'x_83': 56.888888888888886, 'measure_31': 1244.4444444444443}","{'2': 0.020100000000000007, '3': 0.010699999999999932, '4': 0.011099999999999999, '5': 0.04930000000000001, '6': 0.0373, '8': 0.03939999999999999, '14': 0.014699999999999935, '15': 0.08630000000000004, '16': 0.06479999999999997, '18': 0.025600000000000067, '19': 0.05830000000000002, '20': 0.35749999999999993, '21': 0.34219999999999995, '22': 0.017299999999999982, '23': 0.01200000000000001, '24': 0.016100000000000003, '25': 0.02429999999999999, '26': 0.005600000000000049, '27': 0.009199999999999986, '28': 0.05020000000000002, '29': 0.009099999999999997, '30': 0.01100000000000001, '31': 0.009000000000000008, '33': 0.007000000000000006, '34': 0.0766, '35': 0.012199999999999989, '36': 0.011099999999999999, '37': 0.012900000000000023, '38': 0.031400000000000095, '39': 0.006299999999999972, '40': 0.014599999999999946, '41': 0.0043999999999999595, '42': 0.03059999999999996, '43': 0.010499999999999954, '44': 0.005400000000000071, '45': 0.007200000000000095, '46': 0.008000000000000007, '47': 0.010099999999999998, '48': 0.016599999999999948, '49': 0.005600000000000049, '50': 0.011700000000000044, '51': 0.018399999999999972, '52': 0.015800000000000036, '53': 0.02400000000000002, '54': 0.0050000000000000044, '55': 0.01629999999999998, '56': 0.03333333333333344, '57': 0.01980000000000004, '58': 0.014000000000000012, '59': 0.014499999999999957, '60': 0.007199999999999984, '61': 0.005600000000000049, '62': 0.02100000000000002, '63': 0.07666666666666666, '64': 0.007500000000000062, '65': 0.02080000000000004, '66': 0.00550000000000006, '67': 0.2683333333333333, '68': 0.007500000000000062, '69': 0.05666666666666664, '70': 0.03833333333333333, '71': 0.24880000000000002, '72': 0.04679999999999995, '73': 0.0041999999999999815, '74': 0.010000000000000009, '75': 0.04820000000000002, '76': 0.024499999999999966, '77': 0.015499999999999958, '78': 0.018000000000000016, '79': 0.006900000000000017, '80': 0.00990000000000002, '81': 0.0036000000000000476, '82': 0.006900000000000017, '83': 0.0736, '84': 0.0048000000000000265, '85': 0.016100000000000003, '86': 0.0042999999999999705, '87': 0.007600000000000051, '88': 0.008599999999999941, '89': 0.013700000000000045, '91': 0.0041999999999999815, '92': 0.015100000000000002, '93': 0.007099999999999995, '96': 0.020499999999999963, '97': 0.015600000000000058, '98': 0.02079999999999993, '99': 0.011400000000000077, '100': 0.011500000000000066, '101': 0.0043999999999999595, '102': 0.03820000000000001, '103': 0.006099999999999994, '104': 0.0033000000000000806, '105': 0.010599999999999943, '106': 0.0052000000000000934, '110': 0.006900000000000017, '111': 0.020199999999999996, '118': 0.0044999999999999485, '120': 0.022800000000000042, '121': 0.005900000000000016, '122': 0.00869999999999993}"
2,torino,133,8502,"{'rz_4': 0.0023426917105055143, 'sx_4': 0.00020553951091112555, 'rz_5': 0.001765270860238153, 'sx_5': 0.00019092283544700324, 'sx_6': 0.00044495955723919617, 'rz_7': 0.0024236063391585108, 'sx_7': 0.004004392198776298, 'rz_8': 0.0014904354427468902, 'sx_8': 0.0002803011785395288, 'rz_9': 0.003145949746878988, 'sx_9': 0.0005890983454125099, 'rz_16': 0.0027005442358212944, 'sx_16': 0.00027105960044679074, 'rz_17': 0.0009537566258877951, 'sx_17': 0.0011704699841403958, 'cz_8_17': 0.004779365098478677, 'cz_9_8': 0.004050718061288788, 'rz_18': 0.00023994624351596797, 'sx_18': 0.0019191280961199184, 'rz_21': 0.002819041121660839, 'sx_21': 0.00041060491741957966, 'rz_22': 0.0034898055110924187, 'sx_22': 0.00035702574089681576, 'rz_23': 0.004721893323701848, 'sx_23': 0.0002186736746390846, 'rz_24': 0.0025648247187350084, 'sx_24': 0.0010697447752799206, 'rz_25': 0.004453899412132789, 'sx_25': 0.00033401935298556717, 'rz_26': 0.002102656423446754, 'sx_26': 0.00030609253136123295, 'sx_27': 0.0002667385259036211, 'rz_28': 0.003739573276462971, 'sx_28': 0.00035323772262536667, 'rz_29': 0.003868934479552401, 'sx_29': 0.00036526812089163587, 'rz_30': 0.0013630000477016693, 'sx_30': 0.00027204808777855737, 'rz_31': 0.0026682550774432606, 'sx_31': 0.0002273219408589783, 'rz_34': 0.0030204875725644573, 'sx_34': 0.0002617990131463471, 'rz_35': 0.0029543527208035127, 'sx_35': 0.00031782037194173155, 'rz_36': 0.0031508323670428437, 'sx_36': 0.0004744234620910133, 'rz_38': 0.001101745598875795, 'sx_38': 0.00023624055996023045, 'rz_39': 0.0037861719237976318, 'sx_39': 0.0003350872755839602, 'rz_40': 0.004876987681139927, 'sx_40': 0.00020450974600735609, 'rz_41': 0.0030018001205466245, 'sx_41': 0.005205956390881583, 'rz_42': 0.003974602855305131, 'rz_43': 0.0008283171745091288, 'sx_43': 0.0002057653759001534, 'rz_44': 0.002367983466115631, 'sx_44': 0.00017329303819008077, 'cz_43_44': 0.003494622402191949, 'cz_44_35': 0.0041469117640828, 'rz_45': 0.003595548678423087, 'sx_45': 0.0017831230181486336, 'rz_46': 0.0028207695231797516, 'sx_46': 0.00036258603927239575, 'rz_47': 0.0012535752520527739, 'sx_47': 0.00035345437463973, 'rz_48': 0.002418319061334367, 'sx_48': 0.00011068877290635674, 'rz_49': 0.002346958490221156, 'sx_49': 0.00032136227632420224, 'rz_50': 0.003952660619532627, 'sx_50': 0.0003466840961198124, 'rz_51': 0.004745061169851391, 'sx_51': 0.0003727708171329064, 'rz_52': 0.0035441146264755326, 'sx_52': 0.00013690514696411147, 'rz_53': 0.003105570256338332, 'sx_53': 0.00024478570710084236, 'rz_54': 0.0018313139487783502, 'sx_54': 0.00019861099255817212, 'rz_55': 0.003249064773073514, 'rz_56': 0.0029811952527165476, 'sx_56': 0.0002539801795061896, 'rz_57': 0.004067594377795482, 'sx_57': 0.0006061992296193305, 'rz_58': 0.004847096230927694, 'sx_58': 0.0002638407536693598, 'rz_59': 0.001292186730979704, 'sx_59': 0.00038846806882328886, 'rz_60': 0.0007239755205769637, 'sx_60': 0.0023136573420382053, 'rz_61': 0.002609977966332804, 'sx_61': 0.0005400504792173795, 'rz_62': 0.0015038210757819185, 'sx_62': 0.0005169281132486898, 'rz_63': 0.003783731523496169, 'sx_63': 0.0005772681335079142, 'rz_64': 0.0006751479597937205, 'sx_64': 0.00022822696709106876, 'rz_65': 0.0040379173987525364, 'sx_65': 0.00025331306936095623, 'rz_66': 0.0015946737160484786, 'sx_66': 0.00034551492299659566, 'rz_67': 0.0007671074008825459, 'sx_67': 0.0003410302389163461, 'rz_68': 0.004724670701408541, 'sx_68': 0.0003132083283654205, 'rz_69': 0.0004859511472586412, 'sx_69': 0.0005859576479768825, 'cz_56_69': 0.004195315659418664, 'rz_70': 0.0004492468338563597, 'sx_70': 0.0005186270076904963, 'rz_71': 0.0031446018164298095, 'sx_71': 0.00040180618382850564, 'rz_72': 0.001159124693874728, 'sx_72': 0.0005938348525037677, 'rz_73': 0.000971135786090985, 'sx_73': 0.0006001513539519401, 'rz_74': 0.004071538943156745, 'sx_74': 0.0004247040204539749, 'rz_75': 0.0011716648162385145, 'sx_75': 0.0020816993097907063, 'cz_71_75': 0.004617370191729475, 'x_71': 0.00040180618382850564, 'cz_70_71': 0.007221192546415123, 'x_70': 0.0005186270076904963, 'cz_69_70': 0.010041201224200103, 'cz_50_56': 0.002720646478507227, 'cz_69_68': 0.005407560548219559, 'cz_68_67': 0.0031328498192085275, 'cz_69_56': 0.004195315659418664, 'cz_56_50': 0.002720646478507227, 'cz_50_49': 0.002344291177346969, 'cz_68_69': 0.005407560548219559, 'x_67': 0.0003410302389163461, 'rz_76': 0.003053180309216194, 'sx_76': 0.0002691887201546626, 'rz_77': 0.004170308917709769, 'sx_77': 0.00025046025845527767, 'rz_78': 0.0009382391307476074, 'sx_78': 0.00039586970463896634, 'rz_79': 0.0007127138937097956, 'sx_79': 0.003159397252051998, 'rz_80': 0.000279556604389986, 'sx_80': 0.0002941751900649393, 'rz_81': 0.0018272492692651104, 'sx_81': 0.0003046006941524106, 'rz_82': 0.0005954566741344207, 'sx_82': 0.00042908383484880795, 'rz_83': 0.0008118069841938369, 'rz_84': 0.004864121409740147, 'rz_85': 0.0032491082642688435, 'sx_85': 0.0015188108577179119, 'rz_86': 0.002498442381522642, 'sx_86': 0.00017049158763045072, 'rz_87': 0.004824695336988445, 'sx_87': 0.00026907597203813295, 'rz_88': 0.0007486914231239605, 'sx_88': 0.00022772561430723192, 'rz_89': 0.004900557280109851, 'sx_89': 0.0007592597443985899, 'rz_90': 0.0014630413566813303, 'sx_90': 0.000256941859326309, 'cz_75_90': 0.004371643670131625, 'x_75': 0.0020816993097907063, 'cz_90_89': 0.0041567962129495095, 'cz_88_89': 0.007019804169260041, 'x_88': 0.00022772561430723192, 'cz_89_90': 0.0041567962129495095, 'x_89': 0.0007592597443985899, 'cz_89_88': 0.007019804169260041, 'cz_90_75': 0.004371643670131625, 'cz_75_71': 0.004617370191729475, 'cz_71_70': 0.007221192546415123, 'cz_70_69': 0.010041201224200103, 'rz_91': 0.004587543766286006, 'sx_91': 0.00042812086699439884, 'rz_92': 0.003397006538142737, 'sx_92': 0.0005740161888012132, 'rz_93': 0.004269152344019552, 'rz_94': 0.004648877683275786, 'sx_94': 0.0003971591604120722, 'cz_88_94': 0.0021844190689495613, 'cz_88_87': 0.0015488982694174536, 'cz_87_86': 0.0027756031386550473, 'cz_86_74': 0.002357292471096173, 'cz_67_74': 0.0019450697081849766, 'cz_74_86': 0.002357292471096173, 'rz_95': 0.0033567493753706617, 'sx_95': 0.0003244394773336572, 'rz_96': 0.00025730869287185335, 'sx_96': 0.00024866831610460393, 'rz_97': 0.00044300725231165284, 'sx_97': 0.0002022122252154387, 'rz_98': 0.002310730786137586, 'sx_98': 0.0003434297619226737, 'rz_99': 0.0004179413598448584, 'sx_99': 0.0002653458852688573, 'rz_100': 0.0008577855168385441, 'sx_100': 0.0013536152998374718, 'rz_101': 0.004093552418921844, 'sx_101': 0.00013879115388061426, 'rz_102': 0.004385966679908153, 'sx_102': 0.0003681280031902938, 'rz_103': 0.004678611040686976, 'sx_103': 0.00014866428763862718, 'rz_104': 0.004121505472456769, 'sx_104': 0.00032972774541761965, 'rz_105': 0.0018808393027600486, 'sx_105': 0.0005733346830884135, 'rz_106': 0.0031736177598549868, 'sx_106': 0.0007600304885342135, 'rz_107': 0.004345288299039951, 'sx_107': 0.00023702609674777528, 'cz_107_94': 0.00325844074601897, 'cz_94_88': 0.0021844190689495613, 'cz_86_87': 0.0027756031386550473, 'x_86': 0.00017049158763045072, 'rz_108': 0.0028713950322074616, 'sx_108': 0.00025916852936559855, 'cz_108_107': 0.002120709263298326, 'cz_106_107': 0.00641272308557439, 'x_74': 0.0004247040204539749, 'cz_74_67': 0.0019450697081849766, 'cz_67_66': 0.003664192165900748, 'cz_66_65': 0.008826026920004393, 'cz_55_65': 0.003704061465073377, 'sx_55': 0.00016325524599975164, 'cz_55_46': 0.005040618156919557, 'cz_45_46': 0.014328681425020251, 'x_45': 0.0017831230181486336, 'cz_65_55': 0.003704061465073377, 'cz_46_55': 0.005040618156919557, 'x_46': 0.00036258603927239575, 'cz_46_47': 0.0034598050506204903, 'cz_47_48': 0.00279277003504827, 'cz_48_49': 0.004642877423855246, 'x_48': 0.00011068877290635674, 'cz_51_50': 0.0028250451505051066, 'cz_52_51': 0.0023489539850914953, 'x_47': 0.00035345437463973, 'cz_36_48': 0.002546231488078615, 'x_36': 0.0004744234620910133, 'cz_48_36': 0.002546231488078615, 'cz_29_36': 0.0029318979663828515, 'x_29': 0.00036526812089163587, 'cz_36_29': 0.0029318979663828515, 'cz_28_29': 0.006056459751767218, 'x_28': 0.00035323772262536667, 'cz_29_30': 0.0018368085301027903, 'cz_31_30': 0.0021454249636467804, 'cz_18_31': 0.020217322948769434, 'cz_29_28': 0.006056459751767218, 'cz_28_27': 0.002274852591676979, 'cz_27_26': 0.0031992697761896727, 'cz_26_25': 0.002871200186135292, 'cz_25_35': 0.0024891552733805333, 'x_25': 0.00033401935298556717, 'cz_30_29': 0.0018368085301027903, 'cz_17_27': 0.004459868880477252, 'cz_25_26': 0.002871200186135292, 'cz_25_24': 0.006506944375047452, 'cz_24_23': 0.007208196356259078, 'cz_22_23': 0.0045949851562761546, 'x_22': 0.00035702574089681576, 'cz_21_22': 0.003940089041905043, 'cz_34_21': 0.004946194099055584, 'cz_16_23': 0.0038634817182164882, 'x_16': 0.00027105960044679074, 'cz_4_16': 0.0027691082085795904, 'cz_5_4': 0.003065510965352236, 'cz_23_24': 0.007208196356259078, 'x_23': 0.0002186736746390846, 'cz_24_25': 0.006506944375047452, 'x_24': 0.0010697447752799206, 'cz_7_8': 0.012685911529177196, 'cz_7_6': 0.02312820208183014, 'cz_27_28': 0.002274852591676979, 'cz_8_7': 0.012685911529177196, 'cz_35_44': 0.0041469117640828, 'rz_27': 0.0016621613878012075, 'cz_42_43': 0.0036190805189835196, 'sx_42': 0.00019919646543851367, 'cz_42_54': 0.003668892306083388, 'cz_54_61': 0.006437641674161998, 'cz_61_62': 0.005278584245645007, 'cz_62_63': 0.004622297589194357, 'cz_44_43': 0.003494622402191949, 'cz_43_42': 0.0036190805189835196, 'cz_41_42': 0.01370166292167771, 'x_41': 0.005205956390881583, 'cz_48_47': 0.00279277003504827, 'cz_47_46': 0.0034598050506204903, 'cz_63_64': 0.005259992455552948, 'x_63': 0.0005772681335079142, 'cz_65_64': 0.0054114842804937335, 'x_62': 0.0005169281132486898, 'cz_63_73': 0.003048608571789707, 'cz_73_82': 0.0024768881969011725, 'cz_82_81': 0.0045616721542275085, 'cz_81_80': 0.011153672552937005, 'cz_80_92': 0.0019921819711647692, 'cz_92_99': 0.0020737980572468617, 'cz_99_100': 0.010854388328868453, 'x_99': 0.0002653458852688573, 'cz_101_100': 0.006127603567205986, 'cz_98_99': 0.006193639690124958, 'x_98': 0.0003434297619226737, 'cz_97_98': 0.002133654332461432, 'cz_96_97': 0.002512669598753181, 'rz_110': 0.0028787813767247477, 'sx_110': 0.0001250709090217621, 'rz_111': 0.0041314649876770205, 'sx_111': 0.00024081523784914833, 'cz_111_101': 0.0020803133653848893, 'rz_112': 0.003941003899540752, 'sx_112': 0.000332288494423851, 'rz_116': 0.0003888244050011749, 'sx_116': 0.00010712705454037943, 'cz_116_110': 0.0053491744689670995, 'cz_110_97': 0.0016779902763694454, 'rz_117': 0.0038342239841258367, 'sx_117': 0.0004878462328076314, 'cz_117_116': 0.0026146070017365464, 'sx_118': 0.000741699720859589, 'sx_119': 0.00015318290240263737, 'rz_120': 0.003241460260660092, 'sx_120': 0.00017235990578135625, 'cz_120_111': 0.0024208103789095936, 'cz_102_101': 0.0025093269736080337, 'x_92': 0.0005740161888012132, 'cz_99_92': 0.0020737980572468617, 'cz_80_79': 0.021833632455957597, 'cz_79_78': 0.031089063829266517, 'cz_77_78': 0.004027721371655996, 'x_77': 0.00025046025845527767, 'cz_76_77': 0.004460998356739243, 'cz_91_76': 0.01197593726018828, 'cz_95_91': 0.0040686640783869354, 'cz_78_72': 0.0034306863193948323, 'cz_59_72': 0.0023867405349450033, 'x_59': 0.00038846806882328886, 'cz_58_59': 0.0028015735037109912, 'cz_57_58': 0.0027719587325972794, 'cz_53_57': 0.003315216797775772, 'cz_72_78': 0.0034306863193948323, 'x_72': 0.0005938348525037677, 'cz_60_59': 0.032354182471738324, 'cz_61_60': 0.01582066170249724, 'cz_78_79': 0.031089063829266517, 'cz_79_80': 0.021833632455957597, 'x_80': 0.0002941751900649393, 'cz_80_81': 0.011153672552937005, 'cz_100_101': 0.006127603567205986, 'rz_121': 0.003627750005890237, 'sx_121': 0.0014103827212980074, 'cz_121_120': 0.002963640907565346, 'cz_101_111': 0.0020803133653848893, 'x_101': 0.00013879115388061426, 'cz_101_102': 0.0025093269736080337, 'cz_102_103': 0.003865149747523, 'cz_103_104': 0.002544914086194866, 'x_103': 0.00014866428763862718, 'cz_105_104': 0.004264753315633002, 'cz_112_105': 0.007157273436243727, 'x_102': 0.0003681280031902938, 'rz_124': 0.001923531797337653, 'sx_124': 0.0001948300131316079, 'cz_124_112': 0.011510548627216288, 'cz_93_103': 0.002238445543357087, 'sx_93': 0.00016555850781057842, 'cz_84_93': 0.0024820075992892654, 'sx_84': 0.0005664249946443387, 'cz_84_85': 0.009759978074712156, 'x_84': 0.0005664249946443387, 'cz_83_84': 0.003700359414464005, 'sx_83': 0.0004944730668223047, 'cz_83_82': 0.012161648151098159, 'x_82': 0.00042908383484880795, 'x_73': 0.0006001513539519401, 'cz_73_63': 0.003048608571789707, 'cz_63_62': 0.004622297589194357, 'cz_62_61': 0.005278584245645007, 'cz_61_54': 0.006437641674161998, 'x_42': 0.00019919646543851367, 'cz_42_41': 0.01370166292167771, 'cz_41_40': 0.009655487920317729, 'cz_39_40': 0.0024677709484476062, 'x_39': 0.0003350872755839602, 'cz_38_39': 0.003952786502263245, 'cz_40_41': 0.009655487920317729, 'x_40': 0.00020450974600735609, 'cz_39_38': 0.003952786502263245, 'cz_38_53': 0.002812211874760717, 'cz_40_39': 0.0024677709484476062, 'cz_82_73': 0.0024768881969011725, 'cz_54_42': 0.003668892306083388, 'cz_82_83': 0.012161648151098159, 'cz_85_84': 0.009759978074712156, 'cz_104_103': 0.002544914086194866, 'cz_103_102': 0.003865149747523, 'cz_100_99': 0.010854388328868453, 'cz_92_80': 0.0019921819711647692, 'cz_72_59': 0.0023867405349450033, 'cz_59_60': 0.032354182471738324, 'cz_104_105': 0.004264753315633002, 'cz_84_83': 0.003700359414464005, 'cz_105_112': 0.007157273436243727, 'x_54': 0.00019861099255817212, 'cz_103_93': 0.002238445543357087, 'cz_93_84': 0.0024820075992892654, 'cz_81_82': 0.0045616721542275085, 'cz_59_58': 0.0028015735037109912, 'cz_60_61': 0.01582066170249724, 'cz_78_77': 0.004027721371655996, 'cz_77_76': 0.004460998356739243, 'cz_76_91': 0.01197593726018828, 'cz_112_124': 0.011510548627216288, 'cz_97_96': 0.002512669598753181, 'cz_96_95': 0.0065409214776413205, 'cz_120_119': 0.002232908522018018, 'cz_119_118': 0.007057269918229803, 'rz_118': 0.003533506013352319, 'cz_91_95': 0.0040686640783869354, 'cz_99_98': 0.006193639690124958, 'cz_95_96': 0.0065409214776413205, 'cz_97_110': 0.0016779902763694454, 'cz_110_116': 0.0053491744689670995, 'cz_116_117': 0.0026146070017365464, 'cz_117_118': 0.009356518411865494, 'cz_64_65': 0.0054114842804937335, 'cz_64_63': 0.005259992455552948, 'cz_26_27': 0.0031992697761896727, 'cz_35_25': 0.0024891552733805333, 'x_78': 0.00039586970463896634, 'cz_23_22': 0.0045949851562761546, 'x_83': 0.0004944730668223047, 'cz_23_16': 0.0038634817182164882, 'cz_4_5': 0.003065510965352236, 'cz_6_5': 0.00999314176139024, 'cz_21_34': 0.004946194099055584, 'cz_34_40': 0.002485900111421885, 'cz_16_4': 0.0027691082085795904, 'cz_5_6': 0.00999314176139024, 'rz_6': 0.004409441249981223, 'cz_6_7': 0.02312820208183014, 'cz_22_21': 0.003940089041905043, 'cz_46_45': 0.014328681425020251, 'cz_49_48': 0.004642877423855246, 'cz_44_45': 0.014286868138863096, 'cz_45_44': 0.014286868138863096, 'cz_65_66': 0.008826026920004393, 'cz_66_67': 0.003664192165900748, 'x_65': 0.00025331306936095623, 'measure_112': 0.009600000000000053, 'measure_105': 0.02210000000000001, 'measure_124': 0.06769999999999998, 'measure_103': 0.01990000000000003, 'measure_104': 0.011800000000000033, 'measure_84': 0.06340000000000001, 'measure_93': 0.008700000000000041, 'measure_82': 0.05800000000000005, 'measure_83': 0.010499999999999954, 'measure_81': 0.02400000000000002, 'measure_73': 0.00869999999999993, 'measure_80': 0.023500000000000076, 'measure_79': 0.03370000000000006, 'measure_78': 0.0363, 'measure_72': 0.014399999999999968, 'measure_62': 0.015600000000000058, 'measure_61': 0.02069999999999994, 'measure_60': 0.018100000000000005, 'measure_59': 0.023600000000000065, 'measure_54': 0.007200000000000095, 'measure_55': 0.011199999999999988, 'measure_46': 0.034599999999999964, 'measure_45': 0.028899999999999926, 'measure_44': 0.021600000000000064, 'measure_35': 0.011199999999999988, 'measure_66': 0.01090000000000002, 'measure_43': 0.012199999999999989, 'measure_67': 0.058499999999999996, 'measure_69': 0.03720000000000001, 'measure_74': 0.006900000000000017, 'measure_68': 0.02639999999999998, 'measure_70': 0.043300000000000005, 'measure_86': 0.09360000000000002, 'measure_75': 0.06679999999999997, 'measure_71': 0.03600000000000003, 'measure_88': 0.042100000000000026, 'measure_89': 0.010699999999999932, 'measure_87': 0.005400000000000071, 'measure_107': 0.03069999999999995, 'measure_94': 0.012199999999999989, 'measure_90': 0.03390000000000004, 'measure_47': 0.01550000000000007, 'measure_49': 0.007800000000000029, 'measure_108': 0.006299999999999972, 'measure_41': 0.03400000000000003, 'measure_25': 0.020399999999999974, 'measure_48': 0.05590000000000006, 'measure_50': 0.03620000000000001, 'measure_56': 0.01090000000000002, 'measure_51': 0.007099999999999995, 'measure_52': 0.009000000000000008, 'measure_36': 0.010399999999999965, 'measure_30': 0.00990000000000002, 'measure_29': 0.025700000000000056, 'measure_28': 0.0129999999999999, 'measure_27': 0.02849999999999997, 'measure_24': 0.007199999999999984, 'measure_31': 0.07220000000000004, 'measure_17': 0.016699999999999937, 'measure_7': 0.029299999999999993, 'measure_9': 0.016100000000000003, 'measure_5': 0.03539999999999999, 'measure_16': 0.010399999999999965, 'measure_23': 0.017199999999999993, 'measure_4': 0.015700000000000047, 'measure_58': 0.009500000000000064, 'measure_22': 0.011800000000000033, 'measure_40': 0.023399999999999976, 'measure_57': 0.015800000000000036, 'measure_77': 0.012699999999999934, 'measure_8': 0.025700000000000056, 'measure_76': 0.0343, 'measure_42': 0.025700000000000056, 'measure_85': 0.025399999999999978, 'measure_65': 0.01539999999999997, 'measure_106': 0.026799999999999935, 'measure_63': 0.021199999999999997, 'measure_26': 0.005099999999999993, 'measure_91': 0.019600000000000062, 'measure_118': 0.06110000000000004, 'measure_98': 0.01529999999999998, 'measure_99': 0.015900000000000025, 'measure_64': 0.01629999999999998, 'measure_95': 0.04370000000000007, 'measure_110': 0.006599999999999939, 'measure_101': 0.04380000000000006, 'measure_111': 0.01539999999999997, 'measure_92': 0.005600000000000049, 'measure_100': 0.018000000000000016, 'measure_121': 0.03639999999999999, 'measure_116': 0.017900000000000027, 'measure_117': 0.012599999999999945, 'measure_96': 0.007099999999999995, 'measure_38': 0.1099, 'measure_53': 0.011299999999999977, 'measure_102': 0.007900000000000018, 'measure_39': 0.010499999999999954, 'measure_97': 0.03170000000000006, 'measure_34': 0.013800000000000034, 'measure_21': 0.04069999999999996}","{'rz_75': 40.74934369457082, 'sx_75': 32.0, 'cz_71_75': 119.99999999999999, 'sx_71': 32.0, 'cz_70_71': 84.0, 'rz_71': 46.146426678973434, 'cz_75_90': 104.0, 'sx_90': 32.0, 'rz_90': 96.63558247301286, 'sx_70': 32.0, 'cz_90_89': 100.0, 'rz_89': 92.44566981127214, 'sx_89': 32.0, 'cz_88_89': 84.0, 'cz_89_90': 100.0, 'cz_89_88': 84.0, 'rz_88': 43.894844069643376, 'sx_88': 32.0, 'cz_88_94': 92.0, 'sx_94': 32.0, 'rz_94': 93.45564747410262, 'cz_88_87': 84.0, 'sx_87': 32.0, 'cz_87_86': 84.0, 'sx_86': 32.0, 'cz_86_74': 124.0, 'rz_74': 54.81563746342733, 'sx_74': 32.0, 'cz_67_74': 88.0, 'cz_74_86': 124.0, 'rz_86': 42.35721294565732, 'cz_86_87': 84.0, 'rz_87': 87.51423769223986, 'cz_74_67': 88.0, 'sx_67': 32.0, 'cz_67_66': 84.0, 'sx_66': 32.0, 'cz_66_65': 84.0, 'rz_65': 52.3831156436095, 'cz_55_65': 124.0, 'sx_55': 32.0, 'rz_55': 14.432207625867886, 'cz_55_46': 100.0, 'rz_46': 40.39582197642939, 'sx_46': 32.0, 'cz_45_46': 124.0, 'cz_46_55': 100.0, 'cz_65_55': 124.0, 'sx_65': 32.0, 'x_46': 32.0, 'cz_46_47': 84.0, 'sx_47': 32.0, 'cz_47_48': 84.0, 'rz_48': 16.880454585292977, 'sx_48': 32.0, 'cz_48_49': 84.0, 'sx_49': 32.0, 'rz_49': 67.11172506314495, 'cz_50_49': 84.0, 'sx_50': 32.0, 'cz_36_48': 84.0, 'cz_48_36': 84.0, 'rz_36': 70.9603592417895, 'sx_36': 32.0, 'cz_29_36': 84.0, 'x_36': 32.0, 'cz_36_29': 84.0, 'rz_29': 29.226623756481022, 'sx_29': 32.0, 'cz_28_29': 132.0, 'cz_29_30': 84.0, 'sx_30': 32.0, 'rz_30': 29.824307545570175, 'cz_31_30': 124.0, 'sx_31': 32.0, 'cz_30_29': 84.0, 'cz_29_28': 132.0, 'sx_28': 32.0, 'cz_28_27': 100.0, 'sx_27': 32.0, 'cz_27_26': 84.0, 'sx_26': 32.0, 'rz_26': 90.09513026016619, 'cz_25_26': 100.0, 'x_25': 32.0, 'rz_25': 17.785209391840517, 'cz_25_24': 84.0, 'sx_25': 32.0, 'sx_24': 32.0, 'cz_24_23': 84.0, 'rz_23': 85.77285937744472, 'sx_23': 32.0, 'cz_22_23': 100.0, 'cz_16_23': 184.0, 'sx_16': 32.0, 'cz_4_16': 124.0, 'sx_4': 32.0, 'rz_16': 85.07919510802795, 'cz_23_24': 84.0, 'rz_24': 71.82816817431848, 'cz_24_25': 84.0, 'cz_25_35': 124.0, 'sx_35': 32.0, 'cz_35_44': 124.0, 'rz_44': 86.99664278176284, 'cz_43_44': 84.0, 'sx_43': 32.0, 'rz_43': 64.22321225988293, 'cz_42_43': 84.0, 'rz_42': 56.38674286095767, 'sx_42': 32.0, 'cz_42_54': 84.0, 'sx_54': 32.0, 'cz_54_61': 168.0, 'sx_61': 32.0, 'cz_61_62': 84.0, 'sx_62': 32.0, 'cz_62_63': 180.0, 'rz_63': 50.284146053443116, 'sx_63': 32.0, 'cz_63_64': 84.0, 'sx_64': 32.0, 'rz_64': 45.28671890718265, 'cz_65_64': 84.0, 'rz_62': 57.15029076995571, 'cz_63_73': 104.0, 'sx_73': 32.0, 'cz_73_82': 104.0, 'sx_82': 32.0, 'cz_82_81': 100.0, 'sx_81': 32.0, 'cz_81_80': 84.0, 'sx_80': 32.0, 'cz_80_92': 100.0, 'sx_92': 32.0, 'cz_92_99': 84.0, 'sx_99': 32.0, 'rz_99': 79.46181942050731, 'cz_99_100': 84.0, 'sx_100': 32.0, 'rz_100': 39.31042758516797, 'cz_101_100': 84.0, 'sx_101': 32.0, 'cz_98_99': 84.0, 'sx_98': 32.0, 'cz_97_98': 124.0, 'sx_97': 32.0, 'x_98': 32.0, 'rz_98': 41.95748232185445, 'cz_99_92': 84.0, 'rz_92': 44.30069536992863, 'x_92': 32.0, 'rz_80': 47.72814887712869, 'cz_80_79': 84.0, 'sx_79': 32.0, 'cz_79_78': 104.0, 'rz_78': 81.6757572608131, 'sx_78': 32.0, 'cz_77_78': 84.0, 'cz_78_72': 124.0, 'rz_72': 96.40260215385335, 'sx_72': 32.0, 'cz_59_72': 84.0, 'sx_59': 32.0, 'cz_58_59': 84.0, 'sx_58': 32.0, 'x_59': 32.0, 'rz_59': 87.84023494598684, 'cz_72_78': 124.0, 'x_72': 32.0, 'cz_78_79': 104.0, 'rz_79': 30.423687849729127, 'cz_79_80': 84.0, 'x_80': 32.0, 'cz_80_81': 84.0, 'rz_81': 41.00435202201106, 'cz_100_101': 84.0, 'rz_101': 19.100623346765808, 'cz_101_111': 124.0, 'sx_111': 32.0, 'rz_111': 80.50049909927584, 'x_101': 32.0, 'cz_101_102': 84.0, 'sx_102': 32.0, 'cz_102_103': 84.0, 'rz_103': 79.92797951820192, 'sx_103': 32.0, 'cz_103_104': 100.0, 'sx_104': 32.0, 'rz_104': 32.32208749009987, 'cz_105_104': 104.0, 'sx_105': 32.0, 'cz_112_105': 84.0, 'sx_112': 32.0, 'cz_93_103': 124.0, 'sx_93': 32.0, 'rz_93': 64.97397625510732, 'cz_84_93': 84.0, 'sx_84': 32.0, 'rz_84': 24.507796632931438, 'cz_84_85': 104.0, 'sx_85': 32.0, 'rz_85': 95.52919597948475, 'cz_83_84': 124.0, 'rz_83': 96.15546515192032, 'sx_83': 32.0, 'cz_83_82': 84.0, 'rz_82': 70.30750875645242, 'x_82': 32.0, 'rz_73': 37.346327473130685, 'cz_73_63': 104.0, 'cz_63_62': 180.0, 'cz_62_61': 84.0, 'cz_61_54': 168.0, 'rz_54': 81.53750133772378, 'cz_41_42': 124.0, 'cz_42_41': 124.0, 'sx_41': 32.0, 'cz_41_40': 124.0, 'rz_40': 59.2228836568325, 'sx_40': 32.0, 'cz_39_40': 100.0, 'sx_39': 32.0, 'cz_38_39': 84.0, 'sx_38': 32.0, 'x_39': 32.0, 'rz_39': 78.8504898768371, 'cz_40_41': 124.0, 'rz_41': 38.29436453815278, 'cz_43_42': 84.0, 'cz_82_73': 104.0, 'cz_82_83': 84.0, 'cz_85_84': 104.0, 'cz_104_103': 100.0, 'cz_103_102': 84.0, 'cz_104_105': 104.0, 'rz_105': 29.422512597783427, 'cz_105_112': 84.0, 'rz_112': 14.091189220022283, 'cz_124_112': 84.0, 'sx_124': 32.0, 'cz_93_84': 84.0, 'cz_84_83': 124.0, 'cz_81_82': 100.0, 'cz_103_93': 124.0, 'rz_61': 89.56748529493908, 'cz_61_60': 84.0, 'sx_60': 32.0, 'rz_60': 60.5367536058826, 'cz_54_42': 84.0, 'cz_60_61': 84.0, 'cz_59_60': 84.0, 'cz_60_59': 84.0, 'cz_72_59': 84.0, 'cz_78_77': 84.0, 'sx_77': 32.0, 'rz_77': 36.17246779995318, 'cz_59_58': 84.0, 'rz_58': 74.94599173329011, 'cz_77_76': 84.0, 'rz_76': 16.907766702445038, 'cz_76_91': 100.0, 'sx_91': 32.0, 'rz_91': 52.167447168170824, 'sx_76': 32.0, 'cz_76_77': 84.0, 'cz_57_58': 84.0, 'sx_57': 32.0, 'cz_64_63': 84.0, 'cz_44_43': 84.0, 'sx_44': 32.0, 'rz_35': 21.28863024252309, 'cz_35_25': 124.0, 'cz_26_25': 100.0, 'cz_26_27': 84.0, 'rz_27': 58.306857299537434, 'cz_44_35': 124.0, 'cz_44_45': 84.0, 'cz_45_44': 84.0, 'rz_45': 12.21838983674122, 'sx_45': 32.0, 'cz_46_45': 124.0, 'cz_65_66': 84.0, 'cz_112_124': 84.0, 'rz_124': 39.863419845830386, 'measure_21': 1560.0}","{'4': 0.015700000000000047, '5': 0.03539999999999999, '7': 0.029299999999999993, '8': 0.025700000000000056, '9': 0.016100000000000003, '16': 0.010399999999999965, '17': 0.016699999999999937, '21': 0.04069999999999996, '22': 0.011800000000000033, '23': 0.017199999999999993, '24': 0.007199999999999984, '25': 0.020399999999999974, '26': 0.005099999999999993, '27': 0.02849999999999997, '28': 0.0129999999999999, '29': 0.025700000000000056, '30': 0.00990000000000002, '31': 0.07220000000000004, '34': 0.013800000000000034, '35': 0.011199999999999988, '36': 0.010399999999999965, '38': 0.1099, '39': 0.010499999999999954, '40': 0.023399999999999976, '41': 0.03400000000000003, '42': 0.025700000000000056, '43': 0.012199999999999989, '44': 0.021600000000000064, '45': 0.028899999999999926, '46': 0.034599999999999964, '47': 0.01550000000000007, '48': 0.05590000000000006, '49': 0.007800000000000029, '50': 0.03620000000000001, '51': 0.007099999999999995, '52': 0.009000000000000008, '53': 0.011299999999999977, '54': 0.007200000000000095, '55': 0.011199999999999988, '56': 0.01090000000000002, '57': 0.015800000000000036, '58': 0.009500000000000064, '59': 0.023600000000000065, '60': 0.018100000000000005, '61': 0.02069999999999994, '62': 0.015600000000000058, '63': 0.021199999999999997, '64': 0.01629999999999998, '65': 0.01539999999999997, '66': 0.01090000000000002, '67': 0.058499999999999996, '68': 0.02639999999999998, '69': 0.03720000000000001, '70': 0.043300000000000005, '71': 0.03600000000000003, '72': 0.014399999999999968, '73': 0.00869999999999993, '74': 0.006900000000000017, '75': 0.06679999999999997, '76': 0.0343, '77': 0.012699999999999934, '78': 0.0363, '79': 0.03370000000000006, '80': 0.023500000000000076, '81': 0.02400000000000002, '82': 0.05800000000000005, '83': 0.010499999999999954, '84': 0.06340000000000001, '85': 0.025399999999999978, '86': 0.09360000000000002, '87': 0.005400000000000071, '88': 0.042100000000000026, '89': 0.010699999999999932, '90': 0.03390000000000004, '91': 0.019600000000000062, '92': 0.005600000000000049, '93': 0.008700000000000041, '94': 0.012199999999999989, '95': 0.04370000000000007, '96': 0.007099999999999995, '97': 0.03170000000000006, '98': 0.01529999999999998, '99': 0.015900000000000025, '100': 0.018000000000000016, '101': 0.04380000000000006, '102': 0.007900000000000018, '103': 0.01990000000000003, '104': 0.011800000000000033, '105': 0.02210000000000001, '106': 0.026799999999999935, '107': 0.03069999999999995, '108': 0.006299999999999972, '110': 0.006599999999999939, '111': 0.01539999999999997, '112': 0.009600000000000053, '116': 0.017900000000000027, '117': 0.012599999999999945, '118': 0.06110000000000004, '121': 0.03639999999999999, '124': 0.06769999999999998}"
2,washington,127,4857,"{'rz_4': 0.0027994044148267213, 'sx_4': 0.0010485287155949166, 'rz_5': 0.0031669285415387907, 'sx_5': 0.0004885155339290362, 'rz_6': 0.0032445011843500607, 'sx_6': 0.0008280096167852205, 'rz_7': 0.004886627160387164, 'sx_7': 0.000268082216778717, 'cx_6_7': 0.009639954358834607, 'cx_7_6': 0.009639954358834607, 'rz_8': 0.004386965295477118, 'sx_8': 0.00028143735341571216, 'cx_7_8': 0.009850716527091213, 'cx_8_7': 0.009850716527091213, 'rz_15': 0.002417087572445217, 'sx_15': 0.0006223242690627873, 'cx_4_15': 0.012839946920209871, 'cx_15_4': 0.012839946920209871, 'cx_5_4': 0.01679825865708967, 'cx_4_5': 0.01679825865708967, 'x_15': 0.0006223242690627873, 'rz_16': 0.0020114321329470757, 'sx_16': 0.00016680739769151217, 'cx_8_16': 0.02383618076201502, 'cx_16_8': 0.02383618076201502, 'rz_17': 0.004911364181800401, 'sx_17': 0.0013367139510720677, 'rz_18': 0.004226992250176728, 'sx_18': 0.0005883314078662353, 'rz_19': 0.004404827518106409, 'sx_19': 0.00023402151647978933, 'rz_20': 0.001041774257526859, 'sx_20': 0.00022673788656796164, 'cx_19_20': 0.00593891532992627, 'cx_20_19': 0.00593891532992627, 'cx_18_19': 0.011211053465560589, 'cx_19_18': 0.011211053465560589, 'rz_21': 0.0035454887634952677, 'sx_21': 0.0012399243539880386, 'rz_22': 0.004320866443911495, 'sx_22': 0.005549107536984753, 'rz_23': 0.00013764592405989722, 'sx_23': 0.0005620849291805753, 'cx_22_23': 0.016587630192480468, 'cx_23_22': 0.016587630192480468, 'rz_24': 0.0008592771755605269, 'sx_24': 0.003247782588873444, 'cx_23_24': 0.015710465825038017, 'cx_24_23': 0.015710465825038017, 'rz_25': 0.0018182476093042458, 'sx_25': 0.00020862166188869824, 'rz_26': 0.0004508257276628858, 'sx_26': 0.00019009996039390646, 'cx_16_26': 0.008296034505854921, 'cx_26_16': 0.008296034505854921, 'rz_27': 0.003947080792341222, 'sx_27': 0.00018922760131097482, 'cx_26_27': 0.008295960254763535, 'cx_27_26': 0.008295960254763535, 'rz_28': 0.0027344073261244732, 'sx_28': 0.00018817528719210788, 'cx_27_28': 0.01664480421757908, 'cx_28_27': 0.01664480421757908, 'rz_29': 0.0034413722636215866, 'sx_29': 0.0005014842579937383, 'rz_30': 0.002517568762582975, 'sx_30': 0.00027640535019682414, 'rz_31': 0.00021877865882166054, 'sx_31': 0.0002235525874842101, 'rz_32': 0.003932588876935494, 'sx_32': 0.00030130410867712206, 'rz_33': 0.0011602737850451988, 'sx_33': 0.0002731345351732058, 'rz_34': 0.0016806124591041327, 'sx_34': 0.00022821541531042598, 'cx_24_34': 0.017413336038008376, 'cx_34_24': 0.017413336038008376, 'rz_35': 0.00033125278341023385, 'sx_35': 0.00022748659413939496, 'rz_36': 0.004931055975028822, 'sx_36': 0.00019594719570676273, 'rz_37': 0.003146994907102519, 'sx_37': 0.026508955627887475, 'rz_39': 0.002353406661068214, 'sx_39': 0.00023979541761294545, 'cx_33_39': 0.011134445165424223, 'cx_39_33': 0.011134445165424223, 'cx_20_33': 0.010963720688284884, 'cx_33_20': 0.010963720688284884, 'cx_20_21': 0.012578526907353033, 'cx_21_20': 0.012578526907353033, 'cx_21_22': 0.019904300501000005, 'cx_22_21': 0.019904300501000005, 'rz_40': 0.0009258336461359026, 'sx_40': 0.0003148765569451491, 'cx_39_40': 0.01094422626010047, 'cx_40_39': 0.01094422626010047, 'rz_41': 0.0015115414736708802, 'sx_41': 0.00029530006776756784, 'rz_42': 0.0009033236647150324, 'sx_42': 0.00023790739529699393, 'rz_43': 0.0007836926207308312, 'sx_43': 0.0021774261165083937, 'rz_44': 0.0006121526290387159, 'sx_44': 0.000659764026431041, 'rz_45': 0.00040552492936607784, 'sx_45': 0.0003360255136615447, 'rz_46': 0.00255610466533483, 'sx_46': 0.00019619260943853933, 'rz_47': 0.0032353150479557933, 'sx_47': 0.0001791802568091974, 'rz_48': 0.0022260688010437325, 'sx_48': 0.00017297606043704345, 'rz_49': 0.0035159063615031695, 'sx_49': 0.0002173218692820851, 'rz_50': 0.004188543461879724, 'sx_50': 0.00021153370014956267, 'rz_51': 0.003657619381166672, 'sx_51': 0.0002444945920081518, 'rz_52': 0.002315730162501284, 'sx_52': 0.0002742198673087046, 'rz_53': 0.00038128612730259646, 'sx_53': 0.0013284292425785587, 'rz_54': 0.002723718319556564, 'sx_54': 0.00023416196012732493, 'rz_55': 0.004962515961881673, 'sx_55': 0.00023664022750477222, 'rz_56': 0.001565521534256315, 'sx_56': 0.0002778784235550578, 'cx_56_52': 0.010262809926112004, 'x_56': 0.0002778784235550578, 'x_52': 0.0002742198673087046, 'cx_37_52': 0.028642897630428127, 'cx_52_37': 0.028642897630428127, 'rz_57': 0.0035302928988730814, 'sx_57': 0.00020693392484422973, 'cx_57_56': 0.009607814036028284, 'cx_52_56': 0.010262809926112004, 'rz_58': 0.0042527965732744415, 'sx_58': 0.0001949906648918238, 'cx_57_58': 0.006206735534687952, 'x_57': 0.00020693392484422973, 'cx_58_57': 0.006206735534687952, 'cx_56_57': 0.009607814036028284, 'rz_59': 0.0017427776028445215, 'sx_59': 0.0002634422279662771, 'rz_60': 0.0016351686142460607, 'sx_60': 0.00033241423866811403, 'rz_61': 0.004007668632093117, 'sx_61': 0.00018666988741812088, 'rz_62': 0.0003616608106557722, 'sx_62': 0.00018361435549580296, 'rz_63': 0.0017291929783662659, 'sx_63': 0.00020760888441626111, 'rz_64': 0.0005955811036992174, 'sx_64': 0.00035602128769237723, 'rz_65': 0.003490017360280958, 'sx_65': 0.00020152042464912365, 'rz_66': 0.004028795996259341, 'sx_66': 0.001864203001593195, 'rz_67': 0.0026506778073235324, 'sx_67': 0.0009710554143420611, 'cx_67_66': 0.055888700792184776, 'cx_66_67': 0.055888700792184776, 'cx_66_65': 0.021816684464622343, 'cx_65_66': 0.021816684464622343, 'cx_65_64': 0.016980746871341212, 'cx_64_65': 0.016980746871341212, 'cx_64_54': 0.008709530010367561, 'cx_54_64': 0.008709530010367561, 'x_54': 0.00023416196012732493, 'rz_68': 0.0026242534211992604, 'sx_68': 0.0005081911199032902, 'rz_69': 0.0024528229256852285, 'sx_69': 0.00018840957495220106, 'rz_70': 0.003968236537727726, 'sx_70': 0.00033687673246085727, 'rz_71': 0.00021434777181088163, 'sx_71': 0.0005759248975743239, 'cx_58_71': 0.04162172154030255, 'cx_71_58': 0.04162172154030255, 'rz_72': 0.0021112991622973098, 'sx_72': 0.0002205843509027754, 'rz_73': 0.002823541482257346, 'sx_73': 0.00019212741503611832, 'cx_73_66': 0.034764761777276304, 'cx_66_73': 0.034764761777276304, 'rz_74': 0.0007655483921819624, 'sx_74': 0.00021317804880845441, 'rz_75': 0.0028791719669784177, 'sx_75': 0.0002733078588386084, 'rz_76': 0.001325763083918696, 'sx_76': 0.00018791073493388562, 'cx_75_76': 0.015006395015834173, 'cx_76_75': 0.015006395015834173, 'rz_77': 0.0017844497885418516, 'sx_77': 0.000288990576630191, 'cx_71_77': 0.010370853210407566, 'cx_77_71': 0.010370853210407566, 'rz_78': 0.004157414214733099, 'sx_78': 0.00022906535750387365, 'cx_78_77': 0.015290566830804764, 'x_77': 0.000288990576630191, 'cx_76_77': 0.00883758510202845, 'cx_77_76': 0.00883758510202845, 'x_78': 0.00022906535750387365, 'rz_79': 0.0032543256637843614, 'sx_79': 0.00038470611636902446, 'cx_78_79': 0.011147056429749391, 'x_79': 0.00038470611636902446, 'cx_79_78': 0.011147056429749391, 'cx_77_78': 0.015290566830804764, 'rz_80': 0.004409160288886538, 'sx_80': 0.00029597534063057987, 'rz_81': 0.0041938122324728, 'sx_81': 0.00034713409964470967, 'rz_82': 0.0005889659400920638, 'sx_82': 0.0005153245594350099, 'rz_83': 0.00043781158234072786, 'sx_83': 0.00045435629531546544, 'rz_84': 0.004856743640854026, 'sx_84': 0.00018670295571013786, 'rz_85': 0.0003739712590882497, 'sx_85': 0.0002045310642847741, 'rz_86': 0.004806986471534948, 'sx_86': 0.00022824005621498522, 'cx_86_85': 0.04212422986864292, 'cx_85_86': 0.04212422986864292, 'cx_85_73': 0.006508920251338202, 'cx_73_85': 0.006508920251338202, 'rz_87': 0.0012459229542770931, 'sx_87': 0.0002726137761691845, 'cx_87_86': 0.009760999028182893, 'cx_86_87': 0.009760999028182893, 'rz_88': 0.0027854346959533195, 'sx_88': 0.00017235582919403582, 'cx_87_88': 0.006500725114853806, 'cx_88_87': 0.006500725114853806, 'rz_89': 0.002930591162728827, 'sx_89': 0.0002811181702834337, 'cx_88_89': 0.010956591616390482, 'cx_89_88': 0.010956591616390482, 'cx_89_74': 0.01022553867562842, 'cx_74_89': 0.01022553867562842, 'cx_74_70': 0.018499491175328925, 'cx_70_74': 0.018499491175328925, 'cx_70_69': 0.0077630739811883065, 'cx_69_70': 0.0077630739811883065, 'cx_69_68': 0.010702883934146645, 'cx_68_69': 0.010702883934146645, 'cx_68_55': 0.016592654354733838, 'cx_55_68': 0.016592654354733838, 'cx_55_49': 0.007712955370482694, 'cx_67_68': 0.022292686901866504, 'cx_49_55': 0.007712955370482694, 'cx_49_48': 0.0071978789364175455, 'cx_48_49': 0.0071978789364175455, 'cx_68_67': 0.022292686901866504, 'rz_91': 0.003895745032701835, 'sx_91': 0.00048275665765505106, 'cx_79_91': 0.010278216419295383, 'cx_91_79': 0.010278216419295383, 'cx_79_80': 0.00826681150929115, 'cx_80_79': 0.00826681150929115, 'x_80': 0.00029597534063057987, 'rz_92': 0.003561254705486779, 'sx_92': 0.0002374360699710165, 'rz_96': 0.001621514506182334, 'sx_96': 0.00022023377643090345, 'rz_97': 0.0007059187888060308, 'sx_97': 0.00024709835884755444, 'rz_98': 0.0011566925493104215, 'sx_98': 0.010938101207084622, 'cx_91_98': 0.01751411644106307, 'cx_98_91': 0.01751411644106307, 'cx_97_98': 0.020838011850274563, 'x_97': 0.00024709835884755444, 'cx_96_97': 0.0072616994392877, 'cx_97_96': 0.0072616994392877, 'rz_99': 0.0026032445616345733, 'sx_99': 0.0018532976394111627, 'cx_98_99': 0.0923325890222163, 'cx_99_98': 0.0923325890222163, 'cx_98_97': 0.020838011850274563, 'rz_100': 0.0018173946027644696, 'sx_100': 0.00018651414368773533, 'cx_99_100': 0.03837412704325838, 'x_99': 0.0018532976394111627, 'x_100': 0.00018651414368773533, 'x_98': 0.010938101207084622, 'cx_100_99': 0.03837412704325838, 'rz_101': 0.0018534482169405395, 'sx_101': 0.00022571486196316058, 'rz_102': 0.001119483235765872, 'sx_102': 0.00020950082450013965, 'rz_103': 0.0012330209233438962, 'sx_103': 0.00024367494537131334, 'rz_104': 0.004127096425641831, 'sx_104': 0.0005337845142513803, 'rz_105': 0.002410592824290936, 'sx_105': 0.0003165102379703597, 'rz_110': 0.0025970466022715963, 'sx_110': 0.0004245530998019005, 'cx_100_110': 0.018591220261317043, 'cx_110_100': 0.018591220261317043, 'rz_111': 0.0037651485200565025, 'sx_111': 0.0003481671543681323, 'cx_111_104': 0.016866414618899567, 'cx_104_111': 0.016866414618899567, 'rz_117': 0.004464516889619302, 'sx_117': 0.00030592486645954117, 'rz_118': 0.0010886521295892277, 'sx_118': 0.0002110212855896815, 'cx_110_118': 0.013230284238192697, 'cx_118_110': 0.013230284238192697, 'rz_119': 0.0010112997101159402, 'sx_119': 0.014816578600154806, 'rz_120': 0.003538706562140199, 'sx_120': 0.0002333507192308401, 'rz_121': 0.0008810431616100436, 'sx_121': 0.00019631639115780348, 'cx_121_120': 0.010683407129547795, 'cx_120_121': 0.010683407129547795, 'cx_120_119': 0.033249221735297096, 'cx_119_120': 0.033249221735297096, 'x_119': 0.014816578600154806, 'cx_119_118': 0.0340057382567944, 'x_118': 0.0002110212855896815, 'rz_122': 0.00025256684838707134, 'sx_122': 0.0002874225643324545, 'cx_122_121': 0.019419358354763577, 'cx_121_122': 0.019419358354763577, 'rz_123': 0.004680590939529835, 'sx_123': 0.0017326116436769538, 'cx_123_122': 0.06803016845931265, 'cx_122_123': 0.06803016845931265, 'cx_117_118': 0.008229782604835006, 'x_117': 0.00030592486645954117, 'x_110': 0.0004245530998019005, 'cx_100_101': 0.005238984378845846, 'cx_101_100': 0.005238984378845846, 'cx_101_102': 0.006842537573095192, 'cx_102_101': 0.006842537573095192, 'cx_103_102': 0.011216522209842095, 'cx_118_119': 0.0340057382567944, 'x_101': 0.00022571486196316058, 'x_103': 0.00024367494537131334, 'cx_104_103': 0.01594529348476517, 'cx_103_104': 0.01594529348476517, 'cx_105_104': 0.04192405799171986, 'cx_104_105': 0.04192405799171986, 'x_102': 0.00020950082450013965, 'cx_92_102': 0.011055785126207335, 'x_92': 0.0002374360699710165, 'cx_102_92': 0.011055785126207335, 'cx_92_83': 0.00911551224299148, 'cx_102_103': 0.011216522209842095, 'cx_83_92': 0.00911551224299148, 'cx_83_84': 0.03312961865065403, 'x_83': 0.00045435629531546544, 'cx_83_82': 0.045700549059452755, 'cx_82_83': 0.045700549059452755, 'cx_82_81': 0.01050016631568984, 'cx_81_82': 0.01050016631568984, 'x_82': 0.0005153245594350099, 'cx_72_81': 0.009654559853420785, 'x_72': 0.0002205843509027754, 'x_81': 0.00034713409964470967, 'cx_80_81': 0.01157627028274541, 'cx_81_72': 0.009654559853420785, 'cx_81_80': 0.01157627028274541, 'cx_72_62': 0.016496669018957383, 'cx_62_61': 0.00756058381593927, 'cx_61_62': 0.00756058381593927, 'cx_61_60': 0.015283721633168323, 'cx_60_61': 0.015283721633168323, 'cx_53_60': 0.01788280355556557, 'x_53': 0.0013284292425785587, 'x_60': 0.00033241423866811403, 'cx_60_59': 0.00969850218483187, 'cx_58_59': 0.009652091426844783, 'cx_59_58': 0.009652091426844783, 'x_59': 0.0002634422279662771, 'cx_60_53': 0.01788280355556557, 'cx_41_53': 0.023204755958385365, 'x_41': 0.00029530006776756784, 'x_61': 0.00018666988741812088, 'cx_59_60': 0.00969850218483187, 'cx_53_41': 0.023204755958385365, 'cx_40_41': 0.007566658475245264, 'x_40': 0.0003148765569451491, 'cx_41_42': 0.009032877640917758, 'cx_42_41': 0.009032877640917758, 'cx_42_43': 0.010941572691143653, 'cx_43_42': 0.010941572691143653, 'cx_34_43': 0.020356664523594664, 'x_34': 0.00022821541531042598, 'cx_44_43': 0.012952292119351533, 'x_43': 0.0021774261165083937, 'cx_44_45': 0.03977152632000272, 'cx_45_44': 0.03977152632000272, 'cx_46_45': 0.0247251394498193, 'cx_43_44': 0.012952292119351533, 'x_44': 0.000659764026431041, 'x_46': 0.00019619260943853933, 'x_45': 0.0003360255136615447, 'cx_54_45': 0.03644077078410296, 'cx_43_34': 0.020356664523594664, 'x_21': 0.0012399243539880386, 'cx_15_22': 0.022981073988750933, 'x_22': 0.005549107536984753, 'cx_63_64': 0.012348826723895645, 'cx_64_63': 0.012348826723895645, 'cx_45_46': 0.0247251394498193, 'cx_46_47': 0.014749336550677838, 'cx_47_46': 0.014749336550677838, 'cx_47_35': 0.006683052735475509, 'cx_35_47': 0.006683052735475509, 'cx_28_35': 0.014753779487339913, 'cx_48_47': 0.006446000766308552, 'cx_45_54': 0.03644077078410296, 'x_47': 0.0001791802568091974, 'cx_35_28': 0.014753779487339913, 'cx_47_48': 0.006446000766308552, 'cx_25_26': 0.01763908114990373, 'cx_28_29': 0.008795123256846088, 'cx_29_30': 0.01081407291175393, 'cx_30_29': 0.01081407291175393, 'cx_17_30': 0.020235013502087174, 'cx_31_30': 0.008019235031203359, 'cx_31_32': 0.00775449476600204, 'cx_32_31': 0.00775449476600204, 'cx_36_32': 0.007651699209072826, 'cx_32_36': 0.007651699209072826, 'cx_36_51': 0.006078482865652268, 'cx_51_36': 0.006078482865652268, 'cx_50_51': 0.006639250269048214, 'cx_51_50': 0.006639250269048214, 'cx_50_49': 0.008561635602283069, 'cx_49_50': 0.008561635602283069, 'x_28': 0.00018817528719210788, 'x_30': 0.00027640535019682414, 'cx_29_28': 0.008795123256846088, 'cx_30_31': 0.008019235031203359, 'x_27': 0.00018922760131097482, 'x_70': 0.00033687673246085727, 'x_32': 0.00030130410867712206, 'x_26': 0.00019009996039390646, 'x_8': 0.00028143735341571216, 'x_35': 0.00022748659413939496, 'x_36': 0.00019594719570676273, 'x_51': 0.0002444945920081518, 'cx_30_17': 0.020235013502087174, 'x_31': 0.0002235525874842101, 'x_50': 0.00021153370014956267, 'x_49': 0.0002173218692820851, 'x_29': 0.0005014842579937383, 'x_7': 0.000268082216778717, 'x_55': 0.00023664022750477222, 'x_68': 0.0005081911199032902, 'cx_26_25': 0.01763908114990373, 'x_69': 0.00018840957495220106, 'cx_25_24': 0.010299452940393583, 'cx_24_25': 0.010299452940393583, 'cx_6_5': 0.012971134699901993, 'cx_5_6': 0.012971134699901993, 'x_23': 0.0005620849291805753, 'cx_22_15': 0.022981073988750933, 'x_20': 0.00022673788656796164, 'x_25': 0.00020862166188869824, 'x_64': 0.00035602128769237723, 'x_65': 0.00020152042464912365, 'cx_41_40': 0.007566658475245264, 'x_66': 0.001864203001593195, 'x_48': 0.00017297606043704345, 'x_42': 0.00023790739529699393, 'cx_62_72': 0.016496669018957383, 'cx_62_63': 0.00850162154805345, 'x_62': 0.00018361435549580296, 'cx_63_62': 0.00850162154805345, 'x_85': 0.0002045310642847741, 'x_88': 0.00017235582919403582, 'cx_122_111': 0.012330563187112425, 'cx_111_122': 0.012330563187112425, 'x_89': 0.0002811181702834337, 'cx_118_117': 0.008229782604835006, 'x_91': 0.00048275665765505106, 'x_71': 0.0005759248975743239, 'measure_74': 0.023500000000000076, 'measure_89': 0.01100000000000001, 'measure_70': 0.045399999999999996, 'measure_88': 0.01429999999999998, 'measure_68': 0.007299999999999973, 'measure_69': 0.043300000000000005, 'measure_55': 0.00990000000000002, 'measure_49': 0.009000000000000008, 'measure_48': 0.005900000000000016, 'measure_47': 0.016100000000000003, 'measure_35': 0.006700000000000039, 'measure_46': 0.07420000000000004, 'measure_28': 0.009700000000000042, 'measure_27': 0.03200000000000003, 'measure_50': 0.014100000000000001, 'measure_45': 0.0353, 'measure_54': 0.012399999999999967, 'measure_63': 0.0041999999999999815, 'measure_64': 0.012399999999999967, 'measure_62': 0.005400000000000071, 'measure_81': 0.04800000000000004, 'measure_72': 0.008499999999999952, 'measure_80': 0.07740000000000002, 'measure_78': 0.024399999999999977, 'measure_79': 0.01539999999999997, 'measure_91': 0.028699999999999948, 'measure_58': 0.01959999999999995, 'measure_57': 0.01529999999999998, 'measure_71': 0.014699999999999935, 'measure_56': 0.007000000000000006, 'measure_76': 0.008299999999999974, 'measure_98': 0.01849999999999996, 'measure_75': 0.011400000000000077, 'measure_77': 0.017100000000000004, 'measure_97': 0.0050000000000000044, 'measure_82': 0.0373, 'measure_99': 0.0686, 'measure_92': 0.00770000000000004, 'measure_104': 0.01089999999999991, 'measure_103': 0.0131, 'measure_118': 0.011300000000000088, 'measure_100': 0.03299999999999992, 'measure_102': 0.007900000000000018, 'measure_111': 0.0121, 'measure_123': 0.007199999999999984, 'measure_120': 0.010299999999999976, 'measure_117': 0.006900000000000017, 'measure_119': 0.01770000000000005, 'measure_122': 0.05130000000000001, 'measure_105': 0.01429999999999998, 'measure_110': 0.016599999999999948, 'measure_101': 0.02859999999999996, 'measure_84': 0.005600000000000049, 'measure_121': 0.01770000000000005, 'measure_61': 0.02970000000000006, 'measure_83': 0.034499999999999975, 'measure_96': 0.012199999999999989, 'measure_26': 0.008499999999999952, 'measure_43': 0.02059999999999995, 'measure_60': 0.055400000000000005, 'measure_41': 0.02859999999999996, 'measure_24': 0.024499999999999966, 'measure_53': 0.045600000000000085, 'measure_44': 0.026699999999999946, 'measure_37': 0.02180000000000004, 'measure_59': 0.006699999999999928, 'measure_25': 0.014699999999999935, 'measure_29': 0.007600000000000051, 'measure_16': 0.006000000000000005, 'measure_22': 0.023499999999999965, 'measure_52': 0.00550000000000006, 'measure_23': 0.11809999999999998, 'measure_21': 0.03980000000000006, 'measure_40': 0.009600000000000053, 'measure_20': 0.007000000000000006, 'measure_42': 0.006299999999999972, 'measure_65': 0.0033000000000000806, 'measure_34': 0.020100000000000007, 'measure_33': 0.009600000000000053, 'measure_66': 0.02410000000000001, 'measure_15': 0.035700000000000065, 'measure_85': 0.010199999999999987, 'measure_73': 0.006799999999999917, 'measure_39': 0.015700000000000047, 'measure_4': 0.10109999999999997, 'measure_19': 0.017900000000000027, 'measure_18': 0.04239999999999999, 'measure_5': 0.05249999999999999, 'measure_8': 0.013700000000000045, 'measure_7': 0.011500000000000066, 'measure_6': 0.010399999999999965, 'measure_30': 0.009600000000000053, 'measure_36': 0.0044999999999999485, 'measure_31': 0.014499999999999957, 'measure_51': 0.005900000000000016, 'measure_67': 0.04610000000000003, 'measure_32': 0.010399999999999965, 'measure_17': 0.050000000000000044, 'measure_86': 0.008599999999999941, 'measure_87': 0.04469999999999996}","{'rz_56': 71.93706188870539, 'sx_56': 35.55555555555556, 'cx_56_52': 526.2222222222222, 'x_56': 35.55555555555556, 'cx_57_56': 384.0, 'sx_57': 35.55555555555556, 'cx_52_56': 561.7777777777777, 'x_57': 35.55555555555556, 'rz_57': 97.37228199132292, 'cx_57_58': 412.4444444444444, 'cx_58_57': 448.0, 'cx_58_71': 490.66666666666663, 'cx_71_58': 455.1111111111111, 'cx_71_77': 462.2222222222222, 'cx_77_71': 426.66666666666663, 'rz_77': 50.34538257196768, 'sx_77': 35.55555555555556, 'cx_78_77': 881.7777777777777, 'sx_78': 35.55555555555556, 'x_78': 35.55555555555556, 'rz_78': 52.150750202849956, 'cx_78_79': 640.0, 'x_77': 35.55555555555556, 'cx_76_77': 405.3333333333333, 'cx_77_76': 369.77777777777777, 'cx_79_78': 675.5555555555555, 'cx_79_91': 440.88888888888886, 'cx_91_79': 405.3333333333333, 'cx_91_98': 419.55555555555554, 'cx_98_91': 455.1111111111111, 'rz_98': 47.59035534614007, 'sx_98': 35.55555555555556, 'cx_97_98': 917.3333333333333, 'x_97': 35.55555555555556, 'cx_98_99': 405.3333333333333, 'cx_99_98': 369.77777777777777, 'rz_99': 21.586755887002234, 'sx_99': 35.55555555555556, 'cx_99_100': 732.4444444444445, 'x_99': 35.55555555555556, 'cx_100_99': 768.0, 'cx_100_110': 832.0, 'cx_110_100': 796.4444444444443, 'cx_110_118': 405.3333333333333, 'cx_118_110': 440.88888888888886, 'rz_118': 69.35860822342428, 'sx_118': 35.55555555555556, 'cx_119_118': 846.2222222222222, 'x_119': 35.55555555555556, 'rz_119': 57.32277687996776, 'cx_120_119': 1166.2222222222222, 'cx_119_120': 1130.6666666666665, 'x_118': 35.55555555555556, 'cx_117_118': 433.77777777777777, 'x_117': 35.55555555555556, 'x_110': 35.55555555555556, 'cx_100_101': 419.55555555555554, 'cx_101_100': 384.0, 'cx_101_102': 362.66666666666663, 'cx_102_101': 398.2222222222222, 'rz_102': 76.3256237462576, 'sx_102': 35.55555555555556, 'cx_103_102': 355.55555555555554, 'x_103': 35.55555555555556, 'x_102': 35.55555555555556, 'x_101': 35.55555555555556, 'rz_101': 14.028560638489683, 'cx_102_92': 576.0, 'cx_92_102': 540.4444444444445, 'cx_92_83': 405.3333333333333, 'cx_83_92': 440.88888888888886, 'sx_83': 35.55555555555556, 'rz_83': 18.23199803990846, 'cx_83_84': 490.66666666666663, 'x_83': 35.55555555555556, 'x_92': 35.55555555555556, 'rz_92': 27.450836301969584, 'cx_83_82': 469.3333333333333, 'cx_82_83': 433.77777777777777, 'cx_82_81': 497.7777777777778, 'cx_81_82': 533.3333333333333, 'sx_81': 35.55555555555556, 'rz_81': 73.41401393601556, 'cx_72_81': 369.77777777777777, 'x_72': 35.55555555555556, 'x_81': 35.55555555555556, 'x_82': 35.55555555555556, 'rz_82': 41.944574569452904, 'cx_80_81': 540.4444444444445, 'x_80': 35.55555555555556, 'rz_80': 44.670929119379096, 'cx_79_80': 348.4444444444444, 'cx_80_79': 312.88888888888886, 'cx_81_72': 405.3333333333333, 'rz_72': 36.504077789740506, 'sx_72': 35.55555555555556, 'cx_72_62': 270.22222222222223, 'rz_62': 32.25879407973028, 'sx_62': 35.55555555555556, 'cx_62_61': 561.7777777777777, 'cx_61_62': 526.2222222222222, 'cx_61_60': 462.2222222222222, 'cx_60_61': 426.66666666666663, 'rz_60': 75.67117448438837, 'sx_60': 35.55555555555556, 'cx_53_60': 384.0, 'x_53': 35.55555555555556, 'x_60': 35.55555555555556, 'cx_60_59': 405.3333333333333, 'rz_59': 19.901367090785794, 'cx_58_59': 462.2222222222222, 'cx_59_58': 426.66666666666663, 'x_59': 35.55555555555556, 'cx_60_53': 419.55555555555554, 'sx_53': 35.55555555555556, 'rz_53': 44.51991581157841, 'cx_41_53': 355.55555555555554, 'x_41': 35.55555555555556, 'cx_59_60': 440.88888888888886, 'cx_53_41': 391.1111111111111, 'rz_41': 72.81332992791476, 'sx_41': 35.55555555555556, 'cx_40_41': 320.0, 'x_40': 35.55555555555556, 'rz_40': 15.556019007760742, 'cx_39_40': 647.1111111111111, 'cx_40_39': 611.5555555555555, 'cx_41_42': 583.1111111111111, 'cx_42_41': 618.6666666666666, 'cx_42_43': 803.5555555555555, 'cx_43_42': 839.1111111111111, 'rz_43': 95.70632689127171, 'sx_43': 35.55555555555556, 'cx_34_43': 1144.888888888889, 'x_34': 35.55555555555556, 'rz_34': 35.02759634268997, 'cx_24_34': 952.8888888888888, 'cx_34_24': 917.3333333333333, 'cx_44_43': 391.1111111111111, 'sx_44': 35.55555555555556, 'rz_44': 60.64675979401263, 'cx_44_45': 1073.7777777777778, 'cx_45_44': 1109.3333333333333, 'sx_45': 35.55555555555556, 'rz_45': 16.068704156682447, 'cx_46_45': 832.0, 'x_46': 35.55555555555556, 'x_44': 35.55555555555556, 'cx_43_44': 426.66666666666663, 'cx_54_45': 561.7777777777777, 'x_54': 35.55555555555556, 'rz_54': 68.63949564592139, 'cx_64_54': 341.3333333333333, 'cx_54_64': 376.88888888888886, 'cx_43_34': 1180.4444444444443, 'cx_24_23': 881.7777777777777, 'cx_23_24': 846.2222222222222, 'cx_23_22': 547.5555555555555, 'cx_22_23': 583.1111111111111, 'rz_22': 25.572312989301384, 'sx_22': 35.55555555555556, 'cx_21_22': 590.2222222222222, 'x_21': 35.55555555555556, 'rz_21': 68.57777549325607, 'cx_20_21': 810.6666666666666, 'cx_21_20': 846.2222222222222, 'x_22': 35.55555555555556, 'cx_15_22': 1080.888888888889, 'x_15': 35.55555555555556, 'rz_15': 50.03403886378554, 'cx_4_15': 689.7777777777777, 'cx_15_4': 654.2222222222222, 'cx_45_46': 867.5555555555555, 'cx_46_47': 910.2222222222222, 'cx_47_46': 945.7777777777777, 'cx_47_35': 412.4444444444444, 'cx_35_47': 376.88888888888886, 'cx_28_35': 1123.5555555555554, 'rz_35': 45.01047891873374, 'sx_35': 35.55555555555556, 'cx_48_47': 376.88888888888886, 'rz_47': 75.3163740790129, 'sx_47': 35.55555555555556, 'rz_48': 10.428892370112969, 'cx_49_48': 405.3333333333333, 'cx_48_49': 440.88888888888886, 'cx_35_28': 1088.0, 'cx_28_27': 1045.3333333333333, 'cx_27_28': 1009.7777777777776, 'cx_27_26': 348.4444444444444, 'cx_26_27': 384.0, 'cx_25_26': 462.2222222222222, 'rz_26': 50.21208489389043, 'sx_26': 35.55555555555556, 'sx_28': 35.55555555555556, 'rz_28': 15.042707030822537, 'rz_27': 34.6672337441565, 'sx_27': 35.55555555555556, 'cx_28_29': 412.4444444444444, 'rz_29': 76.4968278095627, 'sx_29': 35.55555555555556, 'cx_29_30': 568.8888888888889, 'cx_30_29': 604.4444444444445, 'cx_17_30': 384.0, 'rz_30': 56.07664579047429, 'sx_30': 35.55555555555556, 'cx_31_30': 433.77777777777777, 'sx_31': 35.55555555555556, 'rz_31': 63.00862133399585, 'cx_31_32': 362.66666666666663, 'cx_32_31': 327.1111111111111, 'cx_36_32': 355.55555555555554, 'rz_32': 34.56301841363906, 'sx_32': 35.55555555555556, 'cx_32_36': 320.0, 'cx_36_51': 433.77777777777777, 'cx_51_36': 398.2222222222222, 'cx_50_51': 348.4444444444444, 'rz_51': 82.37250129571673, 'sx_51': 35.55555555555556, 'cx_51_50': 312.88888888888886, 'cx_50_49': 462.2222222222222, 'cx_49_50': 497.7777777777778, 'cx_49_55': 448.0, 'cx_55_49': 483.5555555555555, 'cx_55_68': 469.3333333333333, 'cx_68_55': 433.77777777777777, 'cx_67_68': 433.77777777777777, 'rz_68': 90.11618666648609, 'sx_68': 35.55555555555556, 'cx_68_69': 440.88888888888886, 'cx_69_68': 476.4444444444444, 'cx_70_69': 334.22222222222223, 'rz_69': 87.02816096277019, 'sx_69': 35.55555555555556, 'cx_69_70': 369.77777777777777, 'cx_70_74': 817.7777777777777, 'cx_74_70': 853.3333333333333, 'cx_89_74': 384.0, 'sx_74': 35.55555555555556, 'rz_74': 33.23812152291573, 'cx_74_89': 419.55555555555554, 'cx_89_88': 568.8888888888889, 'cx_88_89': 533.3333333333333, 'cx_87_88': 426.66666666666663, 'sx_88': 35.55555555555556, 'rz_88': 36.98642545035281, 'cx_88_87': 462.2222222222222, 'rz_89': 63.356232176679576, 'rz_70': 22.90507455673119, 'sx_70': 35.55555555555556, 'rz_49': 15.100727979122482, 'rz_36': 86.3921734622987, 'sx_36': 35.55555555555556, 'cx_30_31': 469.3333333333333, 'cx_29_28': 448.0, 'x_27': 35.55555555555556, 'cx_16_26': 348.4444444444444, 'cx_26_16': 312.88888888888886, 'cx_8_16': 391.1111111111111, 'cx_16_8': 426.66666666666663, 'cx_7_8': 533.3333333333333, 'cx_8_7': 568.8888888888889, 'x_26': 35.55555555555556, 'rz_8': 72.89410819818835, 'cx_6_7': 455.1111111111111, 'cx_7_6': 419.55555555555554, 'rz_7': 66.42853855960502, 'sx_8': 35.55555555555556, 'rz_16': 11.802107301613988, 'sx_16': 35.55555555555556, 'sx_7': 35.55555555555556, 'x_28': 35.55555555555556, 'x_29': 35.55555555555556, 'cx_26_25': 426.66666666666663, 'cx_47_48': 341.3333333333333, 'sx_49': 35.55555555555556, 'sx_50': 35.55555555555556, 'x_50': 35.55555555555556, 'rz_50': 39.97871367892156, 'cx_25_24': 419.55555555555554, 'cx_24_25': 455.1111111111111, 'sx_24': 35.55555555555556, 'sx_23': 35.55555555555556, 'x_23': 35.55555555555556, 'rz_23': 58.039986169215936, 'sx_34': 35.55555555555556, 'rz_24': 42.1084514533324, 'sx_25': 35.55555555555556, 'x_25': 35.55555555555556, 'rz_25': 46.08862872999034, 'sx_48': 35.55555555555556, 'x_47': 35.55555555555556, 'x_48': 35.55555555555556, 'rz_55': 71.4665620052717, 'rz_46': 50.88773972403161, 'sx_46': 35.55555555555556, 'x_35': 35.55555555555556, 'x_45': 35.55555555555556, 'cx_45_54': 597.3333333333333, 'sx_42': 35.55555555555556, 'x_42': 35.55555555555556, 'rz_42': 64.8720733019542, 'sx_54': 35.55555555555556, 'sx_64': 35.55555555555556, 'x_49': 35.55555555555556, 'rz_64': 27.280224470837382, 'cx_64_63': 405.3333333333333, 'sx_89': 35.55555555555556, 'x_89': 35.55555555555556, 'measure_87': 864.0}","{'4': 0.10109999999999997, '5': 0.05249999999999999, '6': 0.010399999999999965, '7': 0.011500000000000066, '8': 0.013700000000000045, '15': 0.035700000000000065, '16': 0.006000000000000005, '17': 0.050000000000000044, '18': 0.04239999999999999, '19': 0.017900000000000027, '20': 0.007000000000000006, '21': 0.03980000000000006, '22': 0.023499999999999965, '23': 0.11809999999999998, '24': 0.024499999999999966, '25': 0.014699999999999935, '26': 0.008499999999999952, '27': 0.03200000000000003, '28': 0.009700000000000042, '29': 0.007600000000000051, '30': 0.009600000000000053, '31': 0.014499999999999957, '32': 0.010399999999999965, '33': 0.009600000000000053, '34': 0.020100000000000007, '35': 0.006700000000000039, '36': 0.0044999999999999485, '37': 0.02180000000000004, '39': 0.015700000000000047, '40': 0.009600000000000053, '41': 0.02859999999999996, '42': 0.006299999999999972, '43': 0.02059999999999995, '44': 0.026699999999999946, '45': 0.0353, '46': 0.07420000000000004, '47': 0.016100000000000003, '48': 0.005900000000000016, '49': 0.009000000000000008, '50': 0.014100000000000001, '51': 0.005900000000000016, '52': 0.00550000000000006, '53': 0.045600000000000085, '54': 0.012399999999999967, '55': 0.00990000000000002, '56': 0.007000000000000006, '57': 0.01529999999999998, '58': 0.01959999999999995, '59': 0.006699999999999928, '60': 0.055400000000000005, '61': 0.02970000000000006, '62': 0.005400000000000071, '63': 0.0041999999999999815, '64': 0.012399999999999967, '65': 0.0033000000000000806, '66': 0.02410000000000001, '67': 0.04610000000000003, '68': 0.007299999999999973, '69': 0.043300000000000005, '70': 0.045399999999999996, '71': 0.014699999999999935, '72': 0.008499999999999952, '73': 0.006799999999999917, '74': 0.023500000000000076, '75': 0.011400000000000077, '76': 0.008299999999999974, '77': 0.017100000000000004, '78': 0.024399999999999977, '79': 0.01539999999999997, '80': 0.07740000000000002, '81': 0.04800000000000004, '82': 0.0373, '83': 0.034499999999999975, '84': 0.005600000000000049, '85': 0.010199999999999987, '86': 0.008599999999999941, '87': 0.04469999999999996, '88': 0.01429999999999998, '89': 0.01100000000000001, '91': 0.028699999999999948, '92': 0.00770000000000004, '96': 0.012199999999999989, '97': 0.0050000000000000044, '98': 0.01849999999999996, '99': 0.0686, '100': 0.03299999999999992, '101': 0.02859999999999996, '102': 0.007900000000000018, '103': 0.0131, '104': 0.01089999999999991, '105': 0.01429999999999998, '110': 0.016599999999999948, '111': 0.0121, '117': 0.006900000000000017, '118': 0.011300000000000088, '119': 0.01770000000000005, '120': 0.010299999999999976, '121': 0.01770000000000005, '122': 0.05130000000000001, '123': 0.007199999999999984}"
3,brisbane,127,10799,"{'rz_0': 0.004681417153841108, 'sx_0': 0.0001797560292189459, 'rz_1': 0.0040965157271706685, 'sx_1': 0.0001060117353150917, 'rz_2': 0.0005964176075937383, 'sx_2': 0.0007627363658695768, 'rz_3': 0.004213144439115542, 'sx_3': 0.0001018005759596194, 'rz_4': 0.001321414370852079, 'sx_4': 0.0012599820528993257, 'rz_5': 0.004819295788002223, 'sx_5': 0.00012769169367837923, 'sx_6': 0.00014108262009159068, 'rz_6': 0.0030171580510929105, 'rz_7': 0.0032365562124024526, 'sx_7': 0.0003479727424683506, 'ecr_6_7': 0.007827832062774709, 'ecr_6_5': 0.005575704364881168, 'ecr_4_5': 0.004250181425420468, 'ecr_4_3': 0.006435937434493222, 'x_3': 0.0001018005759596194, 'ecr_3_2': 0.0069698307041639596, 'rz_8': 0.004076531720125523, 'ecr_7_8': 0.010081466480534956, 'sx_8': 0.0005192198366705484, 'rz_9': 0.0049352951024795, 'sx_9': 0.0002034410532430156, 'ecr_8_9': 0.011424952296070434, 'x_8': 0.0005192198366705484, 'x_9': 0.0002034410532430156, 'rz_14': 0.002913067615999594, 'sx_14': 0.00014344493073968823, 'rz_15': 0.004931985545265515, 'sx_15': 0.00014422003735761768, 'ecr_4_15': 0.004865335235039098, 'rz_16': 0.004320005402802363, 'sx_16': 0.0002660292296321826, 'ecr_16_8': 0.010312953290638555, 'x_7': 0.0003479727424683506, 'rz_18': 0.004978955590188478, 'sx_18': 0.00019786403776441187, 'rz_19': 0.002242729914556146, 'sx_19': 0.00013806006276586322, 'rz_20': 0.002708671590727953, 'sx_20': 0.00028656481071536155, 'rz_21': 0.002589696301745076, 'rz_22': 0.0008341761349598259, 'sx_22': 0.00013957979382311464, 'rz_23': 0.0005105559006708398, 'sx_23': 0.0004136671533554794, 'rz_24': 0.0014633907371953525, 'sx_24': 0.0001295490770627518, 'rz_25': 0.0016305268497287119, 'sx_25': 0.0002504891878642895, 'rz_26': 0.003892485409797382, 'sx_26': 0.0002626973133030817, 'ecr_16_26': 0.0058270351620461625, 'rz_27': 0.001453638796029247, 'sx_27': 0.00023807120612965988, 'ecr_27_26': 0.0048968307402087186, 'x_27': 0.00023807120612965988, 'rz_28': 0.0014008092249799373, 'sx_28': 0.00027070780641205255, 'ecr_28_27': 0.007145071774252498, 'rz_29': 0.0043347253126233085, 'sx_29': 0.00034725768058750797, 'rz_30': 0.0005994054634488982, 'sx_30': 0.0001802672211176269, 'rz_31': 0.00020823306806893173, 'sx_31': 0.00016015766127224984, 'rz_32': 0.0006591826366001652, 'sx_32': 0.0002264699715119705, 'ecr_31_32': 0.006026803862930724, 'ecr_30_31': 0.007833892788259994, 'x_31': 0.00016015766127224984, 'rz_33': 0.0004123956868121761, 'sx_33': 0.0002477996552085003, 'rz_34': 0.0025564047789249232, 'sx_34': 0.00012731337645095463, 'rz_35': 0.00048022210416927557, 'ecr_28_35': 0.0075059437693062725, 'sx_35': 0.00021821344620493566, 'ecr_28_29': 0.012937842579991865, 'ecr_30_29': 0.0074342592204090785, 'rz_36': 0.0028365090746700784, 'sx_36': 0.00013429547661019861, 'rz_37': 0.0025788977006567905, 'sx_37': 0.00019346065442076834, 'rz_38': 0.00024805206730878183, 'sx_38': 0.0009188277311034797, 'rz_39': 0.0006279307060030928, 'sx_39': 0.00021199867713074324, 'rz_40': 0.0016280604202649532, 'sx_40': 0.00013482361766101227, 'rz_41': 0.0021331636405803674, 'rz_42': 0.0004600647640118171, 'sx_42': 0.0001797621516063854, 'rz_43': 0.0005989301421207564, 'sx_43': 0.00013533644877568497, 'rz_44': 0.0028936246454273357, 'sx_44': 0.00039146136416783663, 'rz_45': 0.002681510896560856, 'sx_45': 0.0003883335308183031, 'rz_46': 0.0005303471917779288, 'sx_46': 0.00021199712545567646, 'rz_47': 0.0024641771106923512, 'ecr_35_47': 0.006234032406561618, 'sx_47': 0.00016033495619687164, 'rz_48': 0.002206069880618324, 'sx_48': 0.00022301758410075637, 'ecr_48_47': 0.0054272066386553686, 'ecr_46_47': 0.0060075647604731774, 'ecr_46_45': 0.012577844482536127, 'rz_49': 0.001866522224071651, 'sx_49': 0.0003824768438288351, 'rz_50': 0.0002869052201875275, 'sx_50': 0.0008326812846659134, 'rz_51': 0.0005820751917198134, 'sx_51': 0.00012123394142296765, 'ecr_36_51': 0.0043344132891283416, 'ecr_50_51': 0.012185295621400666, 'rz_52': 0.004030873282529836, 'sx_52': 0.00020849262686747732, 'rz_53': 0.00021173740813979842, 'sx_53': 0.000345986492053784, 'rz_54': 0.0012504351541802047, 'sx_54': 0.0002830129914550808, 'ecr_54_45': 0.016807900992710734, 'rz_55': 0.00033411068179637184, 'sx_55': 0.0002161608928013792, 'ecr_55_49': 0.008472289781300074, 'ecr_48_49': 0.012153713863402638, 'x_55': 0.0002161608928013792, 'rz_56': 0.0015598622619767562, 'sx_56': 0.00020058756919503373, 'ecr_52_56': 0.0059714628870796704, 'ecr_52_37': 0.006609472060879945, 'ecr_37_38': 0.005170270175246128, 'rz_57': 0.0028468428339918305, 'sx_57': 0.00013666017213340734, 'ecr_56_57': 0.007122091631874966, 'x_37': 0.00019346065442076834, 'x_56': 0.00020058756919503373, 'rz_58': 0.0039760632816193886, 'sx_58': 0.00018821510792569544, 'rz_59': 0.0034095787487290283, 'sx_59': 0.00019145278676446697, 'rz_60': 0.003584988547233925, 'sx_60': 0.00040866817950931805, 'rz_61': 0.004465391192185061, 'sx_61': 0.00044009529729981795, 'ecr_60_61': 0.010918460808032632, 'rz_62': 0.004805858298439958, 'sx_62': 0.0002244474300536202, 'rz_63': 0.0038861679344605795, 'sx_63': 0.0002378688753401, 'rz_64': 0.00435513234186677, 'sx_64': 0.00017836781252277413, 'ecr_54_64': 0.009292991764651898, 'ecr_44_45': 0.007739375914703778, 'x_44': 0.00039146136416783663, 'ecr_63_64': 0.0059402085164247664, 'x_63': 0.0002378688753401, 'ecr_62_63': 0.008488742611641842, 'x_64': 0.00017836781252277413, 'rz_65': 0.0008839836861402385, 'sx_65': 0.00015946628534722353, 'rz_66': 0.00285106159653841, 'sx_66': 0.0005208521035690157, 'rz_67': 0.001744150155212803, 'sx_67': 0.00029276818209440574, 'rz_68': 0.000605752668153237, 'sx_68': 0.00019702335787290178, 'rz_69': 0.0006608453900107923, 'sx_69': 0.00030472017517759066, 'rz_70': 0.0018570519236041502, 'sx_70': 0.0005727845761260429, 'ecr_69_70': 0.010692833974747157, 'ecr_69_68': 0.010695017048525823, 'rz_71': 0.003448317365099571, 'sx_71': 0.00019245009242986516, 'ecr_58_71': 0.004819855144981039, 'rz_72': 0.0027003847619545577, 'sx_72': 0.0003754533677812397, 'ecr_62_72': 0.006337981344361476, 'rz_73': 0.001529592690611969, 'sx_73': 0.00026345946890250803, 'rz_74': 0.004648856365924821, 'rz_75': 0.00027369191261133514, 'sx_75': 0.00021625240701247128, 'rz_76': 0.00021949762338510724, 'sx_76': 0.00015417207310416712, 'rz_77': 0.0010166525006762013, 'sx_77': 0.00018500186128699397, 'rz_78': 0.00020782491559877237, 'sx_78': 0.0002571737772834282, 'rz_79': 0.0028934763521245702, 'sx_79': 0.0002926804553486836, 'rz_80': 0.0035461657408058676, 'sx_80': 0.00020050942010798573, 'rz_81': 0.004642850122559937, 'sx_81': 0.0005029717640509849, 'ecr_81_72': 0.009560190217091313, 'x_81': 0.0005029717640509849, 'ecr_80_81': 0.005892945924506482, 'x_80': 0.00020050942010798573, 'ecr_79_80': 0.005323402530065496, 'x_79': 0.0002926804553486836, 'rz_82': 0.0020089747232564887, 'sx_82': 0.00020252715667508288, 'rz_83': 0.0048181973505061655, 'sx_83': 0.00019219901404832923, 'rz_84': 0.002969352371361858, 'sx_84': 0.0009272435629498773, 'rz_85': 0.002391234873623826, 'sx_85': 0.00021812955086794171, 'rz_86': 0.003482860599059886, 'sx_86': 0.0011702425607558503, 'rz_87': 0.0027923916917606518, 'sx_87': 0.0016314616017063623, 'rz_88': 0.004425810895131928, 'sx_88': 0.0003578512196046939, 'ecr_87_88': 0.016657519368549534, 'rz_89': 0.00013576307191244367, 'sx_89': 0.000152723579257423, 'rz_90': 0.003338688834675739, 'sx_90': 0.0002254022649013365, 'rz_91': 0.0004462498657838735, 'sx_91': 0.00040508283706700704, 'ecr_91_79': 0.006995370254616717, 'x_91': 0.00040508283706700704, 'rz_92': 0.001711493232762615, 'sx_92': 0.00019468673743700487, 'rz_93': 0.004575081531510682, 'sx_93': 0.000414500397387161, 'rz_94': 0.0017111128255895202, 'sx_94': 0.00028138515955493636, 'rz_95': 0.0001777141064162728, 'sx_95': 0.0001982705055120435, 'rz_96': 0.00259040802904651, 'sx_96': 0.00018668203394020067, 'rz_97': 0.004784630775369566, 'sx_97': 0.0004259449268423488, 'rz_98': 0.001008266989416918, 'sx_98': 0.00045747418351981255, 'ecr_98_91': 0.01291111996052649, 'x_98': 0.00045747418351981255, 'ecr_97_98': 0.009208799675298418, 'ecr_97_96': 0.00759317103951343, 'x_96': 0.00018668203394020067, 'ecr_95_96': 0.005984025714729946, 'ecr_94_95': 0.008409052584398224, 'ecr_94_90': 0.0070602497089851945, 'ecr_75_90': 0.00565827717349765, 'x_75': 0.00021625240701247128, 'ecr_76_75': 0.007131814048778967, 'rz_99': 0.001093679727253627, 'sx_99': 0.00026642662352289065, 'rz_100': 0.004421034997067178, 'sx_100': 0.00016510097132273842, 'rz_101': 0.0044622788622041215, 'sx_101': 0.00029500490758122385, 'rz_102': 0.0031264867243047684, 'sx_102': 0.00019139089565666577, 'rz_103': 0.004607987207754382, 'sx_103': 0.00023989094664351987, 'rz_104': 0.0035129307696657305, 'sx_104': 0.00022616364989076876, 'rz_105': 0.00030564189312048935, 'sx_105': 0.0007389301093692648, 'rz_106': 0.0016221267620895854, 'sx_106': 0.00021314762516239338, 'rz_107': 0.0026774272973676475, 'rz_109': 0.0008112783726108572, 'sx_109': 0.0001766843684376792, 'rz_110': 0.0018425631290366047, 'sx_110': 0.00021283747292110243, 'rz_114': 0.0046929081930921065, 'sx_114': 0.00023221772232899585, 'ecr_114_109': 0.006831676849491208, 'ecr_109_96': 0.007486275879102, 'rz_115': 0.0030780635982710376, 'sx_115': 0.00016851747708858955, 'ecr_114_115': 0.005907802071717427, 'x_76': 0.00015417207310416712, 'ecr_79_78': 0.011214961249637279, 'ecr_77_78': 0.0069043707307957225, 'ecr_99_98': 0.007108657167487847, 'x_99': 0.00026642662352289065, 'ecr_100_99': 0.027772158080855064, 'ecr_100_110': 0.0072310446235675785, 'ecr_62_61': 0.004879633484073137, 'ecr_65_64': 0.0059118887070582216, 'ecr_65_66': 0.009535563540861325, 'x_65': 0.00015946628534722353, 'x_66': 0.0005208521035690157, 'ecr_73_66': 0.010702611403740514, 'ecr_85_73': 0.005755665262947657, 'ecr_67_66': 0.012343459820116892, 'ecr_67_68': 0.010296310404739856, 'ecr_85_86': 0.02047586736970447, 'x_67': 0.00029276818209440574, 'x_73': 0.00026345946890250803, 'x_86': 0.0011702425607558503, 'ecr_86_87': 0.02033400353290679, 'ecr_85_84': 0.03935473194686562, 'x_84': 0.0009272435629498773, 'ecr_84_83': 0.007474141548040519, 'ecr_82_83': 0.007978185292598222, 'ecr_81_82': 0.005118464095604736, 'x_83': 0.00019219901404832923, 'ecr_83_92': 0.0057945592908542065, 'x_92': 0.00019468673743700487, 'ecr_92_102': 0.008990142763274644, 'ecr_101_102': 0.007656097403926532, 'ecr_101_100': 0.010687384461872756, 'x_100': 0.00016510097132273842, 'x_102': 0.00019139089565666577, 'ecr_102_103': 0.008436254835830576, 'ecr_104_103': 0.006375810419286365, 'x_104': 0.00022616364989076876, 'ecr_105_104': 0.021187816775953994, 'x_82': 0.00020252715667508288, 'x_62': 0.0002244474300536202, 'ecr_59_60': 0.011948077677821495, 'ecr_58_59': 0.012332759921432013, 'x_59': 0.00019145278676446697, 'ecr_53_60': 0.00727226538542422, 'ecr_41_53': 0.005857969247791084, 'sx_41': 0.0001774759246498797, 'ecr_42_41': 0.007110507404938071, 'ecr_40_41': 0.00454352135166497, 'ecr_42_43': 0.0051788540030748564, 'ecr_43_44': 0.008772470035647933, 'x_42': 0.0001797621516063854, 'x_53': 0.000345986492053784, 'x_41': 0.0001774759246498797, 'x_43': 0.00013533644877568497, 'ecr_40_39': 0.006861633962873287, 'ecr_39_38': 0.006028870799464403, 'x_39': 0.00021199867713074324, 'x_40': 0.00013482361766101227, 'ecr_34_43': 0.0037360025769011818, 'ecr_24_34': 0.006210715050126575, 'ecr_24_23': 0.007306760598607159, 'ecr_33_39': 0.005759149304777167, 'ecr_20_33': 0.02478788266603507, 'x_34': 0.00012731337645095463, 'x_33': 0.0002477996552085003, 'ecr_21_20': 0.0034817738017980937, 'sx_21': 0.0001584551974156572, 'ecr_21_22': 0.004330397179295814, 'ecr_22_23': 0.008161146064847968, 'x_20': 0.00028656481071536155, 'x_21': 0.0001584551974156572, 'ecr_20_19': 0.003250647152644587, 'ecr_18_19': 0.004912617604555247, 'x_22': 0.00013957979382311464, 'ecr_15_22': 0.004478390041435465, 'x_24': 0.0001295490770627518, 'x_15': 0.00014422003735761768, 'ecr_25_24': 0.006383399549016261, 'ecr_26_25': 0.009392473814638896, 'x_16': 0.0002660292296321826, 'x_28': 0.00027070780641205255, 'x_35': 0.00021821344620493566, 'x_49': 0.0003824768438288351, 'ecr_50_49': 0.014185546735339782, 'ecr_55_68': 0.00599345183632044, 'x_61': 0.00044009529729981795, 'x_36': 0.00013429547661019861, 'x_69': 0.00030472017517759066, 'ecr_74_70': 0.017390376601834345, 'sx_74': 0.0005841774708899374, 'ecr_74_89': 0.012165543497663855, 'ecr_88_89': 0.0105757453174328, 'ecr_93_87': 0.01956771785834638, 'x_87': 0.0016314616017063623, 'ecr_93_106': 0.008317251007695786, 'x_93': 0.000414500397387161, 'ecr_107_106': 0.00695048805807752, 'sx_107': 0.0002579581852626074, 'x_106': 0.00021314762516239338, 'x_48': 0.00022301758410075637, 'x_50': 0.0008326812846659134, 'x_68': 0.00019702335787290178, 'ecr_14_18': 0.005580051927703972, 'ecr_14_0': 0.0045556696698723365, 'ecr_1_0': 0.003978700306166649, 'x_25': 0.0002504891878642895, 'x_32': 0.0002264699715119705, 'ecr_32_36': 0.005440898251828086, 'x_74': 0.0005841774708899374, 'x_88': 0.0003578512196046939, 'x_89': 0.000152723579257423, 'x_70': 0.0005727845761260429, 'x_4': 0.0012599820528993257, 'x_26': 0.0002626973133030817, 'x_46': 0.00021199712545567646, 'x_47': 0.00016033495619687164, 'x_60': 0.00040866817950931805, 'x_29': 0.00034725768058750797, 'ecr_77_76': 0.004827840620494767, 'ecr_77_71': 0.005582781506379364, 'x_95': 0.0001982705055120435, 'x_109': 0.0001766843684376792, 'x_45': 0.0003883335308183031, 'x_72': 0.0003754533677812397, 'x_54': 0.0002830129914550808, 'x_51': 0.00012123394142296765, 'measure_70': 0.07040000000000002, 'measure_74': 0.012599999999999945, 'measure_69': 0.00990000000000002, 'measure_89': 0.011800000000000033, 'measure_67': 0.05499999999999994, 'measure_68': 0.034499999999999975, 'measure_55': 0.00990000000000002, 'measure_66': 0.007199999999999984, 'measure_73': 0.01539999999999997, 'measure_65': 0.0121, 'measure_64': 0.010099999999999998, 'measure_49': 0.009299999999999975, 'measure_46': 0.0131, 'measure_47': 0.006699999999999928, 'measure_44': 0.02400000000000002, 'measure_45': 0.05120000000000002, 'measure_43': 0.019199999999999995, 'measure_34': 0.02760000000000007, 'measure_24': 0.20140000000000002, 'measure_50': 0.01770000000000005, 'measure_35': 0.014599999999999946, 'measure_48': 0.012599999999999945, 'measure_51': 0.01330000000000009, 'measure_28': 0.03380000000000005, 'measure_25': 0.016199999999999992, 'measure_22': 0.014700000000000046, 'measure_15': 0.009400000000000075, 'measure_16': 0.015199999999999991, 'measure_8': 0.006299999999999972, 'measure_26': 0.008499999999999952, 'measure_27': 0.06730000000000003, 'measure_30': 0.0052000000000000934, 'measure_62': 0.016100000000000003, 'measure_72': 0.03990000000000005, 'measure_81': 0.040200000000000014, 'measure_80': 0.017900000000000027, 'measure_79': 0.011500000000000066, 'measure_61': 0.22100000000000009, 'measure_60': 0.0343, 'measure_78': 0.006700000000000039, 'measure_91': 0.036699999999999955, 'measure_58': 0.21709999999999996, 'measure_97': 0.06180000000000008, 'measure_96': 0.03810000000000002, 'measure_82': 0.01760000000000006, 'measure_109': 0.01859999999999995, 'measure_115': 0.017299999999999982, 'measure_95': 0.011099999999999999, 'measure_98': 0.013000000000000012, 'measure_77': 0.0413, 'measure_54': 0.01550000000000007, 'measure_59': 0.033499999999999974, 'measure_7': 0.017199999999999993, 'measure_29': 0.01869999999999994, 'measure_42': 0.02510000000000001, 'measure_90': 0.009099999999999997, 'measure_85': 0.014900000000000024, 'measure_41': 0.049900000000000055, 'measure_53': 0.01770000000000005, 'measure_114': 0.13359999999999994, 'measure_87': 0.02279999999999993, 'measure_94': 0.01540000000000008, 'measure_93': 0.031000000000000028, 'measure_88': 0.008000000000000007, 'measure_99': 0.007099999999999995, 'measure_86': 0.039000000000000035, 'measure_92': 0.006000000000000005, 'measure_83': 0.010599999999999943, 'measure_103': 0.007099999999999995, 'measure_110': 0.010699999999999932, 'measure_84': 0.008299999999999974, 'measure_102': 0.03969999999999996, 'measure_101': 0.026699999999999946, 'measure_100': 0.009700000000000042, 'measure_40': 0.0383, 'measure_104': 0.0131, 'measure_76': 0.008799999999999919, 'measure_39': 0.01419999999999999, 'measure_71': 0.012599999999999945, 'measure_33': 0.012699999999999934, 'measure_23': 0.00990000000000002, 'measure_105': 0.017299999999999982, 'measure_31': 0.005600000000000049, 'measure_38': 0.017299999999999982, 'measure_9': 0.006399999999999961, 'measure_20': 0.011199999999999988, 'measure_52': 0.008000000000000007, 'measure_75': 0.008499999999999952, 'measure_21': 0.009399999999999964, 'measure_4': 0.013800000000000034, 'measure_106': 0.020399999999999974, 'measure_19': 0.05520000000000003, 'measure_5': 0.00770000000000004, 'measure_37': 0.008099999999999996, 'measure_57': 0.010299999999999976, 'measure_56': 0.010299999999999976, 'measure_3': 0.025000000000000022, 'measure_63': 0.009800000000000031, 'measure_2': 0.007500000000000062, 'measure_1': 0.021400000000000086, 'measure_107': 0.024899999999999922}","{'rz_7': 80.19673953873703, 'sx_7': 59.99999999999999, 'ecr_6_7': 660.0, 'rz_6': 96.57911194530739, 'ecr_6_5': 660.0, 'rz_5': 23.577100301648272, 'sx_5': 59.99999999999999, 'sx_6': 59.99999999999999, 'ecr_7_8': 660.0, 'rz_8': 59.092732283868045, 'sx_8': 59.99999999999999, 'ecr_16_8': 660.0, 'rz_16': 64.31766219626186, 'sx_16': 59.99999999999999, 'ecr_16_26': 660.0, 'rz_26': 22.317135216351183, 'sx_26': 59.99999999999999, 'ecr_27_26': 660.0, 'rz_27': 76.73645290291856, 'sx_27': 59.99999999999999, 'x_27': 59.99999999999999, 'ecr_28_27': 660.0, 'rz_28': 24.89791996231084, 'sx_28': 59.99999999999999, 'ecr_28_35': 660.0, 'rz_35': 57.55775921385304, 'sx_35': 59.99999999999999, 'ecr_35_47': 660.0, 'rz_47': 36.600586345267075, 'sx_47': 59.99999999999999, 'ecr_46_47': 660.0, 'rz_46': 52.73828982064493, 'sx_46': 59.99999999999999, 'ecr_46_45': 660.0, 'rz_45': 39.62276679889617, 'sx_45': 59.99999999999999, 'ecr_54_45': 660.0, 'rz_54': 30.631991105656052, 'sx_54': 59.99999999999999, 'ecr_54_64': 660.0, 'rz_64': 51.24065274708387, 'sx_64': 59.99999999999999, 'ecr_63_64': 660.0, 'rz_63': 76.34870010180016, 'sx_63': 59.99999999999999, 'x_63': 59.99999999999999, 'ecr_62_63': 660.0, 'rz_62': 47.57437035614107, 'sx_62': 59.99999999999999, 'ecr_62_72': 660.0, 'rz_72': 85.36586181054642, 'sx_72': 59.99999999999999, 'ecr_81_72': 660.0, 'rz_81': 37.724535111100266, 'sx_81': 59.99999999999999, 'x_81': 59.99999999999999, 'ecr_80_81': 660.0, 'rz_80': 21.28617712655414, 'sx_80': 59.99999999999999, 'x_80': 59.99999999999999, 'ecr_79_80': 660.0, 'rz_79': 14.770014787295743, 'sx_79': 59.99999999999999, 'x_79': 59.99999999999999, 'ecr_91_79': 660.0, 'rz_91': 46.551148934874504, 'sx_91': 59.99999999999999, 'x_91': 59.99999999999999, 'ecr_98_91': 660.0, 'rz_98': 60.4355392024224, 'sx_98': 59.99999999999999, 'x_98': 59.99999999999999, 'ecr_97_98': 660.0, 'rz_97': 83.92120953131584, 'sx_97': 59.99999999999999, 'ecr_97_96': 660.0, 'rz_96': 93.79207540977082, 'x_96': 59.99999999999999, 'ecr_95_96': 660.0, 'sx_96': 59.99999999999999, 'rz_95': 76.41296066085248, 'sx_95': 59.99999999999999, 'ecr_94_95': 660.0, 'rz_94': 93.39725752470963, 'sx_94': 59.99999999999999, 'ecr_109_96': 660.0, 'rz_109': 18.74282027715286, 'sx_109': 59.99999999999999, 'ecr_114_109': 660.0, 'rz_114': 59.324544610364846, 'sx_114': 59.99999999999999, 'ecr_114_115': 660.0, 'ecr_99_98': 660.0, 'rz_99': 77.98192371858853, 'sx_99': 59.99999999999999, 'ecr_62_61': 660.0, 'ecr_65_64': 660.0, 'rz_65': 66.87223662895495, 'sx_65': 59.99999999999999, 'ecr_65_66': 660.0, 'rz_66': 53.96320858107264, 'x_66': 59.99999999999999, 'ecr_73_66': 660.0, 'sx_66': 59.99999999999999, 'rz_73': 38.082876999887446, 'sx_73': 59.99999999999999, 'ecr_85_73': 660.0, 'rz_85': 41.35300059327049, 'sx_85': 59.99999999999999, 'ecr_85_86': 660.0, 'ecr_67_66': 660.0, 'rz_67': 14.199767602746077, 'sx_67': 59.99999999999999, 'ecr_67_68': 660.0, 'x_67': 59.99999999999999, 'x_73': 59.99999999999999, 'rz_86': 84.1737388308184, 'sx_86': 59.99999999999999, 'ecr_85_84': 1100.0, 'x_84': 59.99999999999999, 'rz_84': 24.03426659338713, 'ecr_84_83': 660.0, 'sx_84': 59.99999999999999, 'ecr_82_83': 660.0, 'rz_83': 90.02106944728051, 'sx_83': 59.99999999999999, 'x_83': 59.99999999999999, 'ecr_83_92': 660.0, 'x_92': 59.99999999999999, 'rz_92': 42.03229097825766, 'ecr_92_102': 660.0, 'rz_102': 42.59965938046083, 'sx_102': 59.99999999999999, 'ecr_101_102': 660.0, 'rz_101': 98.09684709583381, 'sx_101': 59.99999999999999, 'x_102': 59.99999999999999, 'sx_92': 59.99999999999999, 'rz_82': 54.05212077333056, 'sx_82': 59.99999999999999, 'ecr_81_82': 660.0, 'ecr_102_103': 660.0, 'x_82': 59.99999999999999, 'x_62': 59.99999999999999, 'rz_61': 69.96327135689549, 'sx_61': 59.99999999999999, 'ecr_60_61': 660.0, 'rz_60': 10.987615534491658, 'sx_60': 59.99999999999999, 'ecr_59_60': 660.0, 'ecr_53_60': 660.0, 'rz_53': 36.50366135382555, 'sx_53': 59.99999999999999, 'ecr_41_53': 660.0, 'rz_41': 64.04455520885823, 'sx_41': 59.99999999999999, 'ecr_42_41': 660.0, 'rz_42': 93.74090928736437, 'sx_42': 59.99999999999999, 'ecr_42_43': 660.0, 'rz_43': 23.233375093510762, 'ecr_43_44': 660.0, 'rz_44': 56.53335598980015, 'sx_44': 59.99999999999999, 'sx_43': 59.99999999999999, 'x_41': 59.99999999999999, 'x_42': 59.99999999999999, 'ecr_40_41': 660.0, 'rz_40': 87.26629991072889, 'sx_40': 59.99999999999999, 'x_40': 59.99999999999999, 'ecr_40_39': 660.0, 'rz_39': 73.61497121990745, 'sx_39': 59.99999999999999, 'x_39': 59.99999999999999, 'ecr_33_39': 660.0, 'rz_33': 38.62383865811498, 'sx_33': 59.99999999999999, 'ecr_20_33': 660.0, 'rz_20': 89.97127176596778, 'sx_20': 59.99999999999999, 'ecr_39_38': 660.0, 'rz_38': 93.01008939291376, 'sx_38': 59.99999999999999, 'ecr_37_38': 660.0, 'rz_37': 80.1740338201546, 'sx_37': 59.99999999999999, 'x_33': 59.99999999999999, 'ecr_21_20': 660.0, 'rz_21': 96.92688106511112, 'sx_21': 59.99999999999999, 'ecr_21_22': 660.0, 'rz_22': 77.55021045448153, 'ecr_22_23': 660.0, 'rz_23': 90.19546087609203, 'sx_23': 59.99999999999999, 'ecr_24_23': 660.0, 'rz_24': 81.15471935318335, 'sx_24': 59.99999999999999, 'ecr_24_34': 860.0, 'sx_22': 59.99999999999999, 'x_20': 59.99999999999999, 'ecr_20_19': 660.0, 'rz_19': 41.053613587475375, 'sx_19': 59.99999999999999, 'ecr_18_19': 660.0, 'rz_18': 30.154604439871115, 'sx_18': 59.99999999999999, 'x_22': 59.99999999999999, 'ecr_15_22': 660.0, 'rz_15': 67.88028439060892, 'sx_15': 59.99999999999999, 'ecr_4_15': 660.0, 'rz_4': 98.5388713134859, 'sx_4': 59.99999999999999, 'ecr_4_3': 660.0, 'x_15': 59.99999999999999, 'ecr_25_24': 660.0, 'rz_25': 91.14489053492443, 'sx_25': 59.99999999999999, 'ecr_26_25': 660.0, 'ecr_28_29': 660.0, 'rz_29': 32.65423699428746, 'sx_29': 59.99999999999999, 'ecr_30_29': 660.0, 'rz_30': 86.29175486256833, 'sx_30': 59.99999999999999, 'x_35': 59.99999999999999, 'ecr_48_47': 660.0, 'rz_48': 24.80603495853917, 'sx_48': 59.99999999999999, 'ecr_48_49': 660.0, 'rz_49': 74.31748561510696, 'sx_49': 59.99999999999999, 'ecr_55_49': 660.0, 'rz_55': 21.880952755632997, 'sx_55': 59.99999999999999, 'ecr_55_68': 660.0, 'rz_68': 31.013959996849096, 'sx_68': 59.99999999999999, 'ecr_69_68': 660.0, 'rz_69': 74.12039426481078, 'ecr_69_70': 660.0, 'sx_69': 59.99999999999999, 'rz_70': 72.45074820539965, 'sx_70': 59.99999999999999, 'ecr_74_70': 660.0, 'rz_74': 80.6757368518525, 'sx_74': 59.99999999999999, 'ecr_74_89': 660.0, 'rz_89': 92.91062245481162, 'sx_89': 59.99999999999999, 'ecr_88_89': 660.0, 'rz_88': 12.917463670980347, 'sx_88': 59.99999999999999, 'ecr_87_88': 660.0, 'rz_87': 15.873125438577631, 'sx_87': 59.99999999999999, 'ecr_93_87': 740.0, 'rz_93': 24.49374271325592, 'sx_93': 59.99999999999999, 'ecr_93_106': 660.0, 'rz_106': 58.75410801180717, 'sx_106': 59.99999999999999, 'x_93': 59.99999999999999, 'ecr_107_106': 660.0, 'rz_107': 70.06470844935394, 'sx_107': 59.99999999999999, 'x_106': 59.99999999999999, 'x_68': 59.99999999999999, 'ecr_50_49': 660.0, 'ecr_30_31': 660.0, 'x_31': 59.99999999999999, 'rz_31': 62.32623392927666, 'ecr_31_32': 660.0, 'sx_31': 59.99999999999999, 'x_32': 59.99999999999999, 'rz_32': 64.34035325003947, 'ecr_32_36': 660.0, 'sx_32': 59.99999999999999, 'x_36': 59.99999999999999, 'rz_36': 15.89465554317011, 'ecr_36_51': 660.0, 'sx_36': 59.99999999999999, 'rz_51': 73.64130821920699, 'sx_51': 59.99999999999999, 'ecr_50_51': 660.0, 'rz_50': 58.43742178117118, 'sx_50': 59.99999999999999, 'x_55': 59.99999999999999, 'x_28': 59.99999999999999, 'x_49': 59.99999999999999, 'x_70': 59.99999999999999, 'x_89': 59.99999999999999, 'x_87': 59.99999999999999, 'x_88': 59.99999999999999, 'x_74': 59.99999999999999, 'x_69': 59.99999999999999, 'x_48': 59.99999999999999, 'ecr_44_45': 660.0, 'x_44': 59.99999999999999, 'x_43': 59.99999999999999, 'ecr_34_43': 660.0, 'rz_34': 96.88144754682389, 'sx_34': 59.99999999999999, 'x_34': 59.99999999999999, 'x_24': 59.99999999999999, 'x_25': 59.99999999999999, 'x_26': 59.99999999999999, 'x_47': 59.99999999999999, 'measure_107': 4000.0}","{'1': 0.021400000000000086, '2': 0.007500000000000062, '3': 0.025000000000000022, '4': 0.013800000000000034, '5': 0.00770000000000004, '7': 0.017199999999999993, '8': 0.006299999999999972, '9': 0.006399999999999961, '15': 0.009400000000000075, '16': 0.015199999999999991, '19': 0.05520000000000003, '20': 0.011199999999999988, '21': 0.009399999999999964, '22': 0.014700000000000046, '23': 0.00990000000000002, '24': 0.20140000000000002, '25': 0.016199999999999992, '26': 0.008499999999999952, '27': 0.06730000000000003, '28': 0.03380000000000005, '29': 0.01869999999999994, '30': 0.0052000000000000934, '31': 0.005600000000000049, '33': 0.012699999999999934, '34': 0.02760000000000007, '35': 0.014599999999999946, '37': 0.008099999999999996, '38': 0.017299999999999982, '39': 0.01419999999999999, '40': 0.0383, '41': 0.049900000000000055, '42': 0.02510000000000001, '43': 0.019199999999999995, '44': 0.02400000000000002, '45': 0.05120000000000002, '46': 0.0131, '47': 0.006699999999999928, '48': 0.012599999999999945, '49': 0.009299999999999975, '50': 0.01770000000000005, '51': 0.01330000000000009, '52': 0.008000000000000007, '53': 0.01770000000000005, '54': 0.01550000000000007, '55': 0.00990000000000002, '56': 0.010299999999999976, '57': 0.010299999999999976, '58': 0.21709999999999996, '59': 0.033499999999999974, '60': 0.0343, '61': 0.22100000000000009, '62': 0.016100000000000003, '63': 0.009800000000000031, '64': 0.010099999999999998, '65': 0.0121, '66': 0.007199999999999984, '67': 0.05499999999999994, '68': 0.034499999999999975, '69': 0.00990000000000002, '70': 0.07040000000000002, '71': 0.012599999999999945, '72': 0.03990000000000005, '73': 0.01539999999999997, '74': 0.012599999999999945, '75': 0.008499999999999952, '76': 0.008799999999999919, '77': 0.0413, '78': 0.006700000000000039, '79': 0.011500000000000066, '80': 0.017900000000000027, '81': 0.040200000000000014, '82': 0.01760000000000006, '83': 0.010599999999999943, '84': 0.008299999999999974, '85': 0.014900000000000024, '86': 0.039000000000000035, '87': 0.02279999999999993, '88': 0.008000000000000007, '89': 0.011800000000000033, '90': 0.009099999999999997, '91': 0.036699999999999955, '92': 0.006000000000000005, '93': 0.031000000000000028, '94': 0.01540000000000008, '95': 0.011099999999999999, '96': 0.03810000000000002, '97': 0.06180000000000008, '98': 0.013000000000000012, '99': 0.007099999999999995, '100': 0.009700000000000042, '101': 0.026699999999999946, '102': 0.03969999999999996, '103': 0.007099999999999995, '104': 0.0131, '105': 0.017299999999999982, '106': 0.020399999999999974, '107': 0.024899999999999922, '109': 0.01859999999999995, '110': 0.010699999999999932, '114': 0.13359999999999994, '115': 0.017299999999999982}"
3,cusco,127,11097,"{'rz_4': 0.004945189331817425, 'sx_4': 0.00011359027740978612, 'rz_7': 0.0009149605312769998, 'sx_7': 0.0001896284519179673, 'rz_8': 0.0036902577434716516, 'sx_8': 0.0002680052774096375, 'rz_9': 0.00019761088039779338, 'sx_9': 0.0007229185118140883, 'rz_10': 0.002445033058235982, 'sx_10': 0.00023416403384322543, 'rz_11': 0.002795308393311525, 'sx_11': 0.00041267031208559567, 'rz_12': 0.002029547163773106, 'sx_12': 0.00025939098737961884, 'rz_15': 0.0007969898380381864, 'sx_15': 0.0001614880918304175, 'ecr_4_15': 0.0039061895594985907, 'rz_16': 0.002958874638239996, 'sx_16': 0.00032367470623234537, 'rz_17': 0.002311707230801808, 'sx_17': 0.0003728038584567211, 'rz_19': 0.0018849357689592068, 'sx_19': 0.0005940026675401652, 'rz_20': 0.002937989927709589, 'sx_20': 0.000214078931930704, 'rz_21': 0.0004299188646706929, 'sx_21': 0.0005545734006475826, 'rz_22': 0.0008832334414411817, 'sx_22': 0.0002606447432482449, 'ecr_21_22': 0.008271567399380758, 'rz_23': 0.0010719012890842764, 'sx_23': 0.000470838613300065, 'rz_24': 0.0015381705946344137, 'sx_24': 0.0010849955959513983, 'rz_25': 0.0038402122293652876, 'sx_25': 0.00033628902268529194, 'sx_26': 0.0004738533763912661, 'rz_26': 0.0038396891244815733, 'ecr_26_16': 0.01464970477316585, 'ecr_16_8': 0.00873384732270538, 'x_26': 0.0004738533763912661, 'ecr_26_25': 0.01287863640283346, 'ecr_25_24': 0.010180236102942358, 'ecr_23_24': 0.008424743610030622, 'ecr_23_22': 0.008534974056306821, 'ecr_9_8': 0.013311238023087313, 'x_9': 0.0007229185118140883, 'rz_27': 0.0033643826865650947, 'ecr_26_27': 0.017686619500478423, 'sx_27': 0.00019394227399707455, 'x_25': 0.00033628902268529194, 'rz_28': 0.0020809463427031126, 'sx_28': 0.0002666715177004544, 'ecr_28_27': 0.008816715630381111, 'x_27': 0.00019394227399707455, 'x_16': 0.00032367470623234537, 'x_8': 0.0002680052774096375, 'ecr_8_7': 0.008016102065748598, 'rz_29': 0.0012715775643560713, 'sx_29': 0.00019071387276779045, 'rz_30': 0.002422899449761238, 'sx_30': 0.00033632046707199786, 'ecr_29_30': 0.00706132814320104, 'rz_31': 0.004797316970383786, 'sx_31': 0.0005255517601461135, 'ecr_30_31': 0.012314577168063223, 'x_31': 0.0005255517601461135, 'rz_32': 0.004333896806064038, 'sx_32': 0.0004248125407113168, 'rz_33': 0.004211536206091001, 'sx_33': 0.0002673689314069926, 'rz_34': 0.0031317650054048245, 'sx_34': 0.001734516757834003, 'rz_35': 0.0021235599399213995, 'sx_35': 0.0007790912223092037, 'ecr_35_28': 0.01563606462940978, 'x_28': 0.0002666715177004544, 'rz_36': 0.000408961900539134, 'sx_36': 0.0004887865562469807, 'rz_37': 0.004840031662560435, 'sx_37': 0.0005344799350624253, 'rz_38': 0.0022894526195156853, 'sx_38': 0.0006227841585199327, 'rz_39': 0.002936341179074428, 'sx_39': 0.0004920982545789351, 'rz_40': 0.0005640855556635578, 'sx_40': 0.00020774164821176508, 'rz_41': 0.0009330519215145755, 'sx_41': 0.0004117107387724237, 'rz_42': 0.003371185200258549, 'sx_42': 0.0008103759745055388, 'rz_43': 0.003964630316022232, 'rz_44': 0.004564317349449752, 'sx_44': 0.0029543755051137477, 'rz_45': 0.003648037802590663, 'sx_45': 0.0006546914571472517, 'rz_46': 0.0009879956051943276, 'sx_46': 0.00023790789845765467, 'rz_47': 0.004895416324435903, 'sx_47': 0.0008066973492246777, 'ecr_35_47': 0.017022581428017214, 'ecr_29_28': 0.007681609889442054, 'x_29': 0.00019071387276779045, 'ecr_17_30': 0.015531750926002508, 'x_17': 0.0003728038584567211, 'ecr_12_17': 0.013778497702166076, 'x_12': 0.00025939098737961884, 'ecr_11_12': 0.011212743884793652, 'ecr_11_10': 0.0075896353034707875, 'x_10': 0.00023416403384322543, 'ecr_10_9': 0.016580813284932855, 'rz_48': 0.0012895618222698551, 'sx_48': 0.01483668019251928, 'rz_49': 0.002845991564536067, 'sx_49': 0.000503899191498368, 'rz_50': 0.0031026316092727713, 'sx_50': 0.0003156800145019029, 'ecr_50_49': 0.011484899507234914, 'ecr_48_49': 0.054423669421687165, 'x_48': 0.01483668019251928, 'ecr_48_47': 0.1147774944198993, 'rz_51': 0.004574300071646039, 'sx_51': 0.000260740135252214, 'ecr_51_50': 0.01096224476028873, 'x_50': 0.0003156800145019029, 'x_51': 0.000260740135252214, 'ecr_36_51': 0.009563780021809437, 'x_36': 0.0004887865562469807, 'ecr_32_36': 0.010601255638124474, 'ecr_31_32': 0.021693217499074047, 'rz_52': 0.00446829542142167, 'sx_52': 0.0020454610192140866, 'rz_53': 0.002233907314023228, 'sx_53': 0.00015392735779737096, 'rz_54': 0.0014087190607554828, 'rz_55': 0.0018644169327910794, 'sx_55': 0.00035217270289067713, 'rz_56': 0.0016453580384603558, 'sx_56': 0.00029368194504215527, 'rz_57': 0.0030802126275646558, 'sx_57': 0.000789380432996566, 'rz_58': 0.00029507097140419236, 'sx_58': 0.0004052868581900735, 'rz_59': 0.002453688465830466, 'sx_59': 0.001092267767769483, 'rz_60': 0.0024599693086073053, 'sx_60': 0.0003190681773970415, 'rz_61': 0.0032055035123601788, 'sx_61': 0.0002935109929896861, 'rz_62': 0.004311394915184108, 'sx_62': 0.0003559562164175821, 'rz_63': 0.0031806653497169312, 'sx_63': 0.001855454169037855, 'rz_64': 0.0009832944843780696, 'sx_64': 0.0007164751541185784, 'rz_65': 0.0003875633529270411, 'sx_65': 0.0004940023841487646, 'rz_66': 0.0017324413260685688, 'sx_66': 0.0005271967106405958, 'rz_67': 0.003653551328172097, 'sx_67': 0.0021342379761858416, 'rz_68': 0.00042755825269728234, 'sx_68': 0.007050726421136673, 'rz_69': 0.003933352045593904, 'sx_69': 0.0019723325670763527, 'rz_70': 0.0011878857286050368, 'sx_70': 0.0003426229301078057, 'ecr_70_69': 0.03473246768934041, 'ecr_68_69': 1, 'x_68': 0.007050726421136673, 'ecr_55_68': 0.16471779578224988, 'ecr_55_49': 0.01341205570778431, 'x_47': 0.0008066973492246777, 'ecr_46_47': 0.012592956832367858, 'ecr_46_45': 0.025745894739130748, 'x_45': 0.0006546914571472517, 'ecr_44_45': 0.038941023106737555, 'ecr_43_44': 0.01168429427034648, 'sx_43': 0.0003423881961296638, 'ecr_43_34': 0.007893791800728994, 'ecr_34_24': 0.023718803362242358, 'x_43': 0.0003423881961296638, 'ecr_42_43': 0.0261573420476304, 'ecr_42_41': 0.022039396135694778, 'ecr_53_41': 0.010203840808665904, 'ecr_60_53': 0.019560074254534432, 'x_41': 0.0004117107387724237, 'ecr_40_41': 0.03424911984705367, 'ecr_40_39': 0.011514001041284666, 'ecr_33_39': 0.014661871597247134, 'x_33': 0.0002673689314069926, 'x_53': 0.00015392735779737096, 'ecr_60_59': 0.04658276317596752, 'ecr_58_59': 0.030923747963362336, 'x_58': 0.0004052868581900735, 'ecr_57_58': 0.015243867870748051, 'x_57': 0.000789380432996566, 'ecr_56_57': 0.010193205012770684, 'ecr_60_61': 0.017234372944100435, 'ecr_62_61': 0.008674782622831223, 'x_44': 0.0029543755051137477, 'x_30': 0.00033632046707199786, 'x_62': 0.0003559562164175821, 'x_35': 0.0007790912223092037, 'ecr_21_20': 0.012330013247116606, 'x_21': 0.0005545734006475826, 'x_22': 0.0002606447432482449, 'ecr_22_15': 0.012215495019777423, 'x_20': 0.000214078931930704, 'ecr_20_33': 0.005637715953449862, 'ecr_20_19': 0.006356455975851633, 'x_34': 0.001734516757834003, 'ecr_38_39': 0.018132779544613953, 'x_38': 0.0006227841585199327, 'ecr_37_38': 0.020382391056141397, 'x_37': 0.0005344799350624253, 'ecr_52_37': 0.015558783041940721, 'ecr_67_68': 0.2137999135615339, 'rz_71': 0.002810160610547087, 'sx_71': 0.00022049173133371986, 'ecr_58_71': 0.028250844466692127, 'rz_72': 0.003735590700873658, 'sx_72': 0.00035052815007401074, 'ecr_72_62': 0.012494514410787139, 'x_40': 0.00020774164821176508, 'rz_73': 0.0011568204624937373, 'sx_73': 0.0016824375923740434, 'rz_74': 0.004987501026258838, 'sx_74': 0.0004321189006889671, 'ecr_70_74': 0.011530830584059931, 'rz_75': 0.003193773633665621, 'sx_75': 0.000715294768763334, 'rz_76': 0.002170243946999156, 'sx_76': 0.000298500868120842, 'ecr_76_75': 0.025370825239333233, 'rz_77': 0.00018076259091582582, 'sx_77': 0.00033967377212724563, 'rz_78': 0.00297949307626423, 'sx_78': 0.003031276825072053, 'ecr_78_77': 0.025540016133245608, 'ecr_77_71': 0.014515805379456154, 'x_77': 0.00033967377212724563, 'rz_79': 0.004962397120374442, 'sx_79': 0.0002770335060358682, 'rz_80': 0.003044648315125024, 'sx_80': 0.0004455582697635864, 'rz_81': 0.004741206979462367, 'sx_81': 0.0002466861859721805, 'ecr_72_81': 0.016547450764222177, 'ecr_54_45': 0.025941071182703862, 'sx_54': 0.00019372429983103025, 'ecr_54_64': 0.007581572408421916, 'x_54': 0.00019372429983103025, 'ecr_65_64': 0.013411050049966483, 'ecr_65_66': 0.017471241498830253, 'ecr_67_66': 0.01775934426963549, 'x_64': 0.0007164751541185784, 'x_65': 0.0004940023841487646, 'ecr_64_63': 0.04243292446723998, 'ecr_62_63': 0.022036943252142976, 'x_66': 0.0005271967106405958, 'x_72': 0.00035052815007401074, 'x_81': 0.0002466861859721805, 'rz_82': 0.004651545494519295, 'sx_82': 0.004900311217553364, 'ecr_81_82': 0.041936073712454336, 'rz_83': 0.00422769201271766, 'sx_83': 0.00026626806714399805, 'ecr_83_82': 0.03331906207306276, 'rz_84': 0.0010665506867662932, 'sx_84': 0.0005362723563440445, 'rz_85': 0.0010512736855718494, 'sx_85': 0.003861101224904584, 'rz_86': 0.0031933026584796925, 'sx_86': 0.0016798851833139988, 'rz_87': 0.0013487365665030317, 'sx_87': 0.0021833203861338487, 'rz_88': 0.001685276432206108, 'sx_88': 0.0028423749774065268, 'rz_89': 0.003186716561076851, 'sx_89': 0.00023056011753331553, 'ecr_88_89': 0.03005587190743883, 'ecr_87_88': 0.09863518942141414, 'ecr_87_86': 0.08190653409002313, 'ecr_85_86': 0.0715243878996629, 'ecr_85_84': 0.12710162541400646, 'x_84': 0.0005362723563440445, 'ecr_84_83': 0.018560219760407753, 'x_83': 0.00026626806714399805, 'ecr_80_81': 0.016876665721924533, 'ecr_80_79': 0.01622584056432194, 'x_79': 0.0002770335060358682, 'ecr_79_78': 0.025101812498680542, 'ecr_76_77': 0.007310314304853099, 'x_78': 0.003031276825072053, 'rz_90': 0.002873105455882153, 'sx_90': 0.0014560175381071723, 'ecr_90_75': 0.06411971401098585, 'rz_91': 0.0022177032415479033, 'sx_91': 0.0011195534661071463, 'ecr_91_79': 0.04093949759658899, 'x_91': 0.0011195534661071463, 'rz_92': 0.0037734290091935635, 'sx_92': 0.003092025355297146, 'ecr_83_92': 1, 'rz_93': 0.004387502842194534, 'sx_93': 0.001387861180360068, 'rz_94': 0.0042468768958470425, 'sx_94': 0.00575714305472285, 'rz_95': 0.004013745919621062, 'sx_95': 0.0020979207814420192, 'rz_96': 0.0011807126401598164, 'sx_96': 0.0002995820278662045, 'rz_97': 0.00023289586224680683, 'sx_97': 0.006143339777860221, 'rz_98': 0.0012383634413960206, 'sx_98': 0.005386627837105924, 'ecr_98_91': 0.06480287165283025, 'x_98': 0.005386627837105924, 'rz_99': 0.004852387205510603, 'sx_99': 0.0010698419706957956, 'ecr_99_98': 0.030545136467263118, 'x_99': 0.0010698419706957956, 'rz_100': 0.0033832901831452244, 'sx_100': 0.005138275323949534, 'ecr_100_99': 0.052006459581359854, 'x_100': 0.005138275323949534, 'rz_101': 0.002650495750341672, 'sx_101': 0.0024220138996056536, 'ecr_101_100': 0.07256120415034895, 'rz_102': 0.0005164719580798817, 'sx_102': 0.0017492020263813971, 'ecr_102_101': 0.07543837535502376, 'x_101': 0.0024220138996056536, 'rz_103': 0.003467974536500438, 'sx_103': 0.0011086154251041783, 'ecr_103_102': 0.06117775744294504, 'x_102': 0.0017492020263813971, 'ecr_92_102': 0.06628617314801802, 'rz_104': 0.003254054112429734, 'sx_104': 0.001421516904523369, 'rz_105': 0.004783165194533175, 'sx_105': 0.0015033337389388647, 'rz_106': 0.0035852106002527387, 'sx_106': 0.0022337627661335943, 'rz_107': 0.0017116005866400787, 'sx_107': 0.0006776505876122963, 'ecr_106_107': 0.026933086820748103, 'rz_110': 0.002858515593825082, 'sx_110': 0.005015487245305529, 'rz_111': 0.0030481768899736357, 'sx_111': 0.0012766323936381971, 'ecr_104_111': 0.047173786741700585, 'ecr_103_104': 0.05468663343264116, 'x_103': 0.0011086154251041783, 'x_104': 0.001421516904523369, 'rz_118': 0.0005512507326532082, 'sx_118': 0.001644881812977279, 'ecr_118_110': 0.1175126272131201, 'ecr_100_110': 1, 'rz_119': 0.0035407171585543035, 'sx_119': 0.0014289916839811982, 'rz_120': 0.0010781364923413588, 'sx_120': 0.00022088987471489792, 'rz_121': 0.001095232766813057, 'sx_121': 0.0023915376639031265, 'rz_122': 0.0015805967512627893, 'sx_122': 0.003669201982929134, 'ecr_111_122': 1, 'ecr_104_105': 0.02361424348834623, 'x_105': 0.0015033337389388647, 'ecr_105_106': 0.17174276678350972, 'x_106': 0.0022337627661335943, 'x_111': 0.0012766323936381971, 'x_92': 0.003092025355297146, 'ecr_73_85': 0.033604851997611734, 'ecr_66_73': 0.016723236868478875, 'x_73': 0.0016824375923740434, 'x_85': 0.003861101224904584, 'x_88': 0.0028423749774065268, 'x_87': 0.0021833203861338487, 'ecr_93_87': 0.07714422599856136, 'ecr_97_98': 0.07371303987136951, 'x_97': 0.006143339777860221, 'ecr_118_119': 0.10169564068334729, 'ecr_119_120': 0.05650529148790298, 'x_119': 0.0014289916839811982, 'ecr_121_120': 0.05191439146869409, 'x_75': 0.000715294768763334, 'x_76': 0.000298500868120842, 'x_82': 0.004900311217553364, 'x_90': 0.0014560175381071723, 'ecr_94_90': 1, 'x_80': 0.0004455582697635864, 'ecr_93_106': 0.0373667687820009, 'x_67': 0.0021342379761858416, 'ecr_94_95': 0.08524042560345739, 'ecr_96_95': 0.030706361273812655, 'x_95': 0.0020979207814420192, 'ecr_96_97': 0.12516795275580408, 'x_96': 0.0002995820278662045, 'x_93': 0.001387861180360068, 'ecr_74_89': 0.0100045666054972, 'ecr_121_122': 0.04942796868489552, 'x_74': 0.0004321189006889671, 'x_94': 0.00575714305472285, 'x_89': 0.00023056011753331553, 'x_86': 0.0016798851833139988, 'x_32': 0.0004248125407113168, 'x_46': 0.00023790789845765467, 'x_23': 0.000470838613300065, 'x_24': 0.0010849955959513983, 'measure_99': 0.022599999999999953, 'measure_100': 0.0796, 'measure_98': 0.23009999999999997, 'measure_101': 0.044499999999999984, 'measure_97': 0.0677000000000001, 'measure_103': 0.0252, 'measure_102': 0.02960000000000007, 'measure_105': 0.057499999999999996, 'measure_104': 0.038999999999999924, 'measure_93': 0.09010000000000007, 'measure_106': 0.0250999999999999, 'measure_86': 0.061900000000000066, 'measure_87': 0.20409999999999995, 'measure_73': 0.021299999999999986, 'measure_85': 0.045399999999999996, 'measure_65': 0.012799999999999923, 'measure_66': 0.01429999999999998, 'measure_54': 0.010599999999999943, 'measure_64': 0.024599999999999955, 'measure_44': 0.05459999999999998, 'measure_45': 0.06020000000000003, 'measure_46': 0.036799999999999944, 'measure_43': 0.09989999999999999, 'measure_24': 0.054300000000000015, 'measure_25': 0.011800000000000033, 'measure_34': 0.05940000000000001, 'measure_42': 0.10570000000000002, 'measure_23': 0.013900000000000023, 'measure_26': 0.025900000000000034, 'measure_28': 0.010800000000000032, 'measure_35': 0.00880000000000003, 'measure_47': 0.02069999999999994, 'measure_29': 0.009199999999999986, 'measure_30': 0.0847, 'measure_9': 0.0262, 'measure_16': 0.012699999999999934, 'measure_49': 0.07840000000000003, 'measure_55': 0.0383, 'measure_50': 0.062000000000000055, 'measure_68': 0.04459999999999997, 'measure_48': 0.3771, 'measure_21': 0.10210000000000008, 'measure_22': 0.015800000000000036, 'measure_15': 0.03760000000000008, 'measure_41': 0.019399999999999973, 'measure_33': 0.012800000000000034, 'measure_53': 0.012699999999999934, 'measure_4': 0.008499999999999952, 'measure_56': 0.041100000000000025, 'measure_63': 0.08689999999999998, 'measure_51': 0.14690000000000003, 'measure_8': 0.030299999999999994, 'measure_31': 0.02960000000000007, 'measure_10': 0.017800000000000038, 'measure_32': 0.01090000000000002, 'measure_7': 0.006599999999999939, 'measure_12': 0.04530000000000001, 'measure_36': 0.02839999999999998, 'measure_60': 0.05600000000000005, 'measure_58': 0.00770000000000004, 'measure_61': 0.13990000000000002, 'measure_81': 0.012499999999999956, 'measure_67': 0.038899999999999935, 'measure_19': 0.0675, 'measure_82': 0.027800000000000047, 'measure_38': 0.19530000000000003, 'measure_57': 0.03049999999999997, 'measure_39': 0.20850000000000002, 'measure_37': 0.03620000000000001, 'measure_80': 0.021600000000000064, 'measure_52': 0.04920000000000002, 'measure_40': 0.01869999999999994, 'measure_20': 0.013299999999999979, 'measure_59': 0.021299999999999986, 'measure_72': 0.26879999999999993, 'measure_62': 0.022399999999999975, 'measure_84': 0.03849999999999998, 'measure_69': 0.03489999999999993, 'measure_27': 0.014999999999999902, 'measure_83': 0.013600000000000056, 'measure_74': 0.01089999999999991, 'measure_70': 0.009600000000000053, 'measure_89': 0.011299999999999977, 'measure_79': 0.05130000000000001, 'measure_92': 0.08199999999999996, 'measure_91': 0.04310000000000003, 'measure_94': 0.4092, 'measure_71': 0.04910000000000003, 'measure_77': 0.018900000000000028, 'measure_107': 0.017800000000000038, 'measure_111': 0.02499999999999991, 'measure_17': 0.058599999999999985, 'measure_96': 0.05169999999999997, 'measure_121': 0.050000000000000044, 'measure_95': 0.3245, 'measure_110': 0.14190000000000003, 'measure_118': 0.09166666666666667, 'measure_122': 0.08499999999999996, 'measure_88': 0.04039999999999999, 'measure_78': 0.22720000000000007, 'measure_119': 0.05666666666666664}","{'rz_16': 38.37903764893791, 'sx_16': 44.0, 'ecr_26_16': 460.0, 'x_26': 44.0, 'rz_26': 65.43875689546772, 'ecr_26_25': 460.0, 'rz_25': 60.88241701774819, 'sx_25': 44.0, 'sx_26': 44.0, 'ecr_26_27': 460.0, 'rz_27': 88.79855977901119, 'sx_27': 44.0, 'ecr_28_27': 460.0, 'rz_28': 36.357828876037566, 'sx_28': 44.0, 'ecr_35_28': 460.0, 'rz_35': 38.83288481041615, 'sx_35': 44.0, 'ecr_35_47': 460.0, 'x_28': 44.0, 'ecr_29_28': 460.0, 'ecr_48_47': 1708.0, 'rz_47': 95.72091764787315, 'sx_47': 44.0, 'rz_48': 32.97271354914911, 'sx_48': 44.0, 'ecr_48_49': 460.0, 'rz_49': 36.8693853302948, 'sx_49': 44.0, 'ecr_50_49': 460.0, 'rz_50': 21.04913051371144, 'sx_50': 44.0, 'ecr_55_49': 460.0, 'rz_55': 40.4674466997964, 'sx_55': 44.0, 'ecr_46_47': 940.0, 'rz_46': 33.59060335960215, 'sx_46': 44.0, 'ecr_46_45': 940.0, 'rz_45': 72.74956831973392, 'x_45': 44.0, 'ecr_44_45': 940.0, 'rz_44': 69.29521718845706, 'sx_44': 44.0, 'ecr_43_44': 460.0, 'rz_43': 48.353532835165076, 'sx_43': 44.0, 'ecr_43_34': 460.0, 'rz_34': 96.14024319942443, 'sx_34': 44.0, 'ecr_34_24': 316.0, 'ecr_42_43': 460.0, 'rz_42': 50.54350528584773, 'sx_42': 44.0, 'ecr_42_41': 644.0, 'rz_41': 93.41245955991256, 'sx_41': 44.0, 'ecr_53_41': 460.0, 'rz_53': 27.313653520633842, 'sx_53': 44.0, 'ecr_60_53': 604.0, 'x_41': 44.0, 'ecr_40_41': 460.0, 'rz_40': 40.27969228349827, 'sx_40': 44.0, 'ecr_40_39': 460.0, 'rz_39': 12.69890618305725, 'sx_39': 44.0, 'ecr_33_39': 460.0, 'rz_33': 55.26031082071614, 'sx_33': 44.0, 'rz_60': 91.0550172430687, 'sx_60': 44.0, 'ecr_60_61': 460.0, 'x_43': 44.0, 'x_44': 44.0, 'sx_45': 44.0, 'x_47': 44.0, 'rz_29': 97.61486274512454, 'sx_29': 44.0, 'ecr_29_30': 460.0, 'x_30': 44.0, 'rz_30': 71.26318868326898, 'ecr_30_31': 460.0, 'sx_30': 44.0, 'ecr_17_30': 940.0, 'rz_17': 79.83108507272769, 'sx_17': 44.0, 'x_25': 44.0, 'ecr_25_24': 460.0, 'rz_24': 40.014423404617574, 'sx_24': 44.0, 'ecr_23_24': 460.0, 'rz_23': 65.77560145879278, 'sx_23': 44.0, 'ecr_23_22': 460.0, 'rz_22': 48.71741980982229, 'sx_22': 44.0, 'ecr_21_22': 460.0, 'rz_21': 96.67212869563016, 'sx_21': 44.0, 'x_22': 44.0, 'ecr_22_15': 460.0, 'rz_15': 90.09665212996003, 'sx_15': 44.0, 'ecr_4_15': 460.0, 'rz_4': 40.242267142754415, 'sx_4': 44.0, 'ecr_21_20': 460.0, 'x_20': 44.0, 'rz_20': 82.00949803746848, 'ecr_20_33': 460.0, 'sx_20': 44.0, 'x_33': 44.0, 'ecr_38_39': 460.0, 'rz_38': 62.431658427767516, 'sx_38': 44.0, 'x_38': 44.0, 'ecr_37_38': 460.0, 'rz_37': 49.02497296295683, 'sx_37': 44.0, 'ecr_54_45': 460.0, 'rz_54': 69.73964959194815, 'sx_54': 44.0, 'ecr_54_64': 460.0, 'rz_64': 33.448971284028374, 'sx_64': 44.0, 'ecr_65_64': 308.0, 'rz_65': 98.66477591353767, 'sx_65': 44.0, 'ecr_65_66': 460.0, 'ecr_67_66': 460.0, 'rz_66': 22.06925895038821, 'sx_66': 44.0, 'x_64': 44.0, 'x_54': 44.0, 'rz_67': 98.76495250246779, 'sx_67': 44.0, 'ecr_64_63': 460.0, 'rz_63': 44.51237872891719, 'sx_63': 44.0, 'ecr_62_63': 364.0, 'rz_62': 38.15064397704465, 'sx_62': 44.0, 'x_62': 44.0, 'ecr_72_62': 460.0, 'rz_72': 56.698262361929444, 'sx_72': 44.0, 'ecr_72_81': 460.0, 'x_81': 44.0, 'rz_81': 54.742573485684396, 'ecr_81_82': 460.0, 'sx_81': 44.0, 'ecr_83_82': 460.0, 'rz_82': 11.061379300649456, 'sx_82': 44.0, 'rz_83': 64.90084302036567, 'sx_83': 44.0, 'ecr_80_81': 460.0, 'rz_80': 63.38358548700945, 'sx_80': 44.0, 'ecr_80_79': 460.0, 'x_79': 44.0, 'rz_79': 94.1178939106002, 'ecr_79_78': 460.0, 'rz_78': 60.96234581067593, 'sx_78': 44.0, 'ecr_78_77': 460.0, 'x_77': 44.0, 'rz_77': 16.82535111106374, 'ecr_77_71': 460.0, 'sx_77': 44.0, 'sx_79': 44.0, 'ecr_91_79': 460.0, 'rz_91': 52.22528044412271, 'sx_91': 44.0, 'x_91': 44.0, 'ecr_98_91': 460.0, 'rz_98': 86.98920648443098, 'sx_98': 44.0, 'x_98': 44.0, 'ecr_99_98': 460.0, 'rz_99': 81.71859819775588, 'sx_99': 44.0, 'x_99': 44.0, 'ecr_100_99': 460.0, 'rz_100': 84.20251031095701, 'sx_100': 44.0, 'x_100': 44.0, 'ecr_101_100': 460.0, 'rz_101': 75.88037238273806, 'sx_101': 44.0, 'ecr_102_101': 460.0, 'rz_102': 19.82110441815897, 'sx_102': 44.0, 'ecr_103_102': 460.0, 'x_102': 44.0, 'ecr_92_102': 460.0, 'rz_103': 20.22284513394047, 'sx_103': 44.0, 'ecr_103_104': 460.0, 'x_104': 44.0, 'rz_104': 90.02274487183148, 'ecr_104_105': 460.0, 'sx_104': 44.0, 'x_105': 44.0, 'rz_105': 42.24755665299473, 'ecr_105_106': 460.0, 'sx_105': 44.0, 'x_103': 44.0, 'rz_92': 41.796367145539335, 'sx_92': 44.0, 'x_92': 44.0, 'ecr_83_92': 460.0, 'x_83': 44.0, 'ecr_84_83': 460.0, 'rz_84': 74.77467829697588, 'sx_84': 44.0, 'x_84': 44.0, 'ecr_85_84': 460.0, 'rz_85': 25.788962208291057, 'sx_85': 44.0, 'ecr_73_85': 460.0, 'rz_73': 91.39594619080714, 'sx_73': 44.0, 'ecr_66_73': 740.0, 'x_85': 44.0, 'ecr_85_86': 460.0, 'rz_86': 98.00406391778162, 'sx_86': 44.0, 'ecr_87_86': 460.0, 'rz_87': 14.635066044743663, 'sx_87': 44.0, 'ecr_87_88': 460.0, 'rz_88': 81.70396701350008, 'sx_88': 44.0, 'x_87': 44.0, 'ecr_93_87': 460.0, 'rz_93': 85.15979535981663, 'sx_93': 44.0, 'ecr_76_77': 460.0, 'rz_76': 63.468963191858414, 'sx_76': 44.0, 'ecr_76_75': 460.0, 'x_78': 44.0, 'ecr_97_98': 460.0, 'ecr_100_110': 940.0, 'rz_110': 24.80631590481893, 'sx_110': 44.0, 'ecr_118_110': 460.0, 'rz_118': 57.04995872801827, 'sx_118': 44.0, 'ecr_118_119': 460.0, 'rz_119': 97.85864130636541, 'ecr_119_120': 460.0, 'rz_120': 87.95149162739735, 'sx_120': 44.0, 'x_119': 44.0, 'sx_119': 44.0, 'x_80': 44.0, 'x_82': 44.0, 'rz_97': 34.582552167642035, 'sx_97': 44.0, 'x_97': 44.0, 'ecr_96_97': 460.0, 'ecr_93_106': 460.0, 'x_88': 44.0, 'ecr_88_89': 460.0, 'rz_106': 39.19649297193179, 'sx_106': 44.0, 'x_106': 44.0, 'ecr_106_107': 460.0, 'ecr_104_111': 460.0, 'rz_111': 62.38401991264174, 'sx_111': 44.0, 'x_101': 44.0, 'rz_89': 89.35223570547934, 'ecr_74_89': 460.0, 'sx_89': 44.0, 'rz_74': 37.37894931921277, 'sx_74': 44.0, 'x_93': 44.0, 'ecr_62_61': 460.0, 'sx_61': 44.0, 'rz_61': 78.14060992258958, 'x_66': 44.0, 'x_73': 44.0, 'x_86': 44.0, 'x_65': 44.0, 'measure_119': 4000.0}","{'4': 0.008499999999999952, '7': 0.006599999999999939, '8': 0.030299999999999994, '9': 0.0262, '10': 0.017800000000000038, '12': 0.04530000000000001, '15': 0.03760000000000008, '16': 0.012699999999999934, '17': 0.058599999999999985, '19': 0.0675, '20': 0.013299999999999979, '21': 0.10210000000000008, '22': 0.015800000000000036, '23': 0.013900000000000023, '24': 0.054300000000000015, '25': 0.011800000000000033, '26': 0.025900000000000034, '27': 0.014999999999999902, '28': 0.010800000000000032, '29': 0.009199999999999986, '30': 0.0847, '31': 0.02960000000000007, '32': 0.01090000000000002, '33': 0.012800000000000034, '34': 0.05940000000000001, '35': 0.00880000000000003, '36': 0.02839999999999998, '37': 0.03620000000000001, '38': 0.19530000000000003, '39': 0.20850000000000002, '40': 0.01869999999999994, '41': 0.019399999999999973, '42': 0.10570000000000002, '43': 0.09989999999999999, '44': 0.05459999999999998, '45': 0.06020000000000003, '46': 0.036799999999999944, '47': 0.02069999999999994, '48': 0.3771, '49': 0.07840000000000003, '50': 0.062000000000000055, '51': 0.14690000000000003, '52': 0.04920000000000002, '53': 0.012699999999999934, '54': 0.010599999999999943, '55': 0.0383, '56': 0.041100000000000025, '57': 0.03049999999999997, '58': 0.00770000000000004, '59': 0.021299999999999986, '60': 0.05600000000000005, '61': 0.13990000000000002, '62': 0.022399999999999975, '63': 0.08689999999999998, '64': 0.024599999999999955, '65': 0.012799999999999923, '66': 0.01429999999999998, '67': 0.038899999999999935, '68': 0.04459999999999997, '69': 0.03489999999999993, '70': 0.009600000000000053, '71': 0.04910000000000003, '72': 0.26879999999999993, '73': 0.021299999999999986, '74': 0.01089999999999991, '77': 0.018900000000000028, '78': 0.22720000000000007, '79': 0.05130000000000001, '80': 0.021600000000000064, '81': 0.012499999999999956, '82': 0.027800000000000047, '83': 0.013600000000000056, '84': 0.03849999999999998, '85': 0.045399999999999996, '86': 0.061900000000000066, '87': 0.20409999999999995, '88': 0.04039999999999999, '89': 0.011299999999999977, '91': 0.04310000000000003, '92': 0.08199999999999996, '93': 0.09010000000000007, '94': 0.4092, '95': 0.3245, '96': 0.05169999999999997, '97': 0.0677000000000001, '98': 0.23009999999999997, '99': 0.022599999999999953, '100': 0.0796, '101': 0.044499999999999984, '102': 0.02960000000000007, '103': 0.0252, '104': 0.038999999999999924, '105': 0.057499999999999996, '106': 0.0250999999999999, '107': 0.017800000000000038, '110': 0.14190000000000003, '111': 0.02499999999999991, '118': 0.09166666666666667, '119': 0.05666666666666664, '121': 0.050000000000000044, '122': 0.08499999999999996}"
3,kawasaki,127,12584,"{'rz_0': 0.0037011509555771446, 'sx_0': 0.0002390640095239453, 'rz_1': 0.0017217478096986755, 'sx_1': 0.00019645778480622007, 'rz_2': 0.003645393464548525, 'sx_2': 0.00011778891249549998, 'ecr_1_2': 0.0048289108690412474, 'rz_3': 0.0018220187703709711, 'sx_3': 0.0006879520353979142, 'ecr_2_3': 0.004408956240273265, 'rz_4': 0.003433898953266381, 'sx_4': 0.00018592774879063983, 'ecr_4_3': 0.007427949922686333, 'x_2': 0.00011778891249549998, 'rz_5': 0.004615511537074954, 'sx_5': 0.00017951761848198773, 'rz_6': 0.004578889137162254, 'sx_6': 0.00019175810282114495, 'rz_7': 0.0014881280374861572, 'sx_7': 0.00020943518069762733, 'rz_8': 0.0011789525805513004, 'sx_8': 0.00015103068380966652, 'rz_9': 0.004752348829124077, 'sx_9': 0.00023340396861830744, 'rz_10': 0.004040748414211958, 'sx_10': 0.00015182108905993373, 'rz_11': 0.0010999283598502598, 'sx_11': 0.00020401566524015275, 'rz_12': 0.0008537007292796652, 'sx_12': 0.00015537623248080185, 'rz_13': 0.0016397028540081691, 'sx_13': 0.00013987743640455228, 'ecr_13_12': 0.0071889094765538175, 'rz_14': 0.0005460995378146536, 'sx_14': 0.00012257982590993714, 'rz_15': 0.0032723933928760405, 'sx_15': 0.0002382626762826191, 'rz_16': 0.003418960255244861, 'sx_16': 0.0001850397521985539, 'rz_17': 0.0028887017836843536, 'sx_17': 0.00028203611338553994, 'ecr_17_12': 0.00910342575865844, 'ecr_11_12': 0.00634691422332731, 'ecr_11_10': 0.005392705159565581, 'x_10': 0.00015182108905993373, 'ecr_10_9': 0.004656637474003217, 'ecr_8_9': 0.006190068624939787, 'x_8': 0.00015103068380966652, 'ecr_16_8': 0.004689367574067016, 'x_16': 0.0001850397521985539, 'rz_18': 0.0008162861047307627, 'sx_18': 0.00015505375299553688, 'rz_19': 0.003721790212477026, 'sx_19': 0.0002109910781083719, 'rz_20': 0.0026296813599573947, 'sx_20': 0.00032615889909041974, 'rz_21': 0.0004544085166433118, 'sx_21': 0.00014015716894131175, 'rz_22': 0.00030597428669315363, 'sx_22': 0.0002943554753389002, 'rz_23': 0.00231558992233055, 'sx_23': 0.0005476336350665221, 'rz_24': 0.004830211557418431, 'sx_24': 0.0001368520612375841, 'rz_25': 0.0006229958184311077, 'sx_25': 0.0002662066152537508, 'rz_26': 0.002954736036740682, 'sx_26': 0.000282716531072448, 'ecr_26_16': 0.005868559352555841, 'x_26': 0.000282716531072448, 'ecr_25_26': 0.007155412582128012, 'x_25': 0.0002662066152537508, 'ecr_24_25': 0.0044716095282150425, 'rz_27': 0.004767010685503399, 'sx_27': 0.00021568314419145, 'rz_28': 0.0033432413411287245, 'sx_28': 0.00014259996811733023, 'ecr_28_27': 0.0078407551919851, 'rz_29': 0.002884643061630223, 'sx_29': 0.00022941382948181663, 'rz_30': 0.0029829954180858745, 'sx_30': 0.0002205916038989476, 'rz_31': 0.0014184003863966321, 'sx_31': 0.00014766765133713959, 'rz_32': 0.00215689251141188, 'sx_32': 0.00022885018240727747, 'rz_33': 0.003871344682359223, 'sx_33': 0.0008208589153484927, 'rz_34': 0.0019533713943200356, 'sx_34': 0.00017565274284912145, 'rz_35': 0.0003595899390669901, 'sx_35': 0.0002194991798897037, 'rz_36': 0.0026700950780578687, 'sx_36': 0.0002307807799236312, 'rz_37': 0.00035639992355030326, 'sx_37': 0.00013988544352670505, 'rz_38': 0.001092492981177354, 'sx_38': 0.0002964998875866505, 'rz_39': 0.0043838255543787895, 'sx_39': 0.00011876722922872167, 'ecr_38_39': 0.18192998278435504, 'ecr_38_37': 0.01111483040048411, 'ecr_39_33': 0.01922491353688921, 'rz_40': 0.0003923114483941643, 'sx_40': 0.0003116413382609061, 'rz_41': 0.003219920571644469, 'sx_41': 0.0001434889870940193, 'rz_42': 0.0022862952417879484, 'sx_42': 0.0010289230040920598, 'rz_43': 0.004991326968122583, 'sx_43': 0.0001319751094329057, 'rz_44': 0.003902826564142346, 'sx_44': 0.0002538494235339643, 'rz_45': 0.004243869831343397, 'sx_45': 0.0001297744397070029, 'rz_46': 0.004580297807524708, 'sx_46': 0.0001725546883810261, 'rz_47': 0.0027335287755143422, 'sx_47': 0.00021073970360345806, 'rz_48': 0.002901538819666332, 'sx_48': 0.0002550294253043759, 'rz_49': 0.0016707836518476482, 'sx_49': 0.00027937604362861723, 'rz_50': 0.0037017970345004504, 'sx_50': 0.00035910790327104477, 'rz_51': 0.0030606333111747137, 'sx_51': 0.00028380442003326703, 'rz_52': 0.0019866144852172035, 'sx_52': 0.0002365593805358062, 'ecr_52_37': 0.006965929730909148, 'x_52': 0.0002365593805358062, 'rz_53': 0.0023210479137778578, 'sx_53': 0.000519747101247693, 'rz_54': 0.00013851630361030827, 'sx_54': 0.00028818998258839216, 'rz_55': 0.0036054791434463056, 'sx_55': 0.00013018781125506985, 'rz_56': 0.0030992544417225154, 'sx_56': 0.00032722625702516977, 'ecr_56_52': 0.010410800170105539, 'rz_57': 0.003988078581245019, 'sx_57': 0.00026807773478952824, 'ecr_56_57': 0.008373148608536385, 'rz_58': 0.002772658142886287, 'sx_58': 0.00019202826772671597, 'rz_59': 0.0022391730967463554, 'sx_59': 0.000313377292711866, 'rz_60': 0.003394225458980291, 'sx_60': 0.0001482463677973438, 'ecr_59_60': 0.008433758174255124, 'ecr_59_58': 0.009078758408983867, 'ecr_53_60': 0.00885095982640971, 'ecr_53_41': 0.00894587074604633, 'x_41': 0.0001434889870940193, 'ecr_41_42': 0.005339910023512917, 'ecr_43_42': 0.005236935695562994, 'ecr_43_34': 0.010347629979167439, 'ecr_34_24': 0.00391178531578798, 'rz_61': 0.00499782450132155, 'sx_61': 0.0001845657675274531, 'ecr_60_61': 0.003938065462881196, 'ecr_23_24': 0.007839013083525248, 'x_23': 0.0005476336350665221, 'ecr_22_23': 0.01105288213423819, 'ecr_22_21': 0.009164889234260981, 'x_21': 0.00014015716894131175, 'ecr_21_20': 0.005147601963291282, 'x_20': 0.00032615889909041974, 'ecr_33_20': 0.011338764177352773, 'ecr_19_20': 0.005924039068386927, 'ecr_18_19': 0.004533652910682279, 'ecr_18_14': 0.0038268106091277343, 'ecr_0_14': 0.00535450782695196, 'ecr_15_22': 0.007036385732954731, 'x_33': 0.0008208589153484927, 'x_39': 0.00011876722922872167, 'x_22': 0.0002943554753389002, 'ecr_4_15': 0.015066146962729982, 'x_15': 0.0002382626762826191, 'x_24': 0.0001368520612375841, 'ecr_27_26': 0.0072815365978211866, 'ecr_4_5': 0.0058449688216402895, 'ecr_6_5': 0.004578937647462644, 'x_43': 0.0001319751094329057, 'ecr_44_43': 0.007052025814592883, 'ecr_44_45': 0.00933289679803434, 'ecr_54_45': 0.007825699236668954, 'x_34': 0.00017565274284912145, 'x_54': 0.00028818998258839216, 'ecr_41_40': 0.010132617393237842, 'x_60': 0.0001482463677973438, 'x_61': 0.0001845657675274531, 'ecr_7_8': 0.0038173323247118196, 'x_7': 0.00020943518069762733, 'ecr_6_7': 0.0051865229479199915, 'x_27': 0.00021568314419145, 'x_28': 0.00014259996811733023, 'ecr_35_28': 0.0068021040570717395, 'rz_62': 0.0037574061414881745, 'rz_63': 0.00211318783376025, 'sx_63': 0.00016177816879783322, 'rz_64': 0.001675495542837232, 'sx_64': 0.0001412973607957259, 'ecr_64_54': 0.006914444606563652, 'ecr_46_45': 0.005130347013101222, 'x_46': 0.0001725546883810261, 'ecr_47_46': 0.007037361339032905, 'x_47': 0.00021073970360345806, 'ecr_35_47': 0.008735266953493026, 'x_35': 0.0002194991798897037, 'rz_65': 0.0034782436898790677, 'sx_65': 0.0002882936746246495, 'ecr_64_65': 0.005400333138944752, 'ecr_29_28': 0.00694342397259351, 'ecr_48_47': 0.013412119064212219, 'ecr_48_49': 0.004870460729131693, 'x_48': 0.0002550294253043759, 'x_49': 0.00027937604362861723, 'ecr_49_50': 0.011023239798183482, 'ecr_51_50': 0.006499041963676677, 'x_50': 0.00035910790327104477, 'ecr_51_36': 0.006711484700218068, 'x_36': 0.0002307807799236312, 'ecr_36_32': 0.012064215992888594, 'x_32': 0.00022885018240727747, 'ecr_32_31': 0.004835072108353655, 'x_31': 0.00014766765133713959, 'ecr_31_30': 0.004828168634232299, 'ecr_55_49': 0.004363593048193087, 'x_55': 0.00013018781125506985, 'x_65': 0.0002882936746246495, 'rz_66': 0.0034029588634208983, 'sx_66': 0.0003250095895910668, 'rz_67': 0.0005783169482872897, 'sx_67': 0.000270020880840461, 'rz_68': 0.004025501872436777, 'sx_68': 0.0001664328090573147, 'ecr_68_55': 0.003634834222181027, 'rz_69': 0.00410667631869756, 'sx_69': 0.0003112297125331164, 'ecr_69_68': 0.00939337800566159, 'x_68': 0.0001664328090573147, 'rz_70': 0.004393298846846251, 'sx_70': 0.00012197097025940292, 'ecr_69_70': 0.010469845729645516, 'x_69': 0.0003112297125331164, 'ecr_67_68': 0.007405971984588117, 'x_67': 0.000270020880840461, 'ecr_66_67': 0.013998083038573528, 'rz_71': 0.0007753121158730772, 'rz_72': 0.0026184376375620677, 'sx_72': 0.00022375903396883067, 'rz_73': 0.002829953848298284, 'sx_73': 0.00010105256321849426, 'ecr_66_73': 0.005138564418039809, 'rz_75': 0.0032338820769039806, 'sx_75': 0.0006197210121402679, 'rz_76': 0.002812394491417691, 'sx_76': 0.0007125654902547585, 'ecr_75_76': 0.010091321601983116, 'rz_77': 0.002192981776661755, 'sx_77': 0.00017581209167742579, 'rz_78': 0.003959627981550997, 'sx_78': 0.00019444231131804005, 'rz_79': 0.0005495943500511263, 'sx_79': 0.0003535822958144103, 'rz_80': 0.001399671906310977, 'sx_80': 0.000290112729447727, 'rz_81': 0.004199401214242596, 'sx_81': 0.0006691137565557301, 'ecr_81_72': 0.016291857472472027, 'rz_82': 0.004158539309831905, 'sx_82': 8.768648301297174e-05, 'ecr_82_81': 0.010872678292354804, 'rz_83': 0.0023417033923088812, 'sx_83': 0.00016548017159406935, 'rz_84': 0.0024554154076545554, 'sx_84': 0.00022929174606391733, 'rz_85': 0.0028834436020984135, 'sx_85': 0.0003408774645023734, 'ecr_85_73': 0.009058486498480761, 'x_66': 0.0003250095895910668, 'ecr_65_66': 0.007800771930031647, 'x_64': 0.0001412973607957259, 'ecr_63_64': 0.0033306834519093997, 'rz_86': 0.001907838631364127, 'sx_86': 0.00015675169367938602, 'rz_87': 0.004979464460340931, 'sx_87': 0.0003271536359335129, 'ecr_86_87': 0.007393950995098875, 'x_86': 0.00015675169367938602, 'ecr_86_85': 0.006389384851019003, 'x_85': 0.0003408774645023734, 'x_63': 0.00016177816879783322, 'rz_90': 0.004198959601749632, 'sx_90': 0.000305174917597535, 'rz_91': 0.0038350593160133848, 'sx_91': 0.00031605053031598157, 'rz_92': 0.004863722786862889, 'sx_92': 0.00014551990302807388, 'rz_93': 0.0014737972539354204, 'sx_93': 0.0005009457229872861, 'rz_94': 0.0019971851474944236, 'sx_94': 0.00030542195042065423, 'rz_95': 0.0014931100424227792, 'sx_95': 0.00018474788228663448, 'rz_96': 0.002101958582578834, 'sx_96': 0.00021414519571782853, 'rz_97': 0.0035751429087393536, 'sx_97': 0.00022999379937193177, 'rz_98': 0.004050181357285686, 'sx_98': 0.00017718675524092554, 'rz_99': 0.004446758389612155, 'sx_99': 0.00023648902479385907, 'rz_100': 0.004146489566748771, 'sx_100': 0.0003126391050813978, 'rz_101': 0.003411260682619796, 'sx_101': 0.00019049613862277674, 'rz_102': 0.004438262210880505, 'sx_102': 0.00022943354529345958, 'rz_106': 0.0037111016628535443, 'sx_106': 0.00019371554504788469, 'ecr_106_93': 0.006175617683622153, 'ecr_87_93': 0.014683843429209448, 'x_87': 0.0003271536359335129, 'ecr_84_85': 0.007611586954802407, 'ecr_84_83': 0.007548758879983464, 'x_83': 0.00016548017159406935, 'ecr_92_83': 0.005339907103276559, 'x_84': 0.00022929174606391733, 'ecr_92_102': 0.007534776588173031, 'ecr_101_102': 0.0062377148411545125, 'x_101': 0.00019049613862277674, 'ecr_83_82': 0.004109008020872301, 'x_82': 8.768648301297174e-05, 'x_81': 0.0006691137565557301, 'ecr_72_62': 0.005453487513360278, 'sx_62': 0.00019618848915213294, 'ecr_63_62': 0.0046520910869357335, 'ecr_61_62': 0.005421089836766008, 'x_58': 0.00019202826772671597, 'ecr_57_58': 0.006485993276615615, 'x_57': 0.00026807773478952824, 'x_59': 0.000313377292711866, 'ecr_58_71': 0.007044158582864474, 'sx_71': 0.0001320944832213037, 'ecr_71_77': 0.004202815461558623, 'x_71': 0.0001320944832213037, 'ecr_78_77': 0.005962071907180566, 'ecr_78_79': 0.011181443993348583, 'ecr_80_81': 0.015739579246767305, 'x_80': 0.000290112729447727, 'ecr_80_79': 0.007552299702989679, 'x_79': 0.0003535822958144103, 'x_77': 0.00017581209167742579, 'ecr_77_76': 0.006885518125165219, 'x_75': 0.0006197210121402679, 'ecr_90_75': 0.0075732204677734505, 'x_78': 0.00019444231131804005, 'ecr_79_91': 0.021593321404373728, 'x_91': 0.00031605053031598157, 'ecr_98_91': 0.013508481324722599, 'ecr_98_99': 0.0042940607825390775, 'x_98': 0.00017718675524092554, 'ecr_100_99': 0.007174628659576215, 'ecr_97_98': 0.006207263608918101, 'ecr_97_96': 0.008205410545075814, 'ecr_95_96': 0.008027785231557782, 'ecr_95_94': 0.010655491131012801, 'x_94': 0.00030542195042065423, 'x_95': 0.00018474788228663448, 'x_96': 0.00021414519571782853, 'x_97': 0.00022999379937193177, 'x_100': 0.0003126391050813978, 'x_90': 0.000305174917597535, 'x_56': 0.00032722625702516977, 'ecr_90_94': 0.01137565735212448, 'x_99': 0.00023648902479385907, 'ecr_100_101': 0.0056956610303325605, 'x_92': 0.00014551990302807388, 'x_102': 0.00022943354529345958, 'x_72': 0.00022375903396883067, 'x_37': 0.00013988544352670505, 'x_62': 0.00019618848915213294, 'x_76': 0.0007125654902547585, 'x_51': 0.00028380442003326703, 'x_29': 0.00022941382948181663, 'ecr_39_40': 0.007598499887591564, 'x_45': 0.0001297744397070029, 'x_1': 0.00019645778480622007, 'ecr_0_1': 0.007800458834994056, 'x_44': 0.0002538494235339643, 'x_19': 0.0002109910781083719, 'x_53': 0.000519747101247693, 'x_42': 0.0010289230040920598, 'measure_91': 0.1233333333333333, 'measure_79': 0.00869999999999993, 'measure_98': 0.04833333333333334, 'measure_78': 0.011199999999999988, 'measure_97': 0.02310000000000001, 'measure_77': 0.017099999999999893, 'measure_80': 0.008499999999999952, 'measure_99': 0.35319999999999996, 'measure_71': 0.008199999999999985, 'measure_58': 0.015000000000000013, 'measure_76': 0.023499999999999965, 'measure_60': 0.005700000000000038, 'measure_59': 0.007199999999999984, 'measure_53': 0.019600000000000062, 'measure_57': 0.006099999999999994, 'measure_61': 0.1341, 'measure_62': 0.009800000000000031, 'measure_63': 0.007300000000000084, 'measure_43': 0.006399999999999961, 'measure_44': 0.03259999999999996, 'measure_45': 0.03059999999999996, 'measure_34': 0.010599999999999943, 'measure_54': 0.006099999999999994, 'measure_24': 0.007500000000000062, 'measure_25': 0.0232, 'measure_42': 0.03469999999999995, 'measure_64': 0.009500000000000064, 'measure_65': 0.016899999999999915, 'measure_75': 0.04859999999999998, 'measure_41': 0.0050000000000000044, 'measure_40': 0.019399999999999973, 'measure_26': 0.07400000000000007, 'measure_39': 0.050000000000000044, 'measure_23': 0.008399999999999963, 'measure_33': 0.009499999999999953, 'measure_15': 0.036799999999999944, 'measure_22': 0.02529999999999999, 'measure_19': 0.028899999999999926, 'measure_4': 0.024399999999999977, 'measure_21': 0.0353, 'measure_14': 0.008299999999999974, 'measure_20': 0.01880000000000004, 'measure_16': 0.016599999999999948, 'measure_46': 0.0031000000000001027, 'measure_8': 0.01629999999999998, 'measure_27': 0.1673, 'measure_3': 0.01200000000000001, 'measure_18': 0.12919999999999998, 'measure_38': 0.018333333333333313, 'measure_11': 0.02833333333333332, 'measure_6': 0.006299999999999972, 'measure_52': 0.024599999999999955, 'measure_7': 0.0968, 'measure_47': 0.0049000000000000155, 'measure_0': 0.03370000000000006, 'measure_2': 0.007400000000000073, 'measure_9': 0.009500000000000064, 'measure_28': 0.012599999999999945, 'measure_5': 0.013700000000000045, 'measure_12': 0.033333333333333326, 'measure_10': 0.009099999999999997, 'measure_1': 0.009500000000000064, 'measure_35': 0.014699999999999935, 'measure_49': 0.012299999999999978, 'measure_48': 0.009300000000000086, 'measure_13': 0.06920000000000004, 'measure_29': 0.059900000000000064, 'measure_50': 0.030100000000000016, 'measure_17': 0.028200000000000003, 'measure_66': 0.057599999999999985, 'measure_51': 0.08440000000000003, 'measure_36': 0.05179999999999996, 'measure_32': 0.006800000000000028, 'measure_31': 0.010499999999999954, 'measure_30': 0.014499999999999957, 'measure_69': 0.007300000000000084, 'measure_55': 0.00649999999999995, 'measure_68': 0.006900000000000017, 'measure_90': 0.020000000000000018, 'measure_73': 0.009600000000000053, 'measure_85': 0.009200000000000097, 'measure_72': 0.007800000000000029, 'measure_94': 0.036666666666666625, 'measure_70': 0.007000000000000006, 'measure_86': 0.007299999999999973, 'measure_67': 0.014399999999999968, 'measure_84': 0.007000000000000006, 'measure_92': 0.017800000000000038, 'measure_83': 0.0121, 'measure_101': 0.005700000000000038, 'measure_102': 0.005900000000000016, 'measure_93': 0.024599999999999955, 'measure_106': 0.009300000000000086, 'measure_87': 0.029400000000000093, 'measure_82': 0.12680000000000002, 'measure_81': 0.013399999999999967, 'measure_56': 0.02180000000000004, 'measure_100': 0.0363, 'measure_95': 0.07129999999999992, 'measure_37': 0.008399999999999963, 'measure_96': 0.031299999999999994}","{'rz_13': 14.547406382355978, 'sx_13': 53.33333333333333, 'ecr_13_12': 586.6666666666666, 'rz_12': 74.79698524450463, 'sx_12': 53.33333333333333, 'ecr_17_12': 586.6666666666666, 'ecr_11_12': 586.6666666666666, 'rz_11': 95.77472418073334, 'sx_11': 53.33333333333333, 'ecr_11_10': 586.6666666666666, 'x_10': 53.33333333333333, 'rz_10': 82.46754479144342, 'ecr_10_9': 586.6666666666666, 'sx_10': 53.33333333333333, 'rz_9': 19.7019619308387, 'sx_9': 53.33333333333333, 'ecr_8_9': 586.6666666666666, 'rz_8': 82.36923233426292, 'sx_8': 53.33333333333333, 'x_8': 53.33333333333333, 'ecr_16_8': 586.6666666666666, 'rz_16': 46.83500385566757, 'sx_16': 53.33333333333333, 'x_16': 53.33333333333333, 'ecr_26_16': 586.6666666666666, 'rz_26': 94.845869884324, 'sx_26': 53.33333333333333, 'x_26': 53.33333333333333, 'ecr_25_26': 586.6666666666666, 'rz_25': 66.9187179080771, 'sx_25': 53.33333333333333, 'x_25': 53.33333333333333, 'ecr_24_25': 586.6666666666666, 'rz_24': 79.85114324482025, 'sx_24': 53.33333333333333, 'ecr_34_24': 586.6666666666666, 'rz_34': 92.9452672768375, 'sx_34': 53.33333333333333, 'ecr_43_34': 586.6666666666666, 'rz_43': 63.79092240675602, 'sx_43': 53.33333333333333, 'ecr_43_42': 586.6666666666666, 'ecr_23_24': 586.6666666666666, 'rz_23': 13.066025903898908, 'sx_23': 53.33333333333333, 'x_23': 53.33333333333333, 'ecr_22_23': 586.6666666666666, 'rz_22': 44.865214618349235, 'sx_22': 53.33333333333333, 'ecr_22_21': 586.6666666666666, 'x_21': 53.33333333333333, 'rz_21': 84.97392240617538, 'ecr_21_20': 586.6666666666666, 'sx_21': 53.33333333333333, 'rz_20': 75.99932971341794, 'x_20': 53.33333333333333, 'ecr_33_20': 586.6666666666666, 'sx_20': 53.33333333333333, 'ecr_19_20': 586.6666666666666, 'rz_19': 72.38327705208988, 'sx_19': 53.33333333333333, 'ecr_18_19': 586.6666666666666, 'rz_18': 45.910852631788615, 'sx_18': 53.33333333333333, 'ecr_18_14': 586.6666666666666, 'rz_33': 13.077181297435178, 'sx_33': 53.33333333333333, 'x_22': 53.33333333333333, 'ecr_15_22': 586.6666666666666, 'rz_15': 13.82989160156697, 'sx_15': 53.33333333333333, 'x_24': 53.33333333333333, 'x_15': 53.33333333333333, 'ecr_4_15': 586.6666666666666, 'rz_4': 37.93264146658635, 'sx_4': 53.33333333333333, 'ecr_27_26': 586.6666666666666, 'rz_27': 53.62111940622594, 'sx_27': 53.33333333333333, 'x_27': 53.33333333333333, 'ecr_28_27': 586.6666666666666, 'rz_28': 94.51139595785041, 'sx_28': 53.33333333333333, 'x_28': 53.33333333333333, 'ecr_35_28': 586.6666666666666, 'rz_35': 43.40595346113241, 'sx_35': 53.33333333333333, 'ecr_35_47': 586.6666666666666, 'rz_47': 45.05469103769215, 'sx_47': 53.33333333333333, 'x_35': 53.33333333333333, 'ecr_47_46': 586.6666666666666, 'ecr_29_28': 586.6666666666666, 'rz_29': 39.79007763919147, 'sx_29': 53.33333333333333, 'ecr_48_47': 586.6666666666666, 'rz_48': 45.92462161647892, 'sx_48': 53.33333333333333, 'ecr_48_49': 586.6666666666666, 'x_49': 53.33333333333333, 'rz_49': 22.88196106736961, 'ecr_49_50': 586.6666666666666, 'rz_50': 99.17634666776422, 'sx_50': 53.33333333333333, 'ecr_51_50': 586.6666666666666, 'rz_51': 53.26699623008596, 'sx_51': 53.33333333333333, 'ecr_51_36': 586.6666666666666, 'sx_49': 53.33333333333333, 'ecr_55_49': 586.6666666666666, 'rz_55': 88.15580557518751, 'sx_55': 53.33333333333333, 'ecr_68_55': 586.6666666666666, 'x_68': 53.33333333333333, 'rz_68': 50.75214635182915, 'ecr_69_68': 586.6666666666666, 'sx_68': 53.33333333333333, 'ecr_67_68': 586.6666666666666, 'rz_67': 46.289202446218376, 'sx_67': 53.33333333333333, 'x_67': 53.33333333333333, 'ecr_66_67': 586.6666666666666, 'rz_66': 96.21748375849612, 'sx_66': 53.33333333333333, 'ecr_66_73': 586.6666666666666, 'x_66': 53.33333333333333, 'ecr_65_66': 586.6666666666666, 'rz_65': 28.836871408238476, 'sx_65': 53.33333333333333, 'x_65': 53.33333333333333, 'ecr_64_65': 586.6666666666666, 'rz_64': 65.48972199277583, 'sx_64': 53.33333333333333, 'rz_73': 76.58994545286403, 'sx_73': 53.33333333333333, 'ecr_85_73': 586.6666666666666, 'x_85': 53.33333333333333, 'rz_85': 65.53668653601095, 'ecr_86_85': 586.6666666666666, 'sx_85': 53.33333333333333, 'rz_86': 64.43603517619275, 'sx_86': 53.33333333333333, 'ecr_86_87': 586.6666666666666, 'x_86': 53.33333333333333, 'ecr_84_85': 586.6666666666666, 'rz_84': 19.116022561029663, 'sx_84': 53.33333333333333, 'ecr_84_83': 586.6666666666666, 'rz_83': 76.9411319555433, 'x_83': 53.33333333333333, 'ecr_92_83': 586.6666666666666, 'sx_83': 53.33333333333333, 'rz_92': 95.53007633328397, 'sx_92': 53.33333333333333, 'ecr_92_102': 586.6666666666666, 'ecr_83_82': 586.6666666666666, 'rz_82': 39.53912286688772, 'sx_82': 53.33333333333333, 'x_82': 53.33333333333333, 'ecr_82_81': 586.6666666666666, 'x_81': 53.33333333333333, 'rz_81': 83.34045939700115, 'ecr_81_72': 586.6666666666666, 'sx_81': 53.33333333333333, 'sx_72': 53.33333333333333, 'rz_72': 42.69672584923242, 'ecr_72_62': 586.6666666666666, 'rz_62': 28.754015908477495, 'sx_62': 53.33333333333333, 'ecr_63_62': 586.6666666666666, 'rz_63': 99.55418767823701, 'sx_63': 53.33333333333333, 'ecr_63_64': 586.6666666666666, 'ecr_61_62': 586.6666666666666, 'rz_61': 78.24002155709415, 'sx_61': 53.33333333333333, 'x_61': 53.33333333333333, 'ecr_60_61': 586.6666666666666, 'rz_60': 43.64266218314187, 'sx_60': 53.33333333333333, 'ecr_59_60': 586.6666666666666, 'rz_59': 37.096040546314484, 'sx_59': 53.33333333333333, 'ecr_59_58': 586.6666666666666, 'rz_58': 89.20488721596861, 'x_58': 53.33333333333333, 'ecr_57_58': 586.6666666666666, 'sx_58': 53.33333333333333, 'rz_57': 65.41604343854505, 'sx_57': 53.33333333333333, 'ecr_56_57': 586.6666666666666, 'rz_56': 81.68396164498913, 'sx_56': 53.33333333333333, 'ecr_58_71': 586.6666666666666, 'rz_71': 81.91612758582455, 'sx_71': 53.33333333333333, 'ecr_71_77': 586.6666666666666, 'rz_77': 45.550708926604734, 'sx_77': 53.33333333333333, 'ecr_78_77': 586.6666666666666, 'rz_78': 45.6192939554362, 'sx_78': 53.33333333333333, 'ecr_78_79': 586.6666666666666, 'ecr_80_79': 586.6666666666666, 'rz_79': 75.2613142502828, 'sx_79': 53.33333333333333, 'rz_80': 88.21139643879582, 'sx_80': 53.33333333333333, 'ecr_80_81': 586.6666666666666, 'x_80': 53.33333333333333, 'x_79': 53.33333333333333, 'x_77': 53.33333333333333, 'ecr_77_76': 586.6666666666666, 'rz_76': 18.697395964392797, 'sx_76': 53.33333333333333, 'ecr_75_76': 586.6666666666666, 'rz_75': 34.10021204034183, 'sx_75': 53.33333333333333, 'x_75': 53.33333333333333, 'ecr_90_75': 586.6666666666666, 'rz_90': 77.20568170011173, 'sx_90': 53.33333333333333, 'ecr_79_91': 586.6666666666666, 'rz_91': 54.12524316392599, 'x_91': 53.33333333333333, 'ecr_98_91': 657.7777777777777, 'sx_91': 53.33333333333333, 'rz_98': 79.71310431601637, 'sx_98': 53.33333333333333, 'ecr_98_99': 586.6666666666666, 'rz_99': 40.088488678196, 'sx_99': 53.33333333333333, 'ecr_100_99': 586.6666666666666, 'rz_100': 20.085861281138143, 'sx_100': 53.33333333333333, 'ecr_97_98': 586.6666666666666, 'rz_97': 83.35468128755596, 'sx_97': 53.33333333333333, 'ecr_97_96': 586.6666666666666, 'rz_96': 58.588736568777435, 'sx_96': 53.33333333333333, 'ecr_95_96': 586.6666666666666, 'rz_95': 92.9148288411696, 'sx_95': 53.33333333333333, 'ecr_95_94': 586.6666666666666, 'rz_94': 48.49585442509569, 'sx_94': 53.33333333333333, 'x_95': 53.33333333333333, 'x_97': 53.33333333333333, 'x_98': 53.33333333333333, 'x_96': 53.33333333333333, 'x_71': 53.33333333333333, 'x_57': 53.33333333333333, 'x_60': 53.33333333333333, 'ecr_56_52': 586.6666666666666, 'sx_52': 53.33333333333333, 'rz_52': 47.7927075095959, 'ecr_52_37': 586.6666666666666, 'rz_37': 73.3401829068086, 'sx_37': 53.33333333333333, 'x_72': 53.33333333333333, 'x_78': 53.33333333333333, 'ecr_90_94': 586.6666666666666, 'x_59': 53.33333333333333, 'ecr_53_60': 586.6666666666666, 'rz_53': 95.44044823423495, 'sx_53': 53.33333333333333, 'ecr_64_54': 586.6666666666666, 'rz_54': 58.17924786970836, 'sx_54': 53.33333333333333, 'ecr_54_45': 586.6666666666666, 'rz_45': 14.011863579638376, 'sx_45': 53.33333333333333, 'ecr_44_45': 586.6666666666666, 'rz_44': 50.601534794435835, 'sx_44': 53.33333333333333, 'ecr_44_43': 586.6666666666666, 'x_43': 53.33333333333333, 'rz_42': 46.59149615672471, 'sx_42': 53.33333333333333, 'ecr_41_42': 586.6666666666666, 'rz_41': 77.98490586331309, 'sx_41': 53.33333333333333, 'x_41': 53.33333333333333, 'ecr_53_41': 586.6666666666666, 'measure_96': 853.3333333333333}","{'0': 0.03370000000000006, '1': 0.009500000000000064, '2': 0.007400000000000073, '3': 0.01200000000000001, '4': 0.024399999999999977, '5': 0.013700000000000045, '6': 0.006299999999999972, '7': 0.0968, '8': 0.01629999999999998, '9': 0.009500000000000064, '10': 0.009099999999999997, '11': 0.02833333333333332, '12': 0.033333333333333326, '13': 0.06920000000000004, '14': 0.008299999999999974, '15': 0.036799999999999944, '16': 0.016599999999999948, '17': 0.028200000000000003, '18': 0.12919999999999998, '19': 0.028899999999999926, '20': 0.01880000000000004, '21': 0.0353, '22': 0.02529999999999999, '23': 0.008399999999999963, '24': 0.007500000000000062, '25': 0.0232, '26': 0.07400000000000007, '27': 0.1673, '28': 0.012599999999999945, '29': 0.059900000000000064, '30': 0.014499999999999957, '31': 0.010499999999999954, '32': 0.006800000000000028, '33': 0.009499999999999953, '34': 0.010599999999999943, '35': 0.014699999999999935, '36': 0.05179999999999996, '37': 0.008399999999999963, '38': 0.018333333333333313, '39': 0.050000000000000044, '40': 0.019399999999999973, '41': 0.0050000000000000044, '42': 0.03469999999999995, '43': 0.006399999999999961, '44': 0.03259999999999996, '45': 0.03059999999999996, '46': 0.0031000000000001027, '47': 0.0049000000000000155, '48': 0.009300000000000086, '49': 0.012299999999999978, '50': 0.030100000000000016, '51': 0.08440000000000003, '52': 0.024599999999999955, '53': 0.019600000000000062, '54': 0.006099999999999994, '55': 0.00649999999999995, '56': 0.02180000000000004, '57': 0.006099999999999994, '58': 0.015000000000000013, '59': 0.007199999999999984, '60': 0.005700000000000038, '61': 0.1341, '62': 0.009800000000000031, '63': 0.007300000000000084, '64': 0.009500000000000064, '65': 0.016899999999999915, '66': 0.057599999999999985, '67': 0.014399999999999968, '68': 0.006900000000000017, '69': 0.007300000000000084, '70': 0.007000000000000006, '71': 0.008199999999999985, '72': 0.007800000000000029, '73': 0.009600000000000053, '75': 0.04859999999999998, '76': 0.023499999999999965, '77': 0.017099999999999893, '78': 0.011199999999999988, '79': 0.00869999999999993, '80': 0.008499999999999952, '81': 0.013399999999999967, '82': 0.12680000000000002, '83': 0.0121, '84': 0.007000000000000006, '85': 0.009200000000000097, '86': 0.007299999999999973, '87': 0.029400000000000093, '90': 0.020000000000000018, '91': 0.1233333333333333, '92': 0.017800000000000038, '93': 0.024599999999999955, '94': 0.036666666666666625, '95': 0.07129999999999992, '96': 0.031299999999999994, '97': 0.02310000000000001, '98': 0.04833333333333334, '99': 0.35319999999999996, '100': 0.0363, '101': 0.005700000000000038, '102': 0.005900000000000016, '106': 0.009300000000000086}"
3,kyiv,127,10155,"{'rz_3': 0.0005659123915310179, 'sx_3': 0.0001389385013952654, 'rz_4': 0.0014704803762336314, 'sx_4': 0.0004486389351872656, 'rz_5': 0.0005746672910630433, 'sx_5': 0.0003960259284199396, 'ecr_5_4': 0.008172673083683496, 'rz_7': 0.004190054743593619, 'sx_7': 0.000244547171321274, 'rz_8': 0.0026759868651917208, 'sx_8': 0.0004800199743775015, 'rz_9': 0.003950872018165042, 'sx_10': 0.0001592007898673912, 'rz_10': 0.0001286467739197657, 'rz_11': 0.004278693574715156, 'sx_11': 0.000153030097597187, 'ecr_10_11': 0.008292097411325416, 'ecr_10_9': 0.009887159810431728, 'sx_9': 0.00021391988720755812, 'ecr_8_9': 0.03153363375496951, 'rz_12': 0.003965078492112536, 'sx_12': 0.0001727356967270172, 'ecr_11_12': 0.006748871595006117, 'rz_15': 0.0015530014930127212, 'sx_15': 0.0005981677351466389, 'ecr_4_15': 0.00788960869747124, 'rz_16': 0.004438377212991769, 'sx_16': 0.00020681411792723153, 'ecr_16_8': 0.010425992260922112, 'x_8': 0.0004800199743775015, 'x_16': 0.00020681411792723153, 'ecr_7_8': 0.007673094470966341, 'rz_17': 0.0021081589290456375, 'sx_17': 0.00236423596351452, 'rz_18': 0.0030792287140012824, 'sx_18': 0.00010333875989723179, 'rz_19': 0.0036520437892351093, 'sx_19': 0.00020385037320872697, 'ecr_19_18': 0.007801067477563872, 'rz_20': 0.0034258927572931386, 'sx_20': 0.00016703859965683257, 'ecr_20_19': 0.009544257039019594, 'x_20': 0.00016703859965683257, 'rz_21': 0.0028124212181834464, 'sx_21': 0.0008422338445423646, 'rz_22': 0.0035558602184358416, 'sx_22': 0.00038333649808165217, 'rz_23': 0.004747233634311515, 'sx_23': 0.007377008680051682, 'ecr_22_23': 0.006478684257494927, 'ecr_21_22': 0.017344572553218057, 'rz_24': 0.0014800653380007012, 'sx_24': 0.0005345392474389415, 'rz_25': 0.004486466958846835, 'sx_25': 0.0002840107012717427, 'rz_26': 0.00022382289636870326, 'sx_26': 0.0005492539750533187, 'ecr_26_16': 0.00824190114197318, 'ecr_26_25': 0.015024845396219705, 'rz_27': 0.0017229918466395385, 'sx_27': 0.00036229975429215105, 'ecr_26_27': 0.008638545815311205, 'x_26': 0.0005492539750533187, 'rz_28': 0.002540174611171979, 'rz_29': 0.0024365833055340416, 'sx_29': 0.00012566765818708398, 'rz_30': 0.0013841569646560199, 'sx_30': 0.0014836121483114912, 'rz_31': 0.0006408501633128137, 'sx_31': 0.0003674215895392041, 'rz_32': 0.002363870374467237, 'sx_32': 0.0001410448211145921, 'rz_33': 0.0006372416880873904, 'sx_33': 0.00016337229277185448, 'ecr_33_20': 0.006545066984903175, 'x_33': 0.00016337229277185448, 'rz_34': 0.004090371527893818, 'sx_34': 0.0002012164531933923, 'ecr_34_24': 0.010980065267959638, 'ecr_24_25': 0.015263945767594322, 'ecr_28_27': 0.010311299747764874, 'sx_28': 0.00029917890272714395, 'rz_35': 0.004808088133379723, 'sx_35': 0.0003904223246335421, 'ecr_35_28': 0.03912569215433517, 'x_28': 0.00029917890272714395, 'ecr_29_28': 0.009074912368681853, 'ecr_29_30': 0.018457191316189864, 'ecr_31_30': 0.010286449527178776, 'ecr_23_24': 0.019776343870456237, 'x_23': 0.007377008680051682, 'ecr_22_15': 0.016344356288626655, 'x_22': 0.00038333649808165217, 'ecr_17_30': 0.02378891229261279, 'ecr_31_32': 0.007917564869790117, 'x_4': 0.0004486389351872656, 'rz_37': 0.0011312230277059588, 'sx_37': 0.0005366330215277777, 'rz_38': 0.0014414867347739703, 'sx_38': 0.00040432666748089563, 'rz_39': 0.002773744777093239, 'sx_39': 0.0005146711033635081, 'rz_40': 0.003292127526605452, 'sx_40': 0.00027705669804049387, 'rz_41': 0.0007315597436747864, 'sx_41': 0.000169830026387968, 'rz_42': 0.0034259785007028434, 'sx_42': 0.000143422875748098, 'rz_43': 0.00026545295222179426, 'sx_43': 0.00018565954640207405, 'ecr_43_34': 0.008839616523827892, 'x_34': 0.0002012164531933923, 'rz_44': 0.004903555915847353, 'sx_44': 0.0003215302788483756, 'rz_45': 0.004512242302210401, 'sx_45': 0.00020824731238357457, 'rz_46': 0.002627330305296276, 'sx_46': 0.0014602570318400505, 'rz_47': 0.00047883630930867113, 'sx_47': 0.007088983472541233, 'ecr_46_47': 1, 'ecr_45_46': 0.016556801812878913, 'ecr_45_44': 0.0076394755072215215, 'ecr_44_43': 0.01557575205551237, 'x_43': 0.00018565954640207405, 'ecr_35_47': 1, 'x_46': 0.0014602570318400505, 'rz_48': 0.0022226933218307153, 'sx_48': 0.00022843476323201233, 'ecr_48_47': 1, 'ecr_42_43': 0.00713881718127371, 'ecr_4_3': 0.007195804443850928, 'ecr_42_41': 0.008481932755508015, 'x_45': 0.00020824731238357457, 'rz_49': 0.004335000899205398, 'sx_49': 0.00016975507555871519, 'rz_50': 0.0021844669727524753, 'sx_50': 0.00021078138095054094, 'rz_53': 0.0019017859970020105, 'sx_53': 0.00012178755568529578, 'ecr_53_41': 0.005927873667290556, 'rz_54': 0.004643056798560063, 'sx_54': 0.000342541838901032, 'ecr_54_45': 0.01063495737485129, 'rz_55': 0.004377966672433106, 'sx_55': 0.00012976193618419835, 'rz_58': 0.0009922046120436371, 'sx_58': 0.0005897660406038302, 'rz_59': 0.004022184675810325, 'sx_59': 0.0002072757450496116, 'rz_60': 0.0029623241832694353, 'sx_60': 0.00013792464543334652, 'ecr_53_60': 0.004357952900339135, 'x_60': 0.00013792464543334652, 'rz_61': 0.00479899574852347, 'sx_61': 0.00022782011038028501, 'rz_62': 0.004314790542873146, 'sx_62': 0.0010511066276885398, 'rz_63': 0.0014744293697385052, 'sx_63': 0.000372491355944044, 'rz_64': 0.004665528603800296, 'sx_64': 0.0006008665601864896, 'ecr_54_64': 0.016571746908485313, 'x_54': 0.000342541838901032, 'ecr_63_64': 0.011422486016024053, 'rz_65': 0.003411334862105761, 'sx_65': 0.00027694945046640557, 'ecr_64_65': 0.019844389268844742, 'rz_66': 0.0017231779489786587, 'sx_66': 0.0015108585138793897, 'ecr_66_65': 0.018641373717200427, 'rz_67': 0.004086138984185922, 'sx_67': 0.00017270843088275085, 'rz_68': 0.002735089506923212, 'sx_68': 0.00016157065836189304, 'rz_69': 0.004916671105642068, 'sx_69': 0.0006122208364624457, 'rz_70': 0.0012650660380812298, 'sx_70': 0.00022926589956823827, 'rz_71': 0.0006146646327303847, 'sx_71': 0.0004053155044756273, 'ecr_58_71': 0.024919669288592794, 'ecr_58_59': 0.012993137942235139, 'ecr_59_60': 0.014288401044667026, 'rz_72': 0.0015126518870925212, 'sx_72': 0.00012501810950610214, 'ecr_72_62': 0.01652115362311607, 'rz_73': 0.004925404914528117, 'sx_73': 0.00015258000748647125, 'rz_74': 0.004741228974212818, 'sx_74': 0.00011422724891711647, 'rz_75': 0.002209970177881482, 'sx_75': 0.0001517229525333019, 'rz_76': 0.001575508515364896, 'sx_76': 0.00024557007005485777, 'rz_77': 0.0005794237278189085, 'sx_77': 0.0005092257968590221, 'ecr_77_71': 0.00876047253444634, 'ecr_60_61': 0.008241389998422138, 'ecr_61_62': 0.014080132538606599, 'x_77': 0.0005092257968590221, 'ecr_76_77': 0.01264056344656389, 'ecr_40_41': 0.015472645683553499, 'ecr_40_39': 0.013049754678238462, 'x_40': 0.00027705669804049387, 'ecr_33_39': 0.00857855657444817, 'ecr_21_20': 0.019668872245283714, 'x_19': 0.00020385037320872697, 'ecr_39_38': 0.013721045094157946, 'ecr_37_38': 0.01692609252480326, 'x_38': 0.00040432666748089563, 'x_39': 0.0005146711033635081, 'x_76': 0.00024557007005485777, 'ecr_75_76': 0.007227382132899807, 'x_59': 0.0002072757450496116, 'x_44': 0.0003215302788483756, 'ecr_48_49': 0.005203810066005621, 'ecr_55_49': 0.009067324623163286, 'x_49': 0.00016975507555871519, 'ecr_68_55': 0.00705694026376355, 'x_55': 0.00012976193618419835, 'x_61': 0.00022782011038028501, 'ecr_68_69': 0.007299228798641533, 'ecr_50_49': 0.007935019933916682, 'x_68': 0.00016157065836189304, 'ecr_67_68': 0.013906300742063449, 'ecr_66_67': 0.016419507099928704, 'x_67': 0.00017270843088275085, 'x_69': 0.0006122208364624457, 'ecr_69_70': 0.008373918551514009, 'x_70': 0.00022926589956823827, 'ecr_70_74': 0.006228389087555214, 'x_66': 0.0015108585138793897, 'ecr_73_66': 0.02444175268317106, 'x_65': 0.00027694945046640557, 'rz_78': 0.00016003188059227248, 'sx_78': 0.00019836084378887812, 'rz_79': 0.0021653724010453736, 'sx_79': 0.0007745264125066711, 'rz_80': 0.0026213573432389676, 'sx_80': 0.0014423401295142033, 'ecr_80_79': 0.018433290889851434, 'rz_81': 0.0007443746122573348, 'sx_81': 0.0003199480276419858, 'rz_82': 0.0009426202220708986, 'sx_82': 0.00028646526542418514, 'rz_83': 0.0010346123357369195, 'sx_83': 0.00038883105979922483, 'rz_84': 0.0011021835969970523, 'sx_84': 0.00011681794261694719, 'rz_85': 0.002860027621894439, 'sx_85': 0.00015385475978840887, 'ecr_73_85': 0.012725209897305828, 'x_73': 0.00015258000748647125, 'rz_86': 0.0040592711431460095, 'sx_86': 0.0008771465029293279, 'rz_87': 0.0008501897981272889, 'sx_87': 0.0006319110583311865, 'rz_88': 0.0015806904878648447, 'sx_88': 0.00022594713029527806, 'rz_89': 0.0007807501726953412, 'sx_89': 0.00013688238715096524, 'ecr_88_89': 0.020767148531230406, 'rz_91': 0.0006728348446652443, 'sx_91': 0.00024851813924979755, 'rz_92': 0.001158848132899406, 'sx_92': 0.0001299317368430778, 'rz_93': 0.0010877962819407223, 'sx_93': 0.0004704206157717471, 'ecr_87_93': 0.015705212218364156, 'ecr_87_86': 0.013383991867951472, 'ecr_85_86': 0.03169860495610785, 'ecr_85_84': 0.013565987270594132, 'rz_96': 0.0022825571309712423, 'rz_97': 0.0031588335153671025, 'rz_98': 0.002764613428882946, 'sx_98': 0.0004006430420524553, 'rz_99': 0.0009581287411043606, 'rz_100': 0.004797357602490243, 'sx_100': 0.0005277597325439841, 'rz_101': 0.0028551713234327538, 'rz_102': 0.0021226558811739335, 'sx_102': 0.00541095098318019, 'ecr_92_102': 0.006729702245754587, 'rz_103': 0.003517148779166744, 'sx_103': 0.0002794739121383008, 'rz_104': 0.003038028304288811, 'sx_104': 0.0004308031366687633, 'rz_105': 0.003970464166910621, 'sx_105': 0.0006831898234500449, 'rz_106': 0.0026350270213860686, 'sx_106': 0.001231287941839324, 'ecr_93_106': 0.012819962768725851, 'x_85': 0.00015385475978840887, 'x_84': 0.00011681794261694719, 'ecr_84_83': 0.006180315552964971, 'ecr_82_83': 0.008652524157827746, 'ecr_82_81': 0.013112320959392104, 'x_81': 0.0003199480276419858, 'ecr_72_81': 0.009598585834673184, 'x_72': 0.00012501810950610214, 'ecr_80_81': 0.022688912372792858, 'x_79': 0.0007745264125066711, 'ecr_79_78': 0.01107445228747947, 'ecr_92_83': 0.009744657138972601, 'ecr_77_78': 0.008885628676853524, 'x_82': 0.00028646526542418514, 'x_87': 0.0006319110583311865, 'ecr_88_87': 0.023171055985713895, 'ecr_103_102': 0.01207500309686338, 'ecr_103_104': 0.00809250058375191, 'ecr_105_104': 0.012800260963915039, 'ecr_105_106': 0.016299927689042648, 'x_105': 0.0006831898234500449, 'x_93': 0.0004704206157717471, 'rz_107': 0.004144497719384801, 'sx_107': 0.00014938290319251838, 'ecr_107_106': 0.01581921887612167, 'rz_108': 0.0011492578754659533, 'sx_108': 0.00013683267137338167, 'ecr_107_108': 0.0042230200204287915, 'x_102': 0.00541095098318019, 'x_103': 0.0002794739121383008, 'rz_110': 0.00015466568677770866, 'sx_110': 0.00020587954496393123, 'rz_111': 0.0004358284956494083, 'sx_111': 0.0002956094948223782, 'ecr_111_104': 0.010713375027632116, 'rz_117': 0.0020126806546206535, 'sx_117': 0.00013293493687114934, 'rz_118': 0.001529143507148612, 'sx_118': 0.00024305874049026786, 'rz_119': 0.002487688814588137, 'sx_119': 0.0001979410888610991, 'rz_120': 0.0003404704011632002, 'sx_120': 0.00012403503864175995, 'rz_121': 0.0003761828952406871, 'sx_121': 0.0006133440808128155, 'rz_122': 0.002235669408184518, 'sx_122': 0.0003500254050077776, 'ecr_111_122': 0.01079042644268735, 'ecr_101_102': 0.008828543100567271, 'sx_101': 0.00014646484945159203, 'ecr_101_100': 0.010025242511190247, 'x_100': 0.0005277597325439841, 'ecr_100_110': 0.012092944136374933, 'ecr_110_118': 0.010377165566167301, 'x_110': 0.00020587954496393123, 'ecr_117_118': 0.0055160694284038525, 'x_101': 0.00014646484945159203, 'x_118': 0.00024305874049026786, 'ecr_118_119': 0.006681370068421899, 'ecr_100_99': 0.011817837242398044, 'sx_99': 0.0003603172832050981, 'x_119': 0.0001979410888610991, 'ecr_119_120': 0.004202435702402613, 'ecr_98_99': 0.013027673821159713, 'x_99': 0.0003603172832050981, 'ecr_91_98': 0.009440531864952334, 'x_91': 0.00024851813924979755, 'ecr_97_98': 0.018381206281180423, 'sx_97': 0.0008547242802414701, 'ecr_96_97': 0.016777714914869457, 'sx_96': 0.00026024267699799986, 'x_97': 0.0008547242802414701, 'x_98': 0.0004006430420524553, 'x_117': 0.00013293493687114934, 'x_120': 0.00012403503864175995, 'x_111': 0.0002956094948223782, 'x_104': 0.0004308031366687633, 'x_88': 0.00022594713029527806, 'ecr_122_121': 0.014754151843936025, 'ecr_63_62': 0.014584534107521613, 'ecr_121_120': 0.008654260086582766, 'x_121': 0.0006133440808128155, 'x_122': 0.0003500254050077776, 'x_92': 0.0001299317368430778, 'x_83': 0.00038883105979922483, 'x_89': 0.00013688238715096524, 'x_107': 0.00014938290319251838, 'x_64': 0.0006008665601864896, 'ecr_89_74': 0.016826245532933826, 'x_106': 0.001231287941839324, 'x_108': 0.00013683267137338167, 'x_50': 0.00021078138095054094, 'x_63': 0.000372491355944044, 'ecr_17_12': 0.01898986904788541, 'measure_100': 0.0020000000000000018, 'measure_99': 0.007099999999999995, 'measure_101': 0.0045999999999999375, 'measure_98': 0.005600000000000049, 'measure_110': 0.0048000000000000265, 'measure_97': 0.007199999999999984, 'measure_118': 0.0039000000000000146, 'measure_91': 0.006000000000000005, 'measure_122': 0.007200000000000095, 'measure_121': 0.03509999999999991, 'measure_120': 0.0017000000000000348, 'measure_111': 0.011400000000000077, 'measure_119': 0.0030000000000000027, 'measure_105': 0.007300000000000084, 'measure_93': 0.007500000000000062, 'measure_106': 0.027300000000000102, 'measure_87': 0.01980000000000004, 'measure_85': 0.023700000000000054, 'measure_86': 0.05620000000000003, 'measure_73': 0.007600000000000051, 'measure_67': 0.005600000000000049, 'measure_66': 0.02069999999999994, 'measure_35': 0.011299999999999977, 'measure_28': 0.0131, 'measure_29': 0.029200000000000004, 'measure_30': 0.07519999999999993, 'measure_17': 0.119, 'measure_26': 0.007500000000000062, 'measure_16': 0.006000000000000005, 'measure_45': 0.0028000000000000247, 'measure_8': 0.00649999999999995, 'measure_9': 0.007600000000000051, 'measure_25': 0.008199999999999985, 'measure_7': 0.0027999999999999137, 'measure_10': 0.007000000000000006, 'measure_54': 0.008299999999999974, 'measure_46': 0.010599999999999943, 'measure_12': 0.0046999999999999265, 'measure_64': 0.00539999999999996, 'measure_27': 0.06920000000000004, 'measure_24': 0.007099999999999995, 'measure_41': 0.0037000000000000366, 'measure_23': 0.0010999999999999899, 'measure_72': 0.0020000000000000018, 'measure_61': 0.011099999999999999, 'measure_60': 0.0044999999999999485, 'measure_62': 0.03600000000000003, 'measure_44': 0.02300000000000002, 'measure_40': 0.008499999999999952, 'measure_59': 0.0015000000000000568, 'measure_53': 0.0041999999999999815, 'measure_58': 0.0232, 'measure_43': 0.0025999999999999357, 'measure_71': 0.01529999999999998, 'measure_39': 0.005400000000000071, 'measure_22': 0.0047000000000000375, 'measure_34': 0.0032000000000000917, 'measure_33': 0.0042999999999999705, 'measure_20': 0.025600000000000067, 'measure_38': 0.009800000000000031, 'measure_63': 0.0025999999999999357, 'measure_19': 0.0030000000000000027, 'measure_4': 0.007000000000000006, 'measure_37': 0.01319999999999999, 'measure_5': 0.011400000000000077, 'measure_18': 0.0022999999999999687, 'measure_65': 0.0015000000000000568, 'measure_47': 0.09360000000000002, 'measure_48': 0.0044999999999999485, 'measure_3': 0.0048000000000000265, 'measure_49': 0.01090000000000002, 'measure_50': 0.007400000000000073, 'measure_15': 0.02069999999999994, 'measure_69': 0.0026999999999999247, 'measure_31': 0.00990000000000002, 'measure_32': 0.006800000000000028, 'measure_84': 0.005400000000000071, 'measure_55': 0.0041999999999999815, 'measure_83': 0.014499999999999957, 'measure_42': 0.0010000000000000009, 'measure_104': 0.04420000000000002, 'measure_92': 0.0033000000000000806, 'measure_68': 0.013399999999999967, 'measure_88': 0.02069999999999994, 'measure_107': 0.0024999999999999467, 'measure_70': 0.0043999999999999595, 'measure_103': 0.0048000000000000265, 'measure_82': 0.0028000000000000247, 'measure_21': 0.014100000000000001, 'measure_89': 0.045399999999999996, 'measure_102': 0.16249999999999998, 'measure_80': 0.020499999999999963, 'measure_81': 0.005099999999999993, 'measure_108': 0.010099999999999998, 'measure_74': 0.04810000000000003, 'measure_76': 0.0038000000000000256, 'measure_78': 0.0018000000000000238, 'measure_79': 0.08789999999999998, 'measure_77': 0.014399999999999968, 'measure_75': 0.004899999999999904, 'measure_96': 0.0023999999999999577}","{'rz_11': 62.056504082832134, 'sx_11': 49.77777777777777, 'ecr_10_11': 561.7777777777777, 'rz_10': 58.2722146319488, 'sx_10': 49.77777777777777, 'ecr_10_9': 561.7777777777777, 'rz_9': 57.802427180202834, 'sx_9': 49.77777777777777, 'ecr_8_9': 561.7777777777777, 'rz_8': 69.28734142646123, 'sx_8': 49.77777777777777, 'ecr_16_8': 561.7777777777777, 'x_8': 49.77777777777777, 'rz_16': 14.517509021572847, 'sx_16': 49.77777777777777, 'x_16': 49.77777777777777, 'ecr_26_16': 561.7777777777777, 'rz_26': 47.393654416383136, 'sx_26': 49.77777777777777, 'ecr_26_25': 561.7777777777777, 'rz_25': 94.00487775674728, 'sx_25': 49.77777777777777, 'ecr_26_27': 561.7777777777777, 'rz_27': 28.67539203653237, 'sx_27': 49.77777777777777, 'x_26': 49.77777777777777, 'ecr_28_27': 561.7777777777777, 'rz_28': 81.06647311503876, 'sx_28': 49.77777777777777, 'ecr_35_28': 561.7777777777777, 'x_28': 49.77777777777777, 'ecr_29_28': 561.7777777777777, 'rz_29': 57.34358281766286, 'sx_29': 49.77777777777777, 'ecr_29_30': 561.7777777777777, 'rz_30': 47.2567318232815, 'sx_30': 49.77777777777777, 'ecr_31_30': 561.7777777777777, 'rz_31': 32.548233220626315, 'sx_31': 49.77777777777777, 'ecr_24_25': 561.7777777777777, 'rz_24': 21.684831917525454, 'sx_24': 49.77777777777777, 'ecr_34_24': 561.7777777777777, 'rz_34': 93.38196388566938, 'sx_34': 49.77777777777777, 'ecr_43_34': 561.7777777777777, 'rz_43': 60.425576441344, 'sx_43': 49.77777777777777, 'ecr_44_43': 561.7777777777777, 'rz_44': 31.28294917438015, 'sx_44': 49.77777777777777, 'ecr_45_44': 561.7777777777777, 'rz_45': 37.415654754984054, 'sx_45': 49.77777777777777, 'ecr_45_46': 561.7777777777777, 'x_43': 49.77777777777777, 'ecr_42_43': 561.7777777777777, 'x_34': 49.77777777777777, 'rz_42': 71.68227466510388, 'sx_42': 49.77777777777777, 'ecr_42_41': 561.7777777777777, 'rz_41': 96.53272458196504, 'sx_41': 49.77777777777777, 'ecr_53_41': 561.7777777777777, 'rz_53': 95.18082795122079, 'sx_53': 49.77777777777777, 'ecr_53_60': 561.7777777777777, 'rz_60': 13.840403342429472, 'x_60': 49.77777777777777, 'ecr_59_60': 561.7777777777777, 'sx_60': 49.77777777777777, 'rz_59': 81.3895013610416, 'sx_59': 49.77777777777777, 'ecr_58_59': 561.7777777777777, 'rz_58': 39.933615734268464, 'sx_58': 49.77777777777777, 'ecr_60_61': 561.7777777777777, 'rz_61': 96.06494602299433, 'sx_61': 49.77777777777777, 'ecr_61_62': 561.7777777777777, 'ecr_40_41': 561.7777777777777, 'rz_40': 36.81191199167003, 'sx_40': 49.77777777777777, 'x_40': 49.77777777777777, 'ecr_40_39': 561.7777777777777, 'ecr_33_39': 561.7777777777777, 'rz_39': 79.91320000191351, 'sx_39': 49.77777777777777, 'rz_33': 82.2315895082423, 'sx_33': 49.77777777777777, 'ecr_33_20': 561.7777777777777, 'rz_20': 22.6646744728014, 'sx_20': 49.77777777777777, 'ecr_21_20': 561.7777777777777, 'rz_21': 81.43024364230055, 'sx_21': 49.77777777777777, 'x_20': 49.77777777777777, 'ecr_20_19': 561.7777777777777, 'x_33': 49.77777777777777, 'x_39': 49.77777777777777, 'x_44': 49.77777777777777, 'x_46': 49.77777777777777, 'rz_46': 62.79214956751646, 'ecr_46_47': 561.7777777777777, 'sx_46': 49.77777777777777, 'rz_47': 20.130718964748073, 'sx_47': 49.77777777777777, 'ecr_48_47': 561.7777777777777, 'rz_48': 60.94400197229617, 'sx_48': 49.77777777777777, 'ecr_48_49': 561.7777777777777, 'rz_49': 99.30455989887088, 'sx_49': 49.77777777777777, 'ecr_55_49': 561.7777777777777, 'rz_55': 19.695615835756776, 'sx_55': 49.77777777777777, 'ecr_68_55': 561.7777777777777, 'rz_68': 63.6963301525807, 'sx_68': 49.77777777777777, 'ecr_68_69': 561.7777777777777, 'x_55': 49.77777777777777, 'x_68': 49.77777777777777, 'ecr_67_68': 561.7777777777777, 'rz_67': 36.21784425322653, 'sx_67': 49.77777777777777, 'ecr_66_67': 561.7777777777777, 'x_67': 49.77777777777777, 'rz_69': 94.8216446981161, 'sx_69': 49.77777777777777, 'ecr_69_70': 561.7777777777777, 'rz_66': 43.20668792158576, 'sx_66': 49.77777777777777, 'ecr_66_65': 561.7777777777777, 'rz_65': 64.21001967311358, 'sx_65': 49.77777777777777, 'ecr_64_65': 561.7777777777777, 'rz_64': 55.05752424422708, 'sx_64': 49.77777777777777, 'ecr_73_66': 561.7777777777777, 'rz_73': 64.14524119253782, 'sx_73': 49.77777777777777, 'x_66': 49.77777777777777, 'ecr_73_85': 561.7777777777777, 'rz_85': 26.797742694674948, 'ecr_85_86': 561.7777777777777, 'rz_86': 58.66274979939008, 'sx_86': 49.77777777777777, 'ecr_87_86': 561.7777777777777, 'rz_87': 71.48705340733977, 'sx_87': 49.77777777777777, 'x_85': 49.77777777777777, 'ecr_85_84': 561.7777777777777, 'sx_85': 49.77777777777777, 'x_84': 49.77777777777777, 'rz_84': 65.78360702844802, 'ecr_84_83': 561.7777777777777, 'sx_84': 49.77777777777777, 'rz_83': 29.351282824221798, 'sx_83': 49.77777777777777, 'ecr_82_83': 561.7777777777777, 'rz_82': 21.173728088129693, 'sx_82': 49.77777777777777, 'ecr_82_81': 561.7777777777777, 'rz_81': 39.98142370905221, 'x_81': 49.77777777777777, 'ecr_72_81': 561.7777777777777, 'sx_81': 49.77777777777777, 'rz_72': 20.02122050060169, 'sx_72': 49.77777777777777, 'ecr_72_62': 561.7777777777777, 'x_72': 49.77777777777777, 'ecr_92_83': 561.7777777777777, 'ecr_80_81': 561.7777777777777, 'rz_80': 39.210767403679505, 'sx_80': 49.77777777777777, 'ecr_80_79': 561.7777777777777, 'x_82': 49.77777777777777, 'rz_92': 14.860754525019289, 'sx_92': 49.77777777777777, 'ecr_92_102': 561.7777777777777, 'rz_102': 57.93325839095726, 'sx_102': 49.77777777777777, 'ecr_103_102': 561.7777777777777, 'rz_103': 68.03442431889135, 'sx_103': 49.77777777777777, 'ecr_103_104': 561.7777777777777, 'rz_104': 18.609949166108493, 'sx_104': 49.77777777777777, 'ecr_105_104': 561.7777777777777, 'rz_105': 94.98199412042116, 'sx_105': 49.77777777777777, 'ecr_105_106': 561.7777777777777, 'rz_106': 94.82403441728219, 'sx_106': 49.77777777777777, 'ecr_107_106': 561.7777777777777, 'rz_107': 47.466005911305196, 'sx_107': 49.77777777777777, 'ecr_107_108': 561.7777777777777, 'ecr_93_106': 561.7777777777777, 'rz_93': 75.07478360944219, 'sx_93': 49.77777777777777, 'x_105': 49.77777777777777, 'x_102': 49.77777777777777, 'ecr_111_104': 561.7777777777777, 'rz_111': 82.37840280280852, 'sx_111': 49.77777777777777, 'ecr_111_122': 561.7777777777777, 'x_103': 49.77777777777777, 'ecr_101_102': 561.7777777777777, 'rz_101': 71.06372150270764, 'sx_101': 49.77777777777777, 'ecr_101_100': 561.7777777777777, 'x_100': 49.77777777777777, 'rz_100': 45.120527023809046, 'ecr_100_110': 561.7777777777777, 'rz_110': 92.203308645395, 'sx_110': 49.77777777777777, 'ecr_110_118': 561.7777777777777, 'rz_118': 87.06908053048664, 'sx_118': 49.77777777777777, 'ecr_117_118': 561.7777777777777, 'rz_117': 15.737150358309588, 'sx_117': 49.77777777777777, 'x_118': 49.77777777777777, 'ecr_118_119': 561.7777777777777, 'x_110': 49.77777777777777, 'sx_100': 49.77777777777777, 'ecr_100_99': 561.7777777777777, 'rz_99': 53.64743379232392, 'sx_99': 49.77777777777777, 'ecr_98_99': 561.7777777777777, 'rz_98': 27.179281864264023, 'sx_98': 49.77777777777777, 'ecr_91_98': 561.7777777777777, 'ecr_97_98': 561.7777777777777, 'rz_97': 72.65864016494305, 'sx_97': 49.77777777777777, 'ecr_96_97': 561.7777777777777, 'rz_96': 97.85906712742363, 'sx_96': 49.77777777777777, 'x_98': 49.77777777777777, 'x_101': 49.77777777777777, 'rz_119': 43.90316790338982, 'sx_119': 49.77777777777777, 'ecr_119_120': 561.7777777777777, 'rz_120': 25.709467991277805, 'sx_120': 49.77777777777777, 'x_99': 49.77777777777777, 'rz_122': 50.09798791010953, 'sx_122': 49.77777777777777, 'x_93': 49.77777777777777, 'ecr_87_93': 561.7777777777777, 'ecr_122_121': 561.7777777777777, 'rz_121': 42.88048136559287, 'sx_121': 49.77777777777777, 'rz_91': 99.50405296209567, 'sx_91': 49.77777777777777, 'ecr_121_120': 561.7777777777777, 'x_122': 49.77777777777777, 'x_111': 49.77777777777777, 'x_104': 49.77777777777777, 'x_120': 49.77777777777777, 'x_119': 49.77777777777777, 'measure_96': 1244.4444444444443}","{'3': 0.0048000000000000265, '4': 0.007000000000000006, '5': 0.011400000000000077, '7': 0.0027999999999999137, '8': 0.00649999999999995, '9': 0.007600000000000051, '10': 0.007000000000000006, '12': 0.0046999999999999265, '15': 0.02069999999999994, '16': 0.006000000000000005, '17': 0.119, '18': 0.0022999999999999687, '19': 0.0030000000000000027, '20': 0.025600000000000067, '21': 0.014100000000000001, '22': 0.0047000000000000375, '23': 0.0010999999999999899, '24': 0.007099999999999995, '25': 0.008199999999999985, '26': 0.007500000000000062, '27': 0.06920000000000004, '28': 0.0131, '29': 0.029200000000000004, '30': 0.07519999999999993, '31': 0.00990000000000002, '32': 0.006800000000000028, '33': 0.0042999999999999705, '34': 0.0032000000000000917, '35': 0.011299999999999977, '37': 0.01319999999999999, '38': 0.009800000000000031, '39': 0.005400000000000071, '40': 0.008499999999999952, '41': 0.0037000000000000366, '42': 0.0010000000000000009, '43': 0.0025999999999999357, '44': 0.02300000000000002, '45': 0.0028000000000000247, '46': 0.010599999999999943, '47': 0.09360000000000002, '48': 0.0044999999999999485, '49': 0.01090000000000002, '50': 0.007400000000000073, '53': 0.0041999999999999815, '54': 0.008299999999999974, '55': 0.0041999999999999815, '58': 0.0232, '59': 0.0015000000000000568, '60': 0.0044999999999999485, '61': 0.011099999999999999, '62': 0.03600000000000003, '63': 0.0025999999999999357, '64': 0.00539999999999996, '65': 0.0015000000000000568, '66': 0.02069999999999994, '67': 0.005600000000000049, '68': 0.013399999999999967, '69': 0.0026999999999999247, '70': 0.0043999999999999595, '71': 0.01529999999999998, '72': 0.0020000000000000018, '73': 0.007600000000000051, '74': 0.04810000000000003, '75': 0.004899999999999904, '76': 0.0038000000000000256, '77': 0.014399999999999968, '78': 0.0018000000000000238, '79': 0.08789999999999998, '80': 0.020499999999999963, '81': 0.005099999999999993, '82': 0.0028000000000000247, '83': 0.014499999999999957, '84': 0.005400000000000071, '85': 0.023700000000000054, '86': 0.05620000000000003, '87': 0.01980000000000004, '88': 0.02069999999999994, '89': 0.045399999999999996, '91': 0.006000000000000005, '92': 0.0033000000000000806, '93': 0.007500000000000062, '96': 0.0023999999999999577, '97': 0.007199999999999984, '98': 0.005600000000000049, '99': 0.007099999999999995, '100': 0.0020000000000000018, '101': 0.0045999999999999375, '102': 0.16249999999999998, '103': 0.0048000000000000265, '104': 0.04420000000000002, '105': 0.007300000000000084, '106': 0.027300000000000102, '107': 0.0024999999999999467, '108': 0.010099999999999998, '110': 0.0048000000000000265, '111': 0.011400000000000077, '118': 0.0039000000000000146, '119': 0.0030000000000000027, '120': 0.0017000000000000348, '121': 0.03509999999999991, '122': 0.007200000000000095}"
3,kyoto,127,11701,"{'rz_4': 0.002513159739155094, 'sx_4': 0.0003038315641543391, 'rz_5': 0.0038132544504413156, 'sx_5': 0.00012073986508024282, 'rz_6': 0.0040503739978388145, 'sx_6': 9.582950644373823e-05, 'rz_7': 0.0028154892927377655, 'sx_7': 0.000174168318352551, 'rz_8': 0.003731000444012859, 'sx_8': 0.0002228008553409425, 'ecr_8_7': 1, 'ecr_7_6': 1, 'ecr_6_5': 1, 'ecr_4_5': 1, 'x_6': 9.582950644373823e-05, 'x_7': 0.000174168318352551, 'rz_9': 0.00014608731387235545, 'sx_9': 0.00011278350987555633, 'rz_15': 0.0029136338773833328, 'sx_15': 0.00015012156711869616, 'rz_16': 0.001300900901076394, 'sx_16': 0.0002513270794347966, 'ecr_8_16': 1, 'x_8': 0.0002228008553409425, 'ecr_8_9': 1, 'x_16': 0.0002513270794347966, 'x_9': 0.00011278350987555633, 'rz_17': 0.003397605993521605, 'sx_17': 0.0001242501431604634, 'rz_20': 0.004541075605193847, 'sx_20': 0.0002440846627361958, 'rz_21': 0.0034249686442503788, 'sx_21': 0.00012977628098377164, 'rz_22': 0.0014080610927932414, 'sx_22': 0.001769094673832984, 'rz_23': 0.003543710467432411, 'sx_23': 0.00010925280511248516, 'ecr_22_23': 1, 'ecr_22_21': 1, 'x_23': 0.00010925280511248516, 'rz_24': 0.0029136488474885134, 'sx_24': 0.0008623245636767939, 'rz_25': 0.0047521283354034945, 'sx_25': 0.0001517176969879307, 'rz_26': 0.0028429819926113643, 'sx_26': 0.00012928633109714265, 'ecr_16_26': 1, 'rz_27': 0.0018156323376684704, 'ecr_27_26': 1, 'sx_27': 0.0003510111958373281, 'ecr_25_26': 1, 'x_26': 0.00012928633109714265, 'rz_28': 0.002077047730045847, 'sx_28': 0.00021083143173815204, 'ecr_27_28': 1, 'x_28': 0.00021083143173815204, 'rz_29': 0.003738545197739551, 'sx_29': 0.00027485952138753874, 'ecr_28_29': 1, 'rz_30': 0.001200921559470208, 'sx_30': 0.00022236437586866246, 'ecr_30_29': 1, 'x_30': 0.00022236437586866246, 'ecr_17_30': 1, 'rz_31': 0.002498233694668894, 'sx_31': 0.0002828574812321101, 'rz_32': 0.00023589402972517263, 'sx_32': 0.0001635014934973224, 'rz_33': 0.0045903655925730045, 'sx_33': 0.0007338256609473277, 'rz_34': 0.0033284074413016287, 'sx_34': 0.0003603485046698308, 'rz_35': 0.0008181610788191521, 'sx_35': 0.00016346193773237593, 'ecr_28_35': 1, 'ecr_30_31': 1, 'x_31': 0.0002828574812321101, 'ecr_31_32': 1, 'x_32': 0.0001635014934973224, 'rz_36': 0.0034133969522263247, 'sx_36': 0.00014956681731349584, 'ecr_32_36': 1, 'rz_37': 0.002331505556446788, 'sx_37': 0.0004080848649752518, 'rz_38': 0.0024113522604894038, 'sx_38': 0.0001334535394293827, 'rz_39': 0.0034337428025984305, 'sx_39': 0.00036893534065197704, 'rz_40': 0.0008092989411839423, 'sx_40': 0.0002155465652791842, 'rz_41': 0.0007920470226236128, 'sx_41': 0.0003958971375179541, 'rz_42': 0.001322526408258038, 'sx_42': 0.00021910589177162045, 'ecr_42_41': 1, 'x_42': 0.00021910589177162045, 'rz_43': 0.0023391114347620723, 'sx_43': 0.00015932760460156967, 'rz_44': 0.00433784045346144, 'sx_44': 0.00013176977882107968, 'rz_45': 0.0034377453612609945, 'sx_45': 0.00010800555985410663, 'rz_46': 0.0017462120756924799, 'sx_46': 0.0002569228608886314, 'rz_47': 0.003417182048590674, 'sx_47': 0.000612763417127435, 'ecr_47_35': 1, 'x_47': 0.000612763417127435, 'rz_48': 0.003062243189128321, 'sx_48': 0.004075346106137449, 'ecr_48_47': 1, 'x_48': 0.004075346106137449, 'rz_49': 0.0017875146338019795, 'sx_49': 0.0002849369336137935, 'ecr_49_48': 1, 'rz_50': 0.002454903674509695, 'sx_50': 0.00024328448744357533, 'ecr_50_49': 1, 'rz_51': 0.0005961426008246211, 'sx_51': 0.00018219303016618916, 'ecr_51_36': 1, 'x_51': 0.00018219303016618916, 'rz_52': 0.0007314653498742201, 'sx_52': 0.00033636895526110294, 'rz_53': 0.0005983182331477889, 'sx_53': 0.00014152859477276774, 'rz_54': 0.0009539390770280025, 'sx_54': 0.00015646145683994802, 'rz_55': 0.004827325136635047, 'ecr_49_55': 1, 'sx_55': 0.0003202642147138706, 'ecr_47_46': 1, 'rz_56': 0.0016621445555192948, 'sx_56': 0.0006276545346869864, 'rz_57': 0.004881650855209245, 'sx_57': 0.0007928294074844403, 'rz_58': 0.00479791333547352, 'sx_58': 0.0005039549339010096, 'rz_59': 0.0010281165670471297, 'sx_59': 0.00030638067309339616, 'rz_60': 0.0019904647233539583, 'sx_60': 0.0001806633867796993, 'ecr_59_60': 1, 'rz_61': 0.0036401925712079533, 'sx_61': 0.000173009620459019, 'ecr_61_60': 1, 'x_61': 0.000173009620459019, 'rz_62': 0.0018824523334649969, 'sx_62': 0.00017302071940707758, 'rz_63': 0.001822185699459682, 'sx_63': 0.0005621071181002369, 'rz_64': 0.0006560429884021182, 'sx_64': 0.00045546949382412787, 'rz_65': 0.0020790521846700814, 'sx_65': 0.0002004997319943576, 'rz_66': 0.0022476125141987916, 'rz_67': 0.0015845798712683728, 'sx_67': 0.0004278674621274119, 'rz_68': 0.004914624847774075, 'sx_68': 0.00019523161537056597, 'ecr_55_68': 1, 'x_55': 0.0003202642147138706, 'x_68': 0.00019523161537056597, 'rz_69': 0.0049582777752922155, 'sx_69': 0.00032240499989492064, 'ecr_68_69': 1, 'ecr_67_68': 1, 'ecr_67_66': 1, 'sx_66': 0.00013972895085414638, 'x_69': 0.00032240499989492064, 'rz_71': 0.0014566647620004758, 'sx_71': 0.0007029159367746071, 'rz_72': 0.0012674599526081253, 'sx_72': 0.00020378268989355798, 'rz_73': 0.0024839378088199198, 'sx_73': 0.00015312374145812766, 'ecr_73_66': 1, 'ecr_65_66': 1, 'rz_75': 0.0034657019628266572, 'sx_75': 0.00043549896577353307, 'rz_76': 0.0006779010585475276, 'sx_76': 0.01630210809638359, 'rz_77': 0.00301852284982183, 'sx_77': 0.00043857042518553906, 'rz_78': 0.0006986753322182799, 'rz_79': 0.0028379043901940993, 'sx_79': 0.0005873016507620581, 'rz_80': 0.004712767707376868, 'sx_80': 0.00015922341731009292, 'ecr_80_79': 1, 'rz_81': 0.0036279267818207653, 'sx_81': 0.00046236269009435456, 'rz_82': 0.0044460748502009465, 'sx_82': 0.00013956135814412955, 'rz_83': 0.0003142556328013114, 'sx_83': 0.00019071686069938723, 'rz_84': 0.0021115658245264854, 'sx_84': 0.00015911184315858812, 'ecr_84_83': 1, 'rz_85': 0.002650452328485197, 'sx_85': 0.0001699406114467722, 'ecr_73_85': 1, 'x_85': 0.0001699406114467722, 'ecr_84_85': 1, 'rz_86': 0.003123717758946752, 'sx_86': 0.0002904184968273241, 'rz_87': 0.0010108745443209249, 'sx_87': 0.0001762778737927888, 'rz_88': 0.004276318089690047, 'sx_88': 0.0003131890828509281, 'rz_90': 0.003468197154525464, 'sx_90': 0.0011250840581740597, 'rz_91': 0.003306709446007632, 'sx_91': 0.00045173159175162803, 'ecr_79_91': 1, 'rz_92': 0.004029174022393054, 'sx_92': 0.0007969060550047645, 'ecr_83_92': 1, 'ecr_82_83': 1, 'ecr_82_81': 1, 'x_83': 0.00019071686069938723, 'ecr_86_85': 1, 'ecr_87_86': 1, 'x_86': 0.0002904184968273241, 'rz_93': 0.003330697430737902, 'rz_94': 0.003327127843515551, 'sx_94': 0.00033701544968407814, 'rz_95': 0.0049253449901818635, 'sx_95': 0.0007492956875710538, 'rz_96': 0.004389790217043684, 'sx_96': 0.0002653147485167007, 'rz_97': 0.00468360633626152, 'sx_97': 0.0004502593940006197, 'ecr_96_97': 1, 'rz_98': 0.003966499564373195, 'sx_98': 0.0013340069259604355, 'ecr_98_91': 1, 'rz_99': 0.002183047767808921, 'sx_99': 0.0003409609778669845, 'ecr_98_99': 1, 'x_99': 0.0003409609778669845, 'rz_100': 0.004466657645160493, 'rz_101': 0.002438848710515221, 'sx_101': 0.001585112083365681, 'rz_102': 0.0003245834223652192, 'sx_102': 0.0001839666236441208, 'ecr_102_92': 1, 'ecr_87_93': 1, 'sx_93': 0.00036688454988671206, 'ecr_88_87': 1, 'x_84': 0.00015911184315858812, 'rz_103': 0.0008200126305435985, 'sx_103': 0.0004617781056727429, 'rz_104': 0.0031555685682350433, 'sx_104': 0.00035322073874800565, 'rz_105': 0.004435843728361687, 'rz_106': 0.0030714363069350953, 'sx_106': 0.0028273758454384216, 'ecr_93_106': 1, 'rz_107': 0.0027356638121062045, 'sx_107': 0.0006814947363186801, 'rz_108': 0.002265879267982184, 'sx_108': 0.0035640371331005657, 'ecr_107_108': 1, 'x_107': 0.0006814947363186801, 'ecr_106_107': 1, 'x_106': 0.0028273758454384216, 'rz_110': 0.0021167492011588663, 'sx_110': 0.0007033333422395565, 'rz_111': 0.0019980287133738997, 'sx_111': 0.0002279242537978816, 'rz_112': 0.0007778992266561493, 'sx_112': 0.00036338768769579745, 'ecr_112_108': 1, 'ecr_105_106': 1, 'sx_105': 0.0003001528940346325, 'ecr_105_104': 1, 'ecr_104_111': 1, 'x_105': 0.0003001528940346325, 'x_104': 0.00035322073874800565, 'ecr_104_103': 1, 'ecr_102_103': 1, 'x_102': 0.0001839666236441208, 'ecr_101_102': 1, 'ecr_101_100': 1, 'sx_100': 0.00014962944401662642, 'ecr_110_100': 1, 'x_100': 0.00014962944401662642, 'x_101': 0.001585112083365681, 'x_110': 0.0007033333422395565, 'ecr_99_100': 1, 'x_98': 0.0013340069259604355, 'ecr_97_98': 1, 'x_97': 0.0004502593940006197, 'x_79': 0.0005873016507620581, 'rz_116': 0.004914914258529572, 'sx_116': 0.00021758850384697033, 'rz_117': 0.00132131353396288, 'sx_117': 0.24624959095191518, 'rz_118': 0.0015113009317904423, 'sx_118': 0.00020546596340854538, 'ecr_118_110': 1, 'rz_119': 0.0038301158679335014, 'sx_119': 0.0003412491968887652, 'rz_120': 0.003040044964522391, 'sx_120': 0.00019906619574072245, 'ecr_120_119': 1, 'x_119': 0.0003412491968887652, 'ecr_119_118': 1, 'ecr_118_117': 1, 'ecr_117_116': 1, 'x_118': 0.00020546596340854538, 'x_117': 0.24624959095191518, 'rz_121': 0.002258059494018976, 'sx_121': 0.0005815756246560313, 'rz_122': 0.002659963115663345, 'sx_122': 0.00020208000496485306, 'ecr_122_121': 1, 'ecr_122_111': 1, 'ecr_81_80': 1, 'rz_123': 0.0022304823891939737, 'sx_123': 0.0001579539629602411, 'ecr_122_123': 1, 'x_81': 0.00046236269009435456, 'ecr_81_72': 1, 'x_72': 0.00020378268989355798, 'ecr_72_62': 1, 'x_62': 0.00017302071940707758, 'ecr_62_63': 1, 'ecr_62_61': 1, 'x_63': 0.0005621071181002369, 'ecr_63_64': 1, 'ecr_64_65': 1, 'x_64': 0.00045546949382412787, 'x_93': 0.00036688454988671206, 'ecr_54_64': 1, 'ecr_54_45': 1, 'ecr_44_45': 1, 'ecr_44_43': 1, 'x_43': 0.00015932760460156967, 'ecr_43_42': 1, 'ecr_34_43': 1, 'ecr_34_24': 1, 'x_24': 0.0008623245636767939, 'ecr_23_24': 1, 'ecr_22_15': 1, 'ecr_25_24': 1, 'ecr_46_45': 1, 'x_34': 0.0003603485046698308, 'x_65': 0.0002004997319943576, 'ecr_53_41': 1, 'ecr_53_60': 1, 'x_87': 0.0001762778737927888, 'ecr_79_78': 1, 'sx_78': 0.00030843907066569696, 'ecr_77_78': 1, 'ecr_77_71': 1, 'ecr_76_77': 1, 'ecr_76_75': 1, 'x_75': 0.00043549896577353307, 'ecr_75_90': 1, 'x_77': 0.00043857042518553906, 'ecr_94_90': 1, 'x_76': 0.01630210809638359, 'x_71': 0.0007029159367746071, 'ecr_71_58': 1, 'ecr_57_58': 1, 'ecr_57_56': 1, 'ecr_56_52': 1, 'x_56': 0.0006276545346869864, 'x_57': 0.0007928294074844403, 'x_52': 0.00033636895526110294, 'ecr_52_37': 1, 'ecr_37_38': 1, 'x_37': 0.0004080848649752518, 'x_38': 0.0001334535394293827, 'ecr_38_39': 1, 'ecr_33_39': 1, 'x_39': 0.00036893534065197704, 'ecr_33_20': 1, 'x_20': 0.0002440846627361958, 'x_33': 0.0007338256609473277, 'ecr_39_40': 1, 'x_40': 0.0002155465652791842, 'x_58': 0.0005039549339010096, 'x_94': 0.00033701544968407814, 'ecr_94_95': 1, 'ecr_96_95': 1, 'x_96': 0.0002653147485167007, 'x_80': 0.00015922341731009292, 'ecr_40_41': 1, 'x_59': 0.00030638067309339616, 'ecr_59_58': 1, 'x_90': 0.0011250840581740597, 'x_46': 0.0002569228608886314, 'x_45': 0.00010800555985410663, 'x_54': 0.00015646145683994802, 'x_91': 0.00045173159175162803, 'x_44': 0.00013176977882107968, 'x_78': 0.00030843907066569696, 'x_82': 0.00013956135814412955, 'x_121': 0.0005815756246560313, 'ecr_121_120': 1, 'x_92': 0.0007969060550047645, 'x_73': 0.00015312374145812766, 'x_49': 0.0002849369336137935, 'ecr_50_51': 1, 'x_53': 0.00014152859477276774, 'x_41': 0.0003958971375179541, 'measure_56': 0.012499999999999956, 'measure_52': 0.013500000000000068, 'measure_57': 0.11339999999999995, 'measure_37': 0.1472, 'measure_71': 0.02859999999999996, 'measure_58': 0.0393, 'measure_77': 0.10270000000000001, 'measure_59': 0.007400000000000073, 'measure_60': 0.010700000000000043, 'measure_61': 0.017300000000000093, 'measure_72': 0.015199999999999991, 'measure_81': 0.019000000000000017, 'measure_54': 0.010299999999999976, 'measure_45': 0.007500000000000062, 'measure_46': 0.009800000000000031, 'measure_47': 0.012599999999999945, 'measure_35': 0.017000000000000015, 'measure_28': 0.039000000000000035, 'measure_64': 0.009299999999999975, 'measure_27': 0.03380000000000005, 'measure_26': 0.005800000000000027, 'measure_16': 0.008099999999999996, 'measure_8': 0.02410000000000001, 'measure_7': 0.014499999999999957, 'measure_6': 0.012399999999999967, 'measure_5': 0.011199999999999988, 'measure_4': 0.09830000000000005, 'measure_63': 0.006099999999999994, 'measure_62': 0.00990000000000002, 'measure_80': 0.01639999999999997, 'measure_79': 0.018000000000000016, 'measure_48': 0.057700000000000085, 'measure_29': 0.020000000000000018, 'measure_91': 0.07329999999999992, 'measure_53': 0.009600000000000053, 'measure_49': 0.006000000000000005, 'measure_50': 0.005800000000000027, 'measure_55': 0.005300000000000082, 'measure_51': 0.017199999999999993, 'measure_68': 0.05390000000000006, 'measure_9': 0.006299999999999972, 'measure_67': 0.005700000000000038, 'measure_83': 0.013700000000000045, 'measure_84': 0.010199999999999987, 'measure_85': 0.0043999999999999595, 'measure_69': 0.017100000000000004, 'measure_86': 0.010399999999999965, 'measure_111': 0.04299999999999993, 'measure_103': 0.015199999999999991, 'measure_82': 0.0046999999999999265, 'measure_87': 0.02310000000000001, 'measure_104': 0.04590000000000005, 'measure_99': 0.011900000000000022, 'measure_93': 0.0474, 'measure_106': 0.02320000000000011, 'measure_122': 0.0474, 'measure_105': 0.06709999999999994, 'measure_121': 0.013800000000000034, 'measure_107': 0.4205, 'measure_120': 0.017400000000000082, 'measure_108': 0.25669999999999993, 'measure_112': 0.05790000000000006, 'measure_102': 0.01090000000000002, 'measure_101': 0.05580000000000007, 'measure_100': 0.009199999999999986, 'measure_110': 0.024699999999999944, 'measure_118': 0.030100000000000016, 'measure_123': 0.06279999999999997, 'measure_119': 0.046699999999999964, 'measure_75': 0.04170000000000007, 'measure_117': 0.3152999999999999, 'measure_78': 0.014100000000000001, 'measure_88': 0.0046999999999999265, 'measure_40': 0.01089999999999991, 'measure_39': 0.07040000000000002, 'measure_38': 0.03920000000000001, 'measure_116': 0.013000000000000012, 'measure_97': 0.03689999999999993, 'measure_44': 0.0042999999999999705, 'measure_98': 0.07220000000000004, 'measure_76': 0.10660000000000003, 'measure_41': 0.009600000000000053, 'measure_65': 0.0047000000000000375, 'measure_92': 0.013600000000000056, 'measure_22': 0.033299999999999996, 'measure_23': 0.00649999999999995, 'measure_73': 0.005400000000000071, 'measure_21': 0.008900000000000019, 'measure_25': 0.053200000000000025, 'measure_90': 0.06020000000000003, 'measure_30': 0.011300000000000088, 'measure_66': 0.0121, 'measure_96': 0.014599999999999946, 'measure_43': 0.014100000000000001, 'measure_24': 0.02980000000000005, 'measure_34': 0.03590000000000004, 'measure_95': 0.008399999999999963, 'measure_15': 0.009300000000000086, 'measure_94': 0.01859999999999995, 'measure_33': 0.02180000000000004, 'measure_20': 0.011500000000000066}","{'rz_8': 52.045931614181455, 'sx_8': 59.99999999999999, 'ecr_8_7': 660.0, 'rz_7': 23.387713911420672, 'sx_7': 59.99999999999999, 'ecr_7_6': 660.0, 'rz_6': 71.06253397146403, 'sx_6': 59.99999999999999, 'ecr_6_5': 660.0, 'x_6': 59.99999999999999, 'ecr_8_16': 660.0, 'rz_16': 55.32889228079793, 'sx_16': 59.99999999999999, 'x_8': 59.99999999999999, 'ecr_8_9': 660.0, 'rz_9': 83.19735383980124, 'sx_9': 59.99999999999999, 'x_16': 59.99999999999999, 'ecr_16_26': 660.0, 'rz_26': 33.94466429318505, 'sx_26': 59.99999999999999, 'ecr_27_26': 660.0, 'rz_27': 38.960356377317154, 'sx_27': 59.99999999999999, 'ecr_25_26': 660.0, 'rz_25': 30.38772078202909, 'sx_25': 59.99999999999999, 'x_26': 59.99999999999999, 'ecr_27_28': 660.0, 'x_28': 59.99999999999999, 'rz_28': 54.41856369322585, 'ecr_28_29': 660.0, 'rz_29': 48.76890211472348, 'sx_29': 59.99999999999999, 'ecr_30_29': 660.0, 'rz_30': 48.68903567605088, 'sx_30': 59.99999999999999, 'ecr_28_35': 660.0, 'sx_28': 59.99999999999999, 'rz_35': 62.19082400149266, 'sx_35': 59.99999999999999, 'ecr_47_35': 660.0, 'rz_47': 10.92048178804665, 'sx_47': 59.99999999999999, 'x_47': 59.99999999999999, 'ecr_48_47': 660.0, 'rz_48': 84.67026179417375, 'sx_48': 59.99999999999999, 'x_48': 59.99999999999999, 'ecr_49_48': 660.0, 'rz_49': 31.48903655189935, 'sx_49': 59.99999999999999, 'ecr_50_49': 660.0, 'ecr_49_55': 660.0, 'rz_55': 55.68580830433042, 'sx_55': 59.99999999999999, 'ecr_55_68': 660.0, 'rz_68': 61.91587579290432, 'sx_68': 59.99999999999999, 'ecr_67_68': 660.0, 'rz_67': 28.451396379576135, 'sx_67': 59.99999999999999, 'ecr_67_66': 660.0, 'rz_66': 79.08347467948626, 'sx_66': 59.99999999999999, 'ecr_73_66': 660.0, 'rz_73': 97.85332086244932, 'sx_73': 59.99999999999999, 'ecr_73_85': 660.0, 'rz_85': 72.30454227839388, 'x_85': 59.99999999999999, 'ecr_84_85': 660.0, 'sx_85': 59.99999999999999, 'rz_84': 11.157351055408428, 'sx_84': 59.99999999999999, 'ecr_84_83': 660.0, 'rz_83': 67.10732657159869, 'sx_83': 59.99999999999999, 'ecr_82_83': 660.0, 'rz_82': 92.75243250278943, 'sx_82': 59.99999999999999, 'x_83': 59.99999999999999, 'ecr_83_92': 660.0, 'ecr_86_85': 660.0, 'rz_86': 34.59524957338183, 'sx_86': 59.99999999999999, 'ecr_87_86': 660.0, 'rz_87': 79.04345162420867, 'sx_87': 59.99999999999999, 'ecr_87_93': 660.0, 'rz_93': 26.307890943928868, 'sx_93': 59.99999999999999, 'ecr_93_106': 660.0, 'rz_106': 32.474378406611706, 'ecr_106_107': 660.0, 'rz_107': 58.82449249578096, 'sx_107': 59.99999999999999, 'ecr_107_108': 660.0, 'rz_108': 47.89316242478145, 'sx_108': 59.99999999999999, 'ecr_112_108': 660.0, 'rz_112': 22.513110190675427, 'sx_112': 59.99999999999999, 'x_107': 59.99999999999999, 'sx_106': 59.99999999999999, 'ecr_105_106': 660.0, 'rz_105': 51.2437454684918, 'sx_105': 59.99999999999999, 'ecr_105_104': 660.0, 'rz_104': 26.03132150005847, 'ecr_104_111': 660.0, 'rz_111': 20.51368557767147, 'sx_111': 59.99999999999999, 'sx_104': 59.99999999999999, 'x_105': 59.99999999999999, 'ecr_104_103': 660.0, 'rz_103': 23.270548195804015, 'sx_103': 59.99999999999999, 'ecr_102_103': 660.0, 'rz_102': 19.801311388901453, 'sx_102': 59.99999999999999, 'x_102': 59.99999999999999, 'ecr_101_102': 660.0, 'rz_101': 82.52754149470242, 'sx_101': 59.99999999999999, 'ecr_101_100': 660.0, 'ecr_102_92': 660.0, 'x_101': 59.99999999999999, 'rz_100': 46.236725700170076, 'sx_100': 59.99999999999999, 'ecr_110_100': 660.0, 'rz_110': 82.3874439161051, 'sx_110': 59.99999999999999, 'x_110': 59.99999999999999, 'ecr_118_110': 660.0, 'rz_118': 10.37086242390031, 'sx_118': 59.99999999999999, 'ecr_118_117': 660.0, 'rz_117': 86.73349216513576, 'sx_117': 59.99999999999999, 'x_100': 59.99999999999999, 'ecr_99_100': 660.0, 'x_118': 59.99999999999999, 'rz_92': 28.409152341249094, 'sx_92': 59.99999999999999, 'ecr_82_81': 660.0, 'rz_81': 37.018709237058886, 'sx_81': 59.99999999999999, 'x_81': 59.99999999999999, 'ecr_81_72': 660.0, 'x_72': 59.99999999999999, 'rz_72': 43.52931078211855, 'ecr_72_62': 660.0, 'sx_72': 59.99999999999999, 'x_62': 59.99999999999999, 'rz_62': 35.06343773599919, 'ecr_62_63': 660.0, 'sx_62': 59.99999999999999, 'x_63': 59.99999999999999, 'rz_63': 34.04333800844232, 'ecr_63_64': 660.0, 'sx_63': 59.99999999999999, 'rz_64': 42.045753113134865, 'ecr_64_65': 660.0, 'rz_65': 80.30957331492557, 'sx_65': 59.99999999999999, 'ecr_65_66': 660.0, 'sx_64': 59.99999999999999, 'ecr_54_64': 660.0, 'rz_54': 19.431071550996613, 'sx_54': 59.99999999999999, 'ecr_54_45': 660.0, 'rz_45': 52.19734742315826, 'sx_45': 59.99999999999999, 'ecr_44_45': 660.0, 'rz_44': 88.2528994781871, 'sx_44': 59.99999999999999, 'ecr_44_43': 660.0, 'x_43': 59.99999999999999, 'rz_43': 26.273192782115995, 'ecr_43_42': 660.0, 'rz_42': 29.664757381573303, 'sx_42': 59.99999999999999, 'ecr_42_41': 660.0, 'x_42': 59.99999999999999, 'sx_43': 59.99999999999999, 'ecr_34_43': 660.0, 'rz_34': 77.42481163979494, 'sx_34': 59.99999999999999, 'ecr_34_24': 660.0, 'rz_24': 56.103336216979656, 'x_24': 59.99999999999999, 'ecr_23_24': 660.0, 'sx_24': 59.99999999999999, 'rz_23': 23.02464292179598, 'sx_23': 59.99999999999999, 'ecr_22_23': 660.0, 'rz_22': 34.47319833079829, 'sx_22': 59.99999999999999, 'ecr_22_21': 660.0, 'ecr_46_45': 660.0, 'rz_46': 64.54799901908612, 'sx_46': 59.99999999999999, 'ecr_47_46': 660.0, 'x_34': 59.99999999999999, 'ecr_62_61': 660.0, 'rz_61': 80.41081684964871, 'sx_61': 59.99999999999999, 'ecr_61_60': 660.0, 'rz_60': 83.59440360419617, 'sx_60': 59.99999999999999, 'ecr_53_60': 660.0, 'rz_53': 99.83706656932878, 'sx_53': 59.99999999999999, 'ecr_53_41': 660.0, 'ecr_59_60': 660.0, 'rz_59': 18.190396202950197, 'sx_59': 59.99999999999999, 'ecr_81_80': 660.0, 'sx_80': 59.99999999999999, 'rz_80': 19.024412269382687, 'ecr_80_79': 660.0, 'rz_79': 63.64300723270643, 'sx_79': 59.99999999999999, 'ecr_79_91': 660.0, 'rz_91': 80.43717861487795, 'sx_91': 59.99999999999999, 'ecr_98_91': 660.0, 'rz_98': 12.174435304979566, 'sx_98': 59.99999999999999, 'x_98': 59.99999999999999, 'ecr_97_98': 660.0, 'rz_97': 42.772539846982795, 'sx_97': 59.99999999999999, 'ecr_79_78': 660.0, 'rz_78': 43.576388089277934, 'sx_78': 59.99999999999999, 'ecr_77_78': 660.0, 'rz_77': 14.060754682211293, 'sx_77': 59.99999999999999, 'ecr_77_71': 660.0, 'rz_71': 70.75170438613712, 'sx_71': 59.99999999999999, 'ecr_76_77': 660.0, 'rz_76': 70.70795397846564, 'sx_76': 59.99999999999999, 'ecr_76_75': 660.0, 'x_75': 59.99999999999999, 'rz_75': 22.98640363351722, 'ecr_75_90': 660.0, 'sx_75': 59.99999999999999, 'rz_90': 80.8589504797659, 'sx_90': 59.99999999999999, 'ecr_94_90': 660.0, 'rz_94': 33.564676947053144, 'sx_94': 59.99999999999999, 'x_76': 59.99999999999999, 'x_77': 59.99999999999999, 'x_71': 59.99999999999999, 'ecr_71_58': 660.0, 'ecr_57_58': 660.0, 'rz_58': 34.76589687240751, 'sx_58': 59.99999999999999, 'rz_57': 36.66429647852138, 'sx_57': 59.99999999999999, 'ecr_57_56': 660.0, 'rz_56': 20.40174337679567, 'ecr_56_52': 660.0, 'rz_52': 80.61665151081644, 'sx_52': 59.99999999999999, 'x_56': 59.99999999999999, 'sx_56': 59.99999999999999, 'x_52': 59.99999999999999, 'ecr_52_37': 660.0, 'rz_37': 79.57123801521672, 'ecr_37_38': 660.0, 'rz_38': 50.50836883004884, 'sx_38': 59.99999999999999, 'sx_37': 59.99999999999999, 'x_37': 59.99999999999999, 'x_38': 59.99999999999999, 'ecr_38_39': 660.0, 'ecr_33_39': 660.0, 'rz_39': 22.715418245228886, 'sx_39': 59.99999999999999, 'x_39': 59.99999999999999, 'rz_33': 37.06169890637109, 'sx_33': 59.99999999999999, 'ecr_39_40': 660.0, 'x_33': 59.99999999999999, 'ecr_33_20': 660.0, 'rz_40': 38.22245514394041, 'sx_40': 59.99999999999999, 'x_57': 59.99999999999999, 'ecr_94_95': 660.0, 'rz_95': 56.451234524910106, 'ecr_96_95': 660.0, 'rz_96': 26.250957254391917, 'sx_96': 59.99999999999999, 'ecr_96_97': 660.0, 'x_80': 59.99999999999999, 'x_59': 59.99999999999999, 'ecr_59_58': 660.0, 'x_58': 59.99999999999999, 'sx_95': 59.99999999999999, 'x_94': 59.99999999999999, 'x_90': 59.99999999999999, 'x_79': 59.99999999999999, 'x_78': 59.99999999999999, 'ecr_98_99': 660.0, 'x_99': 59.99999999999999, 'rz_99': 50.80454330079827, 'sx_99': 59.99999999999999, 'x_61': 59.99999999999999, 'measure_20': 1400.0}","{'4': 0.09830000000000005, '5': 0.011199999999999988, '6': 0.012399999999999967, '7': 0.014499999999999957, '8': 0.02410000000000001, '9': 0.006299999999999972, '15': 0.009300000000000086, '16': 0.008099999999999996, '20': 0.011500000000000066, '21': 0.008900000000000019, '22': 0.033299999999999996, '23': 0.00649999999999995, '24': 0.02980000000000005, '25': 0.053200000000000025, '26': 0.005800000000000027, '27': 0.03380000000000005, '28': 0.039000000000000035, '29': 0.020000000000000018, '30': 0.011300000000000088, '33': 0.02180000000000004, '34': 0.03590000000000004, '35': 0.017000000000000015, '37': 0.1472, '38': 0.03920000000000001, '39': 0.07040000000000002, '40': 0.01089999999999991, '41': 0.009600000000000053, '43': 0.014100000000000001, '44': 0.0042999999999999705, '45': 0.007500000000000062, '46': 0.009800000000000031, '47': 0.012599999999999945, '48': 0.057700000000000085, '49': 0.006000000000000005, '50': 0.005800000000000027, '51': 0.017199999999999993, '52': 0.013500000000000068, '53': 0.009600000000000053, '54': 0.010299999999999976, '55': 0.005300000000000082, '56': 0.012499999999999956, '57': 0.11339999999999995, '58': 0.0393, '59': 0.007400000000000073, '60': 0.010700000000000043, '61': 0.017300000000000093, '62': 0.00990000000000002, '63': 0.006099999999999994, '64': 0.009299999999999975, '65': 0.0047000000000000375, '66': 0.0121, '67': 0.005700000000000038, '68': 0.05390000000000006, '69': 0.017100000000000004, '71': 0.02859999999999996, '72': 0.015199999999999991, '73': 0.005400000000000071, '75': 0.04170000000000007, '76': 0.10660000000000003, '77': 0.10270000000000001, '78': 0.014100000000000001, '79': 0.018000000000000016, '80': 0.01639999999999997, '81': 0.019000000000000017, '82': 0.0046999999999999265, '83': 0.013700000000000045, '84': 0.010199999999999987, '85': 0.0043999999999999595, '86': 0.010399999999999965, '87': 0.02310000000000001, '88': 0.0046999999999999265, '90': 0.06020000000000003, '91': 0.07329999999999992, '92': 0.013600000000000056, '93': 0.0474, '94': 0.01859999999999995, '95': 0.008399999999999963, '96': 0.014599999999999946, '97': 0.03689999999999993, '98': 0.07220000000000004, '99': 0.011900000000000022, '100': 0.009199999999999986, '101': 0.05580000000000007, '102': 0.01090000000000002, '103': 0.015199999999999991, '104': 0.04590000000000005, '105': 0.06709999999999994, '106': 0.02320000000000011, '107': 0.4205, '108': 0.25669999999999993, '110': 0.024699999999999944, '111': 0.04299999999999993, '112': 0.05790000000000006, '116': 0.013000000000000012, '117': 0.3152999999999999, '118': 0.030100000000000016, '119': 0.046699999999999964, '120': 0.017400000000000082, '121': 0.013800000000000034, '122': 0.0474, '123': 0.06279999999999997}"
3,osaka,127,11438,"{'rz_4': 0.0003732291292923433, 'sx_4': 0.00019620049007449756, 'rz_6': 0.0007566512860369925, 'sx_6': 0.00011945834664989482, 'rz_7': 0.0008062268344179909, 'sx_7': 0.0002978821216994441, 'rz_8': 0.002956111869821644, 'sx_8': 0.0006036568718894249, 'rz_14': 0.004151338036112761, 'sx_14': 0.00022169132074178986, 'rz_15': 0.004981632621445077, 'sx_15': 0.0003812185257724515, 'rz_16': 0.004556270067380477, 'sx_16': 0.046165690727967064, 'ecr_8_16': 1, 'ecr_7_8': 0.024530122995848502, 'rz_17': 0.00017438716523469905, 'sx_17': 0.00016007841611411348, 'rz_18': 0.0020523094324135117, 'sx_18': 0.00015580306889226227, 'rz_19': 0.0019093070823343215, 'sx_19': 0.00029052957117449684, 'rz_20': 0.003683255920942679, 'sx_20': 0.0013157854974806158, 'rz_21': 0.0032837913467628466, 'sx_21': 0.0003305187910749113, 'rz_22': 0.004021059696722051, 'sx_22': 0.00011263543608802262, 'rz_23': 0.0006935754943299889, 'sx_23': 0.00015705915525101859, 'rz_24': 0.004678154312645008, 'sx_24': 0.00014127130546466184, 'rz_25': 0.0022603107173316704, 'sx_25': 0.00013668670434371656, 'rz_26': 0.00023570204819809337, 'sx_26': 0.00029176893304830477, 'rz_27': 0.0005932890469276704, 'sx_27': 0.0001308659662782636, 'rz_28': 0.00012224164035593206, 'sx_28': 0.0003300102165584192, 'rz_29': 0.0034452754837861785, 'sx_29': 0.0001291473320950602, 'ecr_28_29': 0.003839742357196807, 'rz_30': 0.003087133740436767, 'sx_30': 0.00025932421004350176, 'ecr_30_29': 0.007260577390587025, 'x_30': 0.00025932421004350176, 'ecr_17_30': 0.005314582173236687, 'rz_31': 0.004551607190061169, 'sx_31': 0.0001145303765486593, 'rz_32': 0.0010107949855951476, 'sx_32': 0.00010445284117941576, 'rz_33': 0.004804813733397762, 'sx_33': 0.0007493795655077634, 'rz_34': 0.004326857775639461, 'sx_34': 0.0006755749476534523, 'rz_35': 0.0023607481460328175, 'sx_35': 0.0009796515724777748, 'rz_36': 0.0029963593990485027, 'sx_36': 8.616350763338853e-05, 'rz_37': 0.003059679472556935, 'rz_38': 0.0030153295072839034, 'sx_38': 0.00018022669473753995, 'rz_39': 0.0035436218060162193, 'sx_39': 0.00021266273786970836, 'rz_40': 0.00028763098421419705, 'sx_40': 0.0002763120250644696, 'rz_41': 0.004932576023408444, 'sx_41': 0.0001856553953914548, 'ecr_40_41': 0.006935514088220046, 'ecr_40_39': 0.004797327649522537, 'x_39': 0.00021266273786970836, 'ecr_39_38': 0.007321049466457175, 'rz_42': 0.0001790260472818186, 'sx_42': 0.0003263323278843491, 'rz_43': 0.0020521949515148728, 'sx_43': 0.00018148473048581657, 'rz_44': 0.0029013668835472044, 'sx_44': 0.00016708118253505724, 'rz_45': 0.004287893326931105, 'sx_45': 0.00022426360748251025, 'rz_46': 0.0018900540582770713, 'sx_46': 0.00015991325660667663, 'rz_47': 0.003926424694900403, 'sx_47': 0.00013310726912429748, 'rz_48': 0.0003329302159438387, 'sx_48': 0.0002457805772479703, 'rz_49': 0.0007972106676088542, 'sx_49': 0.00025838655086103316, 'rz_50': 0.003452526149592708, 'sx_50': 0.00015288587330591867, 'ecr_49_50': 0.007002928835944944, 'ecr_48_49': 0.010053033793070182, 'ecr_48_47': 0.005299005143520191, 'rz_51': 0.004438178148312377, 'sx_51': 0.0011922357163374224, 'ecr_51_36': 0.03272426202047382, 'ecr_36_32': 0.0034304569396330364, 'ecr_50_51': 0.016485347424710917, 'x_50': 0.00015288587330591867, 'x_51': 0.0011922357163374224, 'rz_52': 0.004887515562335525, 'sx_52': 0.00027135010897845176, 'rz_53': 0.004711028034956406, 'sx_53': 0.00022136368123539126, 'rz_54': 0.0030161086025309023, 'sx_54': 0.00032671172700647855, 'rz_55': 0.0007513807974858415, 'sx_55': 0.00040241770558698057, 'rz_56': 0.0012918280078523942, 'sx_56': 0.00029858674289990364, 'rz_57': 0.0008813259878241815, 'sx_57': 0.0002698932689622074, 'rz_58': 0.000522575308013739, 'sx_58': 0.0010417343495546603, 'rz_59': 0.002219655116662687, 'sx_59': 0.00011802385156680545, 'rz_60': 0.002834185746125413, 'sx_60': 0.00021031341095321048, 'ecr_59_60': 0.004587958219239852, 'rz_61': 0.003292439736916913, 'sx_61': 0.0058757492374876385, 'ecr_61_60': 1, 'rz_62': 0.0037987187921456125, 'sx_62': 0.00018235589496015388, 'rz_63': 0.002275287224497359, 'sx_63': 0.000519030080698049, 'rz_64': 0.004779601766318438, 'sx_64': 0.00032045445612460295, 'rz_65': 0.0027952670907585827, 'sx_65': 0.00012222194400362117, 'rz_66': 0.00035407214943094416, 'sx_66': 0.0012265753626636367, 'rz_67': 0.00409371486959972, 'sx_67': 0.00034835242124689757, 'rz_68': 0.001211311796772448, 'sx_68': 0.00021327487368637913, 'rz_69': 0.004375375083376283, 'sx_69': 0.0002917221081470323, 'rz_70': 0.0003321390572032458, 'sx_70': 0.0003265199521969331, 'rz_71': 0.0004779119320794868, 'sx_71': 0.0006967945672939045, 'rz_72': 0.0019777575490167996, 'sx_72': 0.013390619259942635, 'rz_73': 0.0007961870872258572, 'sx_73': 0.00044838462140609614, 'rz_75': 0.0040594580682980315, 'sx_75': 0.00010316359621592361, 'rz_76': 0.0012987612671350249, 'sx_76': 0.000229104780345882, 'rz_77': 0.0040339837510887724, 'sx_77': 0.0001966394413969974, 'ecr_76_77': 0.004454949575668027, 'ecr_75_76': 0.004499225410172142, 'x_75': 0.00010316359621592361, 'ecr_71_77': 0.01304646651410335, 'x_71': 0.0006967945672939045, 'ecr_58_71': 0.014863496334489273, 'x_58': 0.0010417343495546603, 'ecr_59_58': 0.00514940511226239, 'x_76': 0.000229104780345882, 'rz_78': 0.0024990810863184634, 'sx_78': 0.00012067807978582325, 'rz_79': 0.0025539994034029035, 'sx_79': 0.0001492206273721147, 'ecr_78_79': 0.01064888991632279, 'rz_80': 0.00131432404927912, 'sx_80': 0.00023009170410744938, 'ecr_79_80': 0.005438507447434099, 'rz_81': 0.001721890023351032, 'sx_81': 0.0007937476169402851, 'ecr_81_80': 0.014015427685196036, 'ecr_81_72': 0.06387813532632433, 'rz_82': 0.004523088525024097, 'sx_82': 0.00022620444051720502, 'rz_83': 0.004860647194941841, 'sx_83': 0.00022019851898459833, 'rz_84': 0.0019322919340001633, 'sx_84': 0.0003039799231837115, 'rz_85': 0.004092703017024387, 'sx_85': 0.0002223668258468905, 'rz_86': 0.00498990547265009, 'sx_86': 0.0003823435347565912, 'ecr_86_85': 0.007211442535734802, 'x_85': 0.0002223668258468905, 'ecr_85_73': 0.004640499649225804, 'ecr_66_73': 0.017549822023342848, 'ecr_66_65': 0.01793963446442645, 'x_65': 0.00012222194400362117, 'ecr_65_64': 0.008239625590679395, 'x_64': 0.00032045445612460295, 'ecr_64_54': 0.1320324010772479, 'ecr_45_54': 0.008300505732546815, 'ecr_45_44': 0.004770686632318749, 'ecr_43_44': 0.005139100242872813, 'ecr_42_43': 0.005105359746355453, 'ecr_42_41': 0.008546164290057251, 'x_43': 0.00018148473048581657, 'ecr_43_34': 0.004554500887526014, 'ecr_24_34': 0.006403363003970319, 'ecr_24_25': 0.004444532574574861, 'x_25': 0.00013668670434371656, 'ecr_25_26': 0.003961459145020302, 'ecr_16_26': 1, 'x_8': 0.0006036568718894249, 'x_7': 0.0002978821216994441, 'ecr_6_7': 0.006398969857549591, 'ecr_27_26': 0.003674716414336615, 'ecr_27_28': 0.008262058715877874, 'x_28': 0.0003300102165584192, 'ecr_28_35': 0.012611438156625965, 'ecr_31_30': 0.005183619529592315, 'ecr_31_32': 0.0043938046549509, 'x_35': 0.0009796515724777748, 'ecr_35_47': 0.011298842523843972, 'ecr_85_84': 0.00341501831233465, 'ecr_84_83': 0.004557364487038196, 'x_83': 0.00022019851898459833, 'ecr_83_82': 0.006952996483044177, 'x_84': 0.0003039799231837115, 'rz_87': 0.0019438323937422423, 'sx_87': 0.00020798335237230803, 'rz_88': 0.003260596247263857, 'sx_88': 0.0005622164807261259, 'rz_89': 0.00027280992092997437, 'sx_89': 0.0006053368061453753, 'rz_90': 0.0036758302891504524, 'sx_90': 0.00014669424127955943, 'ecr_90_75': 0.004362661609445567, 'rz_91': 0.0007881228382154377, 'sx_91': 0.0001653231540026343, 'rz_92': 0.001412757812385521, 'sx_92': 0.0005098246343494168, 'rz_93': 0.0022435809690546935, 'sx_93': 0.0013951052766807007, 'ecr_87_93': 0.020719914280263735, 'ecr_87_86': 0.009714808316502899, 'rz_94': 0.001797633582840043, 'sx_94': 0.00012923938532533939, 'rz_95': 0.00087997920289673, 'sx_95': 0.00019000549684696538, 'rz_96': 0.0032189161790258662, 'sx_96': 0.0001417230776574516, 'rz_97': 0.002071972424353074, 'sx_97': 0.00018471915917169692, 'rz_98': 0.003013984726537608, 'sx_98': 0.00017571959642702326, 'ecr_98_91': 0.0050167720598861265, 'ecr_97_98': 0.0056504413936140085, 'x_97': 0.00018471915917169692, 'ecr_96_97': 0.004533225786569284, 'rz_99': 0.0005402250147271595, 'sx_99': 0.0007073557869489231, 'rz_100': 0.0012970152011580964, 'sx_100': 0.0001536907386447324, 'rz_101': 0.0015042532092185315, 'sx_101': 0.0001685639257694345, 'rz_102': 0.0031979546021583503, 'sx_102': 0.00013650238666287136, 'rz_103': 0.0020615748207525467, 'sx_103': 0.0004862208687059316, 'rz_104': 0.004920118924645471, 'sx_104': 0.00018099216037912406, 'rz_105': 0.004076050602133318, 'sx_105': 0.0002000064709447962, 'rz_106': 0.004034191098365781, 'sx_106': 0.06257514738159053, 'ecr_93_106': 1, 'x_93': 0.0013951052766807007, 'x_106': 0.06257514738159053, 'ecr_87_88': 0.010824686653710225, 'ecr_53_41': 0.005311007350779939, 'x_53': 0.00022136368123539126, 'x_66': 0.0012265753626636367, 'x_88': 0.0005622164807261259, 'ecr_88_89': 0.01110825516223582, 'rz_107': 0.0017270183275851887, 'sx_107': 0.00011332273911898898, 'ecr_106_107': 1, 'x_86': 0.0003823435347565912, 'rz_108': 0.0034958852838359875, 'sx_108': 0.0005275212799891094, 'ecr_108_107': 0.003050015227123476, 'ecr_67_66': 0.019381806213801478, 'x_67': 0.00034835242124689757, 'ecr_68_67': 0.005903148927233731, 'ecr_68_55': 0.0069226049239527465, 'x_68': 0.00021327487368637913, 'ecr_68_69': 0.005898298574674693, 'ecr_69_70': 0.005784813806046202, 'x_55': 0.00040241770558698057, 'ecr_55_49': 0.0044152379831521316, 'x_49': 0.00025838655086103316, 'x_47': 0.00013310726912429748, 'x_48': 0.0002457805772479703, 'ecr_46_47': 0.005574028083900701, 'x_46': 0.00015991325660667663, 'ecr_45_46': 0.005120961311113309, 'x_45': 0.00022426360748251025, 'x_44': 0.00016708118253505724, 'ecr_64_63': 0.011469781397381945, 'x_63': 0.000519030080698049, 'ecr_63_62': 0.0049659194598278555, 'x_62': 0.00018235589496015388, 'ecr_61_62': 1, 'x_60': 0.00021031341095321048, 'ecr_60_53': 0.005908191680921909, 'x_61': 0.0058757492374876385, 'ecr_62_72': 0.04588728661033403, 'x_69': 0.0002917221081470323, 'ecr_78_77': 0.005104544538708317, 'x_79': 0.0001492206273721147, 'ecr_91_79': 0.00265344439330481, 'x_80': 0.00023009170410744938, 'ecr_90_94': 0.004369563199283971, 'x_78': 0.00012067807978582325, 'x_94': 0.00012923938532533939, 'ecr_94_95': 0.0033999550023593172, 'x_98': 0.00017571959642702326, 'x_81': 0.0007937476169402851, 'ecr_81_82': 0.017937821023838035, 'ecr_92_83': 0.007450723472758741, 'ecr_92_102': 0.00838208005110977, 'x_102': 0.00013650238666287136, 'ecr_101_102': 0.003450757295155843, 'ecr_103_102': 0.003351179379121938, 'ecr_103_104': 0.005519993640233228, 'x_104': 0.00018099216037912406, 'rz_110': 0.0007580999618346201, 'sx_110': 0.00027583261285528903, 'rz_111': 0.003842923009538461, 'sx_111': 0.0019946271847337067, 'ecr_104_111': 0.02673774592962533, 'ecr_104_105': 0.004432731628111253, 'x_105': 0.0002000064709447962, 'rz_112': 0.004134154578802387, 'sx_112': 0.0005807232481578142, 'ecr_108_112': 0.00911491512628354, 'ecr_105_106': 1, 'rz_118': 0.0014357830729596766, 'sx_118': 0.0007308644866713053, 'rz_119': 0.002397245938221231, 'sx_119': 0.0006608619358847429, 'rz_122': 0.0008800220552702444, 'sx_122': 0.0010983786365008125, 'ecr_122_111': 0.02848652439153332, 'ecr_101_100': 0.006387656148271775, 'x_100': 0.0001536907386447324, 'ecr_100_110': 0.004552517957654434, 'ecr_110_118': 0.013047291516487203, 'x_110': 0.00027583261285528903, 'ecr_119_118': 0.015144971904529458, 'ecr_100_99': 0.005492417297563584, 'x_101': 0.0001685639257694345, 'x_99': 0.0007073557869489231, 'ecr_99_98': 0.005928834459515614, 'x_91': 0.0001653231540026343, 'ecr_57_58': 0.010012003529522168, 'ecr_57_56': 0.0062821050191889105, 'ecr_52_56': 0.009614942370296253, 'ecr_37_52': 0.004872108398306152, 'sx_37': 0.0003410986595405472, 'ecr_37_38': 0.004725236160356749, 'ecr_39_33': 0.03742728639541634, 'x_52': 0.00027135010897845176, 'x_33': 0.0007493795655077634, 'ecr_33_20': 0.01902829780192572, 'x_20': 0.0013157854974806158, 'ecr_20_19': 0.022392431750186736, 'ecr_18_19': 0.011230989554344345, 'x_18': 0.00015580306889226227, 'ecr_14_18': 0.005870619979882807, 'ecr_21_20': 0.03475118547012798, 'ecr_21_22': 0.004921657442317484, 'x_22': 0.00011263543608802262, 'ecr_22_15': 0.006184158414332258, 'ecr_15_4': 0.012819986528342486, 'x_21': 0.0003305187910749113, 'ecr_23_22': 0.005232321682196589, 'ecr_24_23': 0.02072398588698457, 'x_15': 0.0003812185257724515, 'x_23': 0.00015705915525101859, 'x_24': 0.00014127130546466184, 'x_34': 0.0006755749476534523, 'x_19': 0.00029052957117449684, 'x_14': 0.00022169132074178986, 'x_56': 0.00029858674289990364, 'x_37': 0.0003410986595405472, 'x_57': 0.0002698932689622074, 'x_38': 0.00018022669473753995, 'x_92': 0.0005098246343494168, 'x_103': 0.0004862208687059316, 'ecr_96_95': 0.004212123060092249, 'x_42': 0.0003263323278843491, 'x_40': 0.0002763120250644696, 'x_41': 0.0001856553953914548, 'x_90': 0.00014669424127955943, 'x_27': 0.0001308659662782636, 'x_26': 0.00029176893304830477, 'x_59': 0.00011802385156680545, 'x_16': 0.046165690727967064, 'measure_25': 0.0036000000000000476, 'measure_26': 0.010199999999999987, 'measure_24': 0.005800000000000027, 'measure_16': 0.4387, 'measure_23': 0.007000000000000006, 'measure_8': 0.4084, 'measure_22': 0.07430000000000003, 'measure_7': 0.008499999999999952, 'measure_27': 0.011700000000000044, 'measure_20': 0.03300000000000003, 'measure_33': 0.008333333333333304, 'measure_21': 0.017800000000000038, 'measure_39': 0.08000000000000007, 'measure_40': 0.006699999999999928, 'measure_38': 0.044499999999999984, 'measure_19': 0.009000000000000008, 'measure_41': 0.041100000000000025, 'measure_37': 0.014799999999999924, 'measure_53': 0.009199999999999986, 'measure_59': 0.019400000000000084, 'measure_60': 0.03400000000000003, 'measure_61': 0.30499999999999994, 'measure_64': 0.005600000000000049, 'measure_63': 0.0049000000000000155, 'measure_54': 0.015199999999999991, 'measure_65': 0.019000000000000017, 'measure_87': 0.046699999999999964, 'measure_57': 0.007600000000000051, 'measure_45': 0.03210000000000002, 'measure_58': 0.10629999999999995, 'measure_46': 0.15569999999999995, 'measure_35': 0.023800000000000043, 'measure_29': 0.007800000000000029, 'measure_47': 0.009600000000000053, 'measure_6': 0.006399999999999961, 'measure_48': 0.02429999999999999, 'measure_62': 0.01419999999999999, 'measure_28': 0.0050000000000000044, 'measure_66': 0.05049999999999999, 'measure_30': 0.06320000000000003, 'measure_67': 0.05370000000000008, 'measure_73': 0.007400000000000073, 'measure_86': 0.04489999999999994, 'measure_93': 0.04410000000000003, 'measure_68': 0.0645, 'measure_106': 0.20189999999999997, 'measure_69': 0.006800000000000028, 'measure_18': 0.00539999999999996, 'measure_88': 0.008099999999999996, 'measure_107': 0.026499999999999968, 'measure_31': 0.010000000000000009, 'measure_89': 0.12680000000000002, 'measure_55': 0.011399999999999966, 'measure_71': 0.032299999999999995, 'measure_85': 0.015000000000000013, 'measure_77': 0.19379999999999997, 'measure_44': 0.010199999999999987, 'measure_17': 0.0343, 'measure_56': 0.024399999999999977, 'measure_34': 0.02970000000000006, 'measure_52': 0.014599999999999946, 'measure_49': 0.008299999999999974, 'measure_51': 0.04380000000000006, 'measure_36': 0.013800000000000034, 'measure_43': 0.017800000000000038, 'measure_76': 0.01639999999999997, 'measure_42': 0.006000000000000005, 'measure_15': 0.008299999999999974, 'measure_75': 0.028100000000000014, 'measure_90': 0.018900000000000028, 'measure_50': 0.010399999999999965, 'measure_32': 0.008199999999999985, 'measure_70': 0.08860000000000001, 'measure_72': 0.057699999999999974, 'measure_81': 0.13119999999999998, 'measure_94': 0.009800000000000031, 'measure_78': 0.027800000000000047, 'measure_91': 0.07840000000000003, 'measure_98': 0.009700000000000042, 'measure_97': 0.010099999999999998, 'measure_100': 0.07600000000000007, 'measure_110': 0.053199999999999914, 'measure_99': 0.021099999999999897, 'measure_101': 0.010499999999999954, 'measure_79': 0.02190000000000003, 'measure_102': 0.016000000000000014, 'measure_92': 0.017000000000000015, 'measure_80': 0.09570000000000001, 'measure_103': 0.009700000000000042, 'measure_82': 0.010199999999999987, 'measure_83': 0.005299999999999971, 'measure_84': 0.014599999999999946, 'measure_104': 0.04469999999999996, 'measure_108': 0.015499999999999958, 'measure_111': 0.03689999999999993, 'measure_105': 0.06170000000000009, 'measure_122': 0.026799999999999935, 'measure_112': 0.012899999999999912, 'measure_119': 0.006900000000000017, 'measure_118': 0.07450000000000001, 'measure_4': 0.06166666666666665}","{'rz_86': 84.48616742170928, 'sx_86': 59.99999999999999, 'ecr_86_85': 660.0, 'rz_85': 41.46084388751865, 'sx_85': 59.99999999999999, 'x_85': 59.99999999999999, 'ecr_85_73': 660.0, 'rz_73': 65.74411518281111, 'sx_73': 59.99999999999999, 'ecr_66_73': 660.0, 'rz_66': 92.71970798002042, 'sx_66': 59.99999999999999, 'ecr_66_65': 660.0, 'x_65': 59.99999999999999, 'rz_65': 46.75218973275131, 'ecr_65_64': 660.0, 'sx_65': 59.99999999999999, 'x_64': 59.99999999999999, 'rz_64': 38.15833178620302, 'ecr_64_54': 428.0, 'sx_64': 59.99999999999999, 'rz_54': 23.15162257721984, 'sx_54': 59.99999999999999, 'ecr_45_54': 660.0, 'rz_45': 74.70125914185081, 'sx_45': 59.99999999999999, 'ecr_45_44': 660.0, 'rz_44': 74.80100435294727, 'sx_44': 59.99999999999999, 'ecr_43_44': 660.0, 'rz_43': 87.55395637674661, 'sx_43': 59.99999999999999, 'ecr_42_43': 660.0, 'x_43': 59.99999999999999, 'ecr_43_34': 660.0, 'rz_34': 37.670631847760035, 'sx_34': 59.99999999999999, 'ecr_24_34': 660.0, 'rz_24': 39.4051890762858, 'sx_24': 59.99999999999999, 'ecr_24_25': 660.0, 'x_25': 59.99999999999999, 'rz_25': 11.409583584398554, 'ecr_25_26': 660.0, 'sx_25': 59.99999999999999, 'ecr_16_26': 660.0, 'rz_26': 15.74897616707534, 'sx_26': 59.99999999999999, 'rz_16': 33.364368863569005, 'sx_16': 59.99999999999999, 'ecr_8_16': 660.0, 'rz_8': 29.09258514723461, 'sx_8': 59.99999999999999, 'x_8': 59.99999999999999, 'ecr_7_8': 660.0, 'rz_7': 67.41835139612621, 'sx_7': 59.99999999999999, 'x_7': 59.99999999999999, 'ecr_6_7': 660.0, 'rz_6': 85.13236183576737, 'sx_6': 59.99999999999999, 'ecr_27_26': 660.0, 'rz_27': 56.06829800376784, 'sx_27': 59.99999999999999, 'ecr_27_28': 660.0, 'ecr_85_84': 660.0, 'rz_84': 17.08914121626651, 'sx_84': 59.99999999999999, 'ecr_84_83': 660.0, 'x_84': 59.99999999999999, 'ecr_87_86': 660.0, 'rz_87': 76.13844136666364, 'sx_87': 59.99999999999999, 'ecr_87_88': 660.0, 'x_66': 59.99999999999999, 'ecr_67_66': 660.0, 'rz_67': 27.903558212601983, 'sx_67': 59.99999999999999, 'x_67': 59.99999999999999, 'ecr_68_67': 660.0, 'rz_68': 88.1236007035814, 'sx_68': 59.99999999999999, 'ecr_68_55': 660.0, 'rz_55': 43.65807843413832, 'sx_55': 59.99999999999999, 'x_68': 59.99999999999999, 'ecr_68_69': 660.0, 'rz_69': 25.219149470645913, 'sx_69': 59.99999999999999, 'ecr_69_70': 660.0, 'x_55': 59.99999999999999, 'ecr_55_49': 660.0, 'rz_49': 78.80446324093732, 'ecr_49_50': 660.0, 'rz_50': 57.99623481758248, 'sx_50': 59.99999999999999, 'sx_49': 59.99999999999999, 'ecr_48_49': 660.0, 'rz_48': 98.89842984057493, 'sx_48': 59.99999999999999, 'x_49': 59.99999999999999, 'x_48': 59.99999999999999, 'ecr_48_47': 660.0, 'rz_47': 70.95846502215743, 'sx_47': 59.99999999999999, 'ecr_35_47': 660.0, 'ecr_46_47': 660.0, 'rz_46': 47.5063568176924, 'sx_46': 59.99999999999999, 'x_46': 59.99999999999999, 'ecr_45_46': 660.0, 'rz_42': 54.62235526387301, 'sx_42': 59.99999999999999, 'x_45': 59.99999999999999, 'ecr_64_63': 660.0, 'x_63': 59.99999999999999, 'rz_63': 58.73266775398476, 'ecr_63_62': 660.0, 'sx_63': 59.99999999999999, 'rz_62': 19.622382276335703, 'x_62': 59.99999999999999, 'ecr_61_62': 660.0, 'sx_62': 59.99999999999999, 'rz_61': 89.32143445989584, 'sx_61': 59.99999999999999, 'ecr_61_60': 660.0, 'x_61': 59.99999999999999, 'ecr_62_72': 660.0, 'rz_72': 36.206324139159676, 'sx_72': 59.99999999999999, 'x_60': 59.99999999999999, 'rz_60': 91.93592358213571, 'ecr_60_53': 660.0, 'sx_60': 59.99999999999999, 'ecr_81_72': 660.0, 'rz_81': 77.60584335281112, 'sx_81': 59.99999999999999, 'ecr_81_80': 660.0, 'rz_80': 89.46838694401997, 'sx_80': 59.99999999999999, 'ecr_79_80': 660.0, 'rz_79': 45.331717461254755, 'sx_79': 59.99999999999999, 'ecr_78_79': 660.0, 'x_79': 59.99999999999999, 'ecr_91_79': 660.0, 'rz_91': 13.875153007997348, 'sx_91': 59.99999999999999, 'ecr_98_91': 660.0, 'rz_98': 45.806421597403755, 'sx_98': 59.99999999999999, 'x_98': 59.99999999999999, 'ecr_97_98': 660.0, 'rz_97': 64.48941774139476, 'sx_97': 59.99999999999999, 'x_97': 59.99999999999999, 'ecr_96_97': 660.0, 'rz_96': 92.63546561364312, 'sx_96': 59.99999999999999, 'ecr_81_82': 660.0, 'rz_82': 38.89999753754595, 'sx_82': 59.99999999999999, 'ecr_83_82': 660.0, 'rz_83': 35.274118944348615, 'sx_83': 59.99999999999999, 'ecr_92_83': 660.0, 'rz_92': 16.46446832557794, 'sx_92': 59.99999999999999, 'ecr_92_102': 660.0, 'rz_102': 20.871537685841385, 'x_102': 59.99999999999999, 'ecr_101_102': 660.0, 'sx_102': 59.99999999999999, 'ecr_103_102': 660.0, 'rz_103': 83.64262894753719, 'sx_103': 59.99999999999999, 'ecr_103_104': 660.0, 'x_104': 59.99999999999999, 'rz_104': 40.32272478698005, 'ecr_104_111': 660.0, 'sx_104': 59.99999999999999, 'ecr_104_105': 660.0, 'rz_101': 30.622546024507987, 'sx_101': 59.99999999999999, 'ecr_101_100': 660.0, 'x_100': 59.99999999999999, 'rz_100': 50.62192275782487, 'ecr_100_110': 660.0, 'rz_110': 98.5706575725694, 'sx_110': 59.99999999999999, 'ecr_110_118': 660.0, 'rz_118': 84.6897730569779, 'sx_118': 59.99999999999999, 'ecr_119_118': 660.0, 'rz_119': 84.49460784932741, 'sx_119': 59.99999999999999, 'ecr_100_99': 660.0, 'rz_99': 18.383749062350688, 'sx_99': 59.99999999999999, 'sx_100': 59.99999999999999, 'x_101': 59.99999999999999, 'x_99': 59.99999999999999, 'ecr_99_98': 660.0, 'x_91': 59.99999999999999, 'rz_78': 14.393182792064207, 'sx_78': 59.99999999999999, 'ecr_78_77': 660.0, 'rz_77': 53.331831760356664, 'sx_77': 59.99999999999999, 'ecr_71_77': 660.0, 'rz_71': 90.66370997541821, 'sx_71': 59.99999999999999, 'ecr_76_77': 660.0, 'rz_76': 31.555098784900466, 'sx_76': 59.99999999999999, 'x_76': 59.99999999999999, 'ecr_75_76': 660.0, 'rz_75': 94.27935355049654, 'sx_75': 59.99999999999999, 'x_71': 59.99999999999999, 'ecr_58_71': 660.0, 'rz_58': 96.89247615490953, 'sx_58': 59.99999999999999, 'ecr_57_58': 660.0, 'rz_57': 55.794960429339675, 'sx_57': 59.99999999999999, 'ecr_57_56': 660.0, 'rz_56': 92.07021152884028, 'sx_56': 59.99999999999999, 'ecr_52_56': 660.0, 'rz_52': 12.563866254135458, 'sx_52': 59.99999999999999, 'ecr_37_52': 660.0, 'rz_37': 95.23834829235476, 'sx_37': 59.99999999999999, 'ecr_37_38': 660.0, 'rz_38': 84.04939938251715, 'sx_38': 59.99999999999999, 'ecr_39_38': 660.0, 'rz_39': 90.46416317501343, 'ecr_39_33': 660.0, 'sx_39': 59.99999999999999, 'x_33': 59.99999999999999, 'rz_33': 97.99807339448549, 'ecr_33_20': 660.0, 'sx_33': 59.99999999999999, 'x_20': 59.99999999999999, 'rz_20': 25.908319328941317, 'ecr_20_19': 748.0, 'rz_19': 81.54233580846179, 'sx_19': 59.99999999999999, 'ecr_18_19': 660.0, 'rz_18': 42.57033382146818, 'sx_18': 59.99999999999999, 'x_18': 59.99999999999999, 'ecr_14_18': 660.0, 'rz_14': 68.56539325804718, 'sx_14': 59.99999999999999, 'sx_20': 59.99999999999999, 'ecr_21_20': 660.0, 'rz_21': 92.31028566698876, 'sx_21': 59.99999999999999, 'ecr_21_22': 660.0, 'rz_22': 13.571229732553423, 'sx_22': 59.99999999999999, 'x_21': 59.99999999999999, 'ecr_23_22': 660.0, 'rz_23': 24.52618216115321, 'sx_23': 59.99999999999999, 'ecr_24_23': 660.0, 'ecr_22_15': 660.0, 'x_22': 59.99999999999999, 'x_23': 59.99999999999999, 'x_24': 59.99999999999999, 'rz_15': 42.25411806898325, 'sx_15': 59.99999999999999, 'x_39': 59.99999999999999, 'x_38': 59.99999999999999, 'x_37': 59.99999999999999, 'x_78': 59.99999999999999, 'ecr_90_75': 660.0, 'rz_90': 48.75738297306043, 'sx_90': 59.99999999999999, 'ecr_90_94': 660.0, 'x_58': 59.99999999999999, 'ecr_59_58': 660.0, 'rz_59': 66.3648439957982, 'sx_59': 59.99999999999999, 'ecr_59_60': 660.0, 'ecr_40_39': 660.0, 'rz_40': 56.379078252458626, 'sx_40': 59.99999999999999, 'ecr_40_41': 660.0, 'rz_41': 14.703561443023208, 'sx_41': 59.99999999999999, 'ecr_42_41': 660.0, 'x_34': 59.99999999999999, 'ecr_53_41': 660.0, 'rz_53': 74.40253587518522, 'sx_53': 59.99999999999999, 'x_53': 59.99999999999999, 'x_52': 59.99999999999999, 'x_75': 59.99999999999999, 'rz_28': 20.792634645196983, 'sx_28': 59.99999999999999, 'x_27': 59.99999999999999, 'ecr_28_29': 660.0, 'ecr_28_35': 660.0, 'x_28': 59.99999999999999, 'x_26': 59.99999999999999, 'x_40': 59.99999999999999, 'x_35': 59.99999999999999, 'rz_35': 86.67744221356567, 'sx_35': 59.99999999999999, 'measure_4': 1400.0}","{'4': 0.06166666666666665, '6': 0.006399999999999961, '7': 0.008499999999999952, '8': 0.4084, '15': 0.008299999999999974, '16': 0.4387, '17': 0.0343, '18': 0.00539999999999996, '19': 0.009000000000000008, '20': 0.03300000000000003, '21': 0.017800000000000038, '22': 0.07430000000000003, '23': 0.007000000000000006, '24': 0.005800000000000027, '25': 0.0036000000000000476, '26': 0.010199999999999987, '27': 0.011700000000000044, '28': 0.0050000000000000044, '29': 0.007800000000000029, '30': 0.06320000000000003, '31': 0.010000000000000009, '32': 0.008199999999999985, '33': 0.008333333333333304, '34': 0.02970000000000006, '35': 0.023800000000000043, '36': 0.013800000000000034, '37': 0.014799999999999924, '38': 0.044499999999999984, '39': 0.08000000000000007, '40': 0.006699999999999928, '41': 0.041100000000000025, '42': 0.006000000000000005, '43': 0.017800000000000038, '44': 0.010199999999999987, '45': 0.03210000000000002, '46': 0.15569999999999995, '47': 0.009600000000000053, '48': 0.02429999999999999, '49': 0.008299999999999974, '50': 0.010399999999999965, '51': 0.04380000000000006, '52': 0.014599999999999946, '53': 0.009199999999999986, '54': 0.015199999999999991, '55': 0.011399999999999966, '56': 0.024399999999999977, '57': 0.007600000000000051, '58': 0.10629999999999995, '59': 0.019400000000000084, '60': 0.03400000000000003, '61': 0.30499999999999994, '62': 0.01419999999999999, '63': 0.0049000000000000155, '64': 0.005600000000000049, '65': 0.019000000000000017, '66': 0.05049999999999999, '67': 0.05370000000000008, '68': 0.0645, '69': 0.006800000000000028, '70': 0.08860000000000001, '71': 0.032299999999999995, '72': 0.057699999999999974, '73': 0.007400000000000073, '75': 0.028100000000000014, '76': 0.01639999999999997, '77': 0.19379999999999997, '78': 0.027800000000000047, '79': 0.02190000000000003, '80': 0.09570000000000001, '81': 0.13119999999999998, '82': 0.010199999999999987, '83': 0.005299999999999971, '84': 0.014599999999999946, '85': 0.015000000000000013, '86': 0.04489999999999994, '87': 0.046699999999999964, '88': 0.008099999999999996, '89': 0.12680000000000002, '90': 0.018900000000000028, '91': 0.07840000000000003, '92': 0.017000000000000015, '93': 0.04410000000000003, '94': 0.009800000000000031, '97': 0.010099999999999998, '98': 0.009700000000000042, '99': 0.021099999999999897, '100': 0.07600000000000007, '101': 0.010499999999999954, '102': 0.016000000000000014, '103': 0.009700000000000042, '104': 0.04469999999999996, '105': 0.06170000000000009, '106': 0.20189999999999997, '107': 0.026499999999999968, '108': 0.015499999999999958, '110': 0.053199999999999914, '111': 0.03689999999999993, '112': 0.012899999999999912, '118': 0.07450000000000001, '119': 0.006900000000000017, '122': 0.026799999999999935}"
3,quebec,127,11362,"{'rz_4': 0.0012155434652679294, 'sx_4': 8.859577714871132e-05, 'rz_5': 0.0016076866731593719, 'sx_5': 0.0001826627328497171, 'rz_8': 0.003472603742517569, 'sx_8': 0.00014137992334417156, 'rz_9': 0.0026271243649614476, 'sx_9': 0.00026846754860579023, 'rz_15': 0.0018797242766186314, 'sx_15': 0.013784271863143328, 'rz_16': 0.0037163580993721792, 'sx_16': 0.00016813493719051428, 'ecr_8_16': 0.004867978356222685, 'x_16': 0.00016813493719051428, 'ecr_9_8': 0.004972801228309398, 'rz_18': 0.0028874121477164426, 'sx_18': 0.00018103354043555808, 'rz_19': 0.0020287342355012243, 'sx_19': 0.00020590619868459528, 'rz_20': 0.0034232175987108098, 'rz_21': 0.0002803256178376303, 'sx_21': 0.00011602658581243531, 'rz_22': 0.003810653814201568, 'sx_22': 0.0001459741936865149, 'rz_23': 0.0029625893458509966, 'sx_23': 0.0002792024794411828, 'rz_24': 0.0013250927662162657, 'sx_24': 0.002837486164908274, 'rz_25': 0.00342331210401045, 'sx_25': 0.00017002109293143232, 'rz_26': 0.0007188854671350267, 'sx_26': 0.00020201239323797262, 'ecr_26_25': 0.007160233318530634, 'rz_27': 0.0027124117258146324, 'sx_27': 0.00013601873714362515, 'rz_28': 0.0007100812542433064, 'sx_28': 0.0005881521350660325, 'rz_29': 0.0015429165242299642, 'sx_29': 0.00014567346252345595, 'rz_30': 0.004975782301704991, 'sx_30': 0.00011347483942222916, 'rz_31': 0.0007186466543499713, 'sx_31': 0.0006185593358793935, 'rz_32': 0.004157078710528833, 'sx_32': 0.0002982174881558551, 'rz_33': 0.0035702884502055968, 'rz_34': 0.00351542884235379, 'sx_34': 0.00020360751152420688, 'ecr_34_24': 0.01669007547766954, 'x_34': 0.00020360751152420688, 'x_24': 0.002837486164908274, 'ecr_25_24': 0.01811011007759411, 'ecr_24_23': 0.011716643950807626, 'ecr_16_26': 0.0055732690112063055, 'x_26': 0.00020201239323797262, 'ecr_26_27': 0.006193231803400534, 'ecr_28_27': 0.0114722487282857, 'x_27': 0.00013601873714362515, 'x_8': 0.00014137992334417156, 'rz_35': 0.0038971753400849547, 'sx_35': 0.0003807150717269049, 'ecr_28_35': 0.020831490749075365, 'x_28': 0.0005881521350660325, 'ecr_29_28': 0.012238087882015747, 'x_29': 0.00014567346252345595, 'ecr_30_29': 0.005090214730105125, 'x_25': 0.00017002109293143232, 'x_23': 0.0002792024794411828, 'ecr_23_22': 0.00495880906973728, 'x_22': 0.0001459741936865149, 'ecr_22_15': 0.18108032145342276, 'x_35': 0.0003807150717269049, 'ecr_4_15': 0.30675071861687725, 'x_15': 0.013784271863143328, 'x_4': 8.859577714871132e-05, 'ecr_5_4': 0.004079665290341816, 'ecr_21_22': 0.0034499272240053336, 'ecr_21_20': 0.004912480579948336, 'sx_20': 0.00019751480204787243, 'ecr_19_20': 0.00363216332245328, 'ecr_19_18': 0.00381148436591508, 'ecr_20_33': 0.0066879573082587185, 'sx_33': 0.00031789203351541555, 'rz_36': 0.0012858687137956867, 'sx_36': 0.00037505726108583496, 'rz_37': 0.004066186177615996, 'sx_37': 0.00012090138791122799, 'rz_38': 0.003558390983206492, 'sx_38': 0.00025585617579842166, 'rz_39': 0.003941721417665692, 'sx_39': 0.00014184272047992162, 'ecr_39_33': 0.006402675038518546, 'x_20': 0.00019751480204787243, 'ecr_38_39': 0.004312009003892531, 'ecr_38_37': 0.003907246577803253, 'x_39': 0.00014184272047992162, 'rz_40': 0.003268509529764893, 'sx_40': 0.00017772827063284726, 'ecr_39_40': 0.00492602770749348, 'x_40': 0.00017772827063284726, 'rz_41': 0.0025953353877187233, 'sx_41': 0.00013663876955428625, 'ecr_40_41': 0.004231179278713859, 'rz_42': 0.0018548938192375184, 'sx_42': 0.0004343670878366889, 'rz_43': 0.002496895814711333, 'sx_43': 0.00021324935642992062, 'rz_44': 0.002308804680280768, 'sx_44': 0.0007236723352583269, 'ecr_43_44': 0.00595424937256997, 'rz_45': 0.0018610203786877646, 'sx_45': 0.0002551749970495202, 'rz_46': 0.0006859619551643628, 'sx_46': 0.0001694096134734232, 'rz_47': 0.0031144289942816017, 'sx_47': 0.00021038731221089868, 'rz_48': 0.003047997219388006, 'sx_48': 0.00012379694399308934, 'rz_49': 0.0018523319547536826, 'sx_49': 0.0002937563507864488, 'rz_50': 0.0034544646039009388, 'sx_50': 0.0003412783777410498, 'rz_51': 0.0023631744012195506, 'sx_51': 0.00025769493964674354, 'rz_52': 0.00162236557968332, 'sx_52': 0.0001207542635214553, 'rz_53': 0.0041559197983900295, 'sx_53': 0.0001549825619647412, 'ecr_53_41': 0.005811581263858667, 'rz_54': 0.0021381812516901365, 'sx_54': 0.00013044567127926815, 'ecr_54_45': 0.005080694628076476, 'x_54': 0.00013044567127926815, 'ecr_46_45': 0.006005951479492205, 'rz_55': 0.0008240478079212789, 'sx_55': 0.0006619623753462429, 'rz_56': 0.0044417929352223015, 'sx_56': 0.00018577650789278685, 'ecr_52_56': 0.004159657421663493, 'ecr_52_37': 0.004473808767323756, 'rz_57': 0.0016869404636826505, 'sx_57': 0.0001329723480474706, 'rz_58': 0.0032869816992718726, 'sx_58': 0.00021279842540636583, 'rz_59': 0.004336956082279044, 'sx_59': 0.0002553980122670544, 'ecr_58_59': 0.009142551979122227, 'x_59': 0.0002553980122670544, 'rz_60': 0.0046669928124468355, 'sx_60': 0.0004071887183321722, 'ecr_53_60': 0.008066283113448397, 'x_60': 0.0004071887183321722, 'rz_61': 0.0022425728770148743, 'sx_61': 0.0002720904093752064, 'ecr_60_61': 0.016896990469424417, 'ecr_59_60': 0.008005281321875557, 'rz_62': 0.00421066224880264, 'sx_62': 0.00021068461240944365, 'ecr_62_61': 0.009489589062896514, 'x_61': 0.0002720904093752064, 'rz_63': 0.0020947088617847935, 'sx_63': 0.0001761044646542821, 'ecr_62_63': 0.008685792651112578, 'rz_64': 0.0038677549824691617, 'sx_64': 0.0028949975272144135, 'rz_65': 0.003830057460182887, 'sx_65': 0.0001683180061815425, 'rz_66': 0.003171830804020053, 'sx_66': 0.0007569681452227754, 'ecr_65_66': 0.0257635390027878, 'rz_67': 0.0013109130665345404, 'sx_67': 0.00022489856039606762, 'rz_68': 0.004383325969783543, 'sx_68': 0.0002282911848005618, 'rz_69': 0.0020081924472491715, 'sx_69': 0.00017096094868908267, 'rz_70': 0.004214055749352489, 'sx_70': 0.0002163934908230255, 'ecr_70_69': 0.007752396141513851, 'rz_71': 0.002959066586063647, 'rz_72': 0.004181336594900608, 'sx_72': 0.0002537046043972751, 'ecr_62_72': 0.006486244230600985, 'x_41': 0.00013663876955428625, 'ecr_41_42': 0.004539583185228652, 'ecr_43_42': 0.007661271839836087, 'x_53': 0.0001549825619647412, 'x_43': 0.00021324935642992062, 'ecr_34_43': 0.006131934983500009, 'x_44': 0.0007236723352583269, 'ecr_71_58': 0.004275393248293291, 'sx_71': 9.469477301182256e-05, 'ecr_58_57': 0.004847099178617309, 'x_57': 0.0001329723480474706, 'ecr_57_56': 0.009235963843996914, 'rz_73': 0.004543528447024121, 'sx_73': 0.0002502694489087992, 'ecr_66_73': 0.02951693475977296, 'rz_74': 0.0015791807558317612, 'sx_74': 0.0001294710164305014, 'rz_75': 0.0006068126735397122, 'sx_75': 0.00014631866100015957, 'rz_76': 0.0030620542498996086, 'sx_76': 0.00015735094541028093, 'ecr_75_76': 0.0037141669134348743, 'x_76': 0.00015735094541028093, 'rz_77': 0.004797529699511428, 'sx_77': 0.00015557899141845934, 'ecr_71_77': 0.0051753170527013, 'x_71': 9.469477301182256e-05, 'rz_78': 0.00024416298795326225, 'sx_78': 0.0001686237848688063, 'rz_79': 0.002984596914831698, 'sx_79': 0.0004684394367078882, 'rz_80': 0.002548407194697279, 'sx_80': 0.00016168065747645843, 'rz_81': 0.0024475869919484824, 'sx_81': 0.00010904899604011125, 'ecr_80_81': 0.004310088444813481, 'ecr_80_79': 0.00911370701762343, 'x_79': 0.0004684394367078882, 'ecr_79_78': 0.015281105775943965, 'ecr_77_78': 0.005215428243397796, 'x_58': 0.00021279842540636583, 'x_77': 0.00015557899141845934, 'ecr_76_77': 0.0037266671194772227, 'rz_82': 0.0020042972577158035, 'sx_82': 0.0002591656122439765, 'rz_83': 0.0036446870512098157, 'sx_83': 0.0003450647682579848, 'rz_84': 0.004746119625621325, 'sx_84': 0.00019984258695429093, 'rz_85': 0.0025995558204822346, 'sx_85': 0.0004904998516527252, 'ecr_85_73': 0.01694351254277579, 'ecr_85_84': 0.008478170090937653, 'rz_86': 0.0016191248612849565, 'sx_86': 0.00029002449733656565, 'rz_87': 0.004352681642069352, 'sx_87': 0.0002335190454142752, 'rz_88': 0.004264979409806762, 'sx_88': 0.0003629799534260751, 'ecr_87_88': 0.014796672284071666, 'rz_89': 0.0011034135625931508, 'sx_89': 0.0002357123958478385, 'ecr_89_88': 0.006607753929470744, 'rz_90': 0.00245005681235818, 'sx_90': 0.00023505821067803636, 'ecr_90_75': 0.0038437978205147216, 'x_75': 0.00014631866100015957, 'x_90': 0.00023505821067803636, 'rz_91': 0.0024443310779182644, 'sx_91': 0.00017304407692563504, 'rz_92': 0.00011100284137131975, 'sx_92': 0.00011830268876537712, 'rz_93': 0.0005907094878052769, 'sx_93': 0.00019301722725851867, 'rz_94': 0.0022908348108921827, 'sx_94': 0.00018534107122072756, 'ecr_94_90': 0.004672286049944185, 'ecr_91_79': 0.01191939592416838, 'x_81': 0.00010904899604011125, 'ecr_81_72': 0.004959138691838255, 'ecr_64_63': 0.022252797496116916, 'ecr_54_64': 0.028879614940366893, 'ecr_44_45': 0.010987552382872162, 'x_63': 0.0001761044646542821, 'x_64': 0.0028949975272144135, 'x_46': 0.0001694096134734232, 'ecr_65_64': 0.03069153985344253, 'x_66': 0.0007569681452227754, 'x_65': 0.0001683180061815425, 'ecr_82_81': 0.005594422455135223, 'ecr_82_83': 0.017491630313018314, 'x_83': 0.0003450647682579848, 'ecr_92_83': 0.02239850417841238, 'ecr_83_84': 0.007618035737005813, 'rz_96': 0.002245914695592929, 'sx_96': 0.0001898229362147939, 'rz_97': 0.004816706194152758, 'sx_97': 0.00017399411313731957, 'ecr_97_96': 0.004280738514450044, 'rz_98': 0.004458344061735288, 'sx_98': 0.0002990127896937651, 'ecr_97_98': 0.008672886247595962, 'x_98': 0.0002990127896937651, 'rz_99': 0.0027243097340286303, 'sx_99': 0.0005155706501377758, 'ecr_98_99': 0.009926026467474203, 'rz_100': 0.004179236402602589, 'sx_100': 0.0002476318274608199, 'rz_101': 0.001306985644424044, 'sx_101': 0.0003388419910960748, 'rz_102': 0.0014097030331860448, 'sx_102': 0.00018720691831558117, 'ecr_102_92': 0.0037491815387020455, 'x_92': 0.00011830268876537712, 'x_102': 0.00018720691831558117, 'ecr_101_102': 0.016698963665207123, 'rz_103': 0.0020771495746757544, 'sx_103': 0.00016976418940667606, 'rz_104': 0.004577709593310153, 'sx_104': 0.000406749223778038, 'rz_105': 0.0003994857119284118, 'sx_105': 0.0001378333768885918, 'rz_106': 0.0029048427382708355, 'sx_106': 0.00035483155745765323, 'rz_107': 0.0001697792629430826, 'sx_107': 0.0002372595143146008, 'rz_110': 0.0006799411676190828, 'sx_110': 0.000276804208538222, 'ecr_100_110': 0.012620399455192527, 'x_100': 0.0002476318274608199, 'ecr_101_100': 0.004044628767611996, 'ecr_100_99': 0.012104953709684257, 'x_101': 0.0003388419910960748, 'rz_111': 0.004427932476157336, 'sx_111': 0.00025922167793770626, 'rz_117': 0.0013358673933357662, 'sx_117': 0.001226541240930002, 'rz_118': 0.001904877967776347, 'sx_118': 0.0002505778884129483, 'ecr_110_118': 0.008181959959451757, 'x_110': 0.000276804208538222, 'x_118': 0.0002505778884129483, 'rz_119': 0.0025931163482330304, 'sx_119': 0.00013871026409432711, 'ecr_118_119': 0.0083885649611313, 'ecr_118_117': 0.031227784744919884, 'ecr_103_102': 0.008665182902565238, 'ecr_103_104': 0.012381485201686665, 'x_103': 0.00016976418940667606, 'x_104': 0.000406749223778038, 'ecr_104_105': 0.008453843831828928, 'ecr_106_105': 0.008185661073873723, 'x_105': 0.0001378333768885918, 'ecr_106_107': 0.012521965022049025, 'x_106': 0.00035483155745765323, 'ecr_106_93': 0.005816578656153343, 'ecr_87_93': 0.006864048641940262, 'x_87': 0.0002335190454142752, 'ecr_86_87': 0.011128520876316689, 'ecr_91_98': 0.007364481717873211, 'rz_120': 0.0022747160113069835, 'sx_120': 0.2036845193887384, 'ecr_120_119': 1, 'x_119': 0.00013871026409432711, 'x_120': 0.2036845193887384, 'rz_121': 0.0021046337906832366, 'sx_121': 0.0002066139900228978, 'rz_122': 0.0007768079457729412, 'sx_122': 0.00020315201825160995, 'rz_123': 0.0017978976935226693, 'sx_123': 0.00021703983556260249, 'ecr_123_122': 0.00626104880103856, 'ecr_122_111': 0.00560849434822025, 'ecr_111_104': 0.009625893472654579, 'x_122': 0.00020315201825160995, 'ecr_66_67': 0.011455834356893124, 'ecr_68_67': 0.007104384129880514, 'x_67': 0.00022489856039606762, 'ecr_69_68': 0.0063935764210594215, 'x_68': 0.0002282911848005618, 'ecr_70_74': 0.018071956439965592, 'ecr_55_68': 0.019186280733108546, 'ecr_55_49': 0.03541240349740052, 'ecr_50_49': 0.011433908140333765, 'ecr_51_50': 0.006648213509926643, 'x_50': 0.0003412783777410498, 'x_55': 0.0006619623753462429, 'x_49': 0.0002937563507864488, 'ecr_48_49': 0.0075301136232149846, 'ecr_48_47': 0.005408079501767221, 'ecr_51_36': 0.007751850952113004, 'ecr_36_32': 0.007473363280077333, 'ecr_31_32': 0.00796127518627357, 'x_51': 0.00025769493964674354, 'x_32': 0.0002982174881558551, 'x_36': 0.00037505726108583496, 'x_48': 0.00012379694399308934, 'x_47': 0.00021038731221089868, 'x_69': 0.00017096094868908267, 'x_74': 0.0001294710164305014, 'x_70': 0.0002163934908230255, 'x_62': 0.00021068461240944365, 'ecr_47_46': 0.004167850413120483, 'x_111': 0.00025922167793770626, 'x_72': 0.0002537046043972751, 'x_82': 0.0002591656122439765, 'x_89': 0.0002357123958478385, 'x_86': 0.00029002449733656565, 'ecr_85_86': 0.014757398183305487, 'ecr_122_121': 0.007049427774401401, 'x_85': 0.0004904998516527252, 'ecr_121_120': 1, 'x_121': 0.0002066139900228978, 'x_80': 0.00016168065747645843, 'x_84': 0.00019984258695429093, 'ecr_35_47': 0.01859041784888915, 'x_73': 0.0002502694489087992, 'measure_68': 0.013299999999999979, 'measure_67': 0.014399999999999968, 'measure_55': 0.028999999999999915, 'measure_66': 0.0534, 'measure_50': 0.32489999999999997, 'measure_49': 0.26, 'measure_36': 0.011099999999999999, 'measure_32': 0.010199999999999987, 'measure_51': 0.01089999999999991, 'measure_85': 0.010700000000000043, 'measure_73': 0.013800000000000034, 'measure_84': 0.013700000000000045, 'measure_82': 0.007800000000000029, 'measure_81': 0.021700000000000053, 'measure_72': 0.010700000000000043, 'measure_62': 0.006700000000000039, 'measure_83': 0.03380000000000005, 'measure_61': 0.009000000000000008, 'measure_80': 0.009500000000000064, 'measure_60': 0.039000000000000035, 'measure_63': 0.006900000000000017, 'measure_53': 0.02180000000000004, 'measure_59': 0.04279999999999995, 'measure_41': 0.005600000000000049, 'measure_43': 0.012899999999999912, 'measure_34': 0.06240000000000001, 'measure_24': 0.026499999999999968, 'measure_45': 0.013900000000000023, 'measure_25': 0.004899999999999904, 'measure_8': 0.011200000000000099, 'measure_29': 0.009700000000000042, 'measure_30': 0.007500000000000062, 'measure_26': 0.005299999999999971, 'measure_16': 0.014999999999999902, 'measure_23': 0.046699999999999964, 'measure_71': 0.3098000000000001, 'measure_79': 0.011300000000000088, 'measure_78': 0.017100000000000004, 'measure_77': 0.05800000000000005, 'measure_40': 0.008199999999999985, 'measure_39': 0.012599999999999945, 'measure_42': 0.02499999999999991, 'measure_33': 0.06610000000000005, 'measure_38': 0.06929999999999992, 'measure_20': 0.028299999999999992, 'measure_21': 0.013600000000000056, 'measure_37': 0.07840000000000003, 'measure_15': 0.4373, 'measure_4': 0.010800000000000032, 'measure_58': 0.02540000000000009, 'measure_44': 0.13650000000000007, 'measure_70': 0.010499999999999954, 'measure_74': 0.01990000000000003, 'measure_76': 0.008499999999999952, 'measure_9': 0.006299999999999972, 'measure_22': 0.025700000000000056, 'measure_18': 0.008299999999999974, 'measure_5': 0.05579999999999996, 'measure_57': 0.014800000000000035, 'measure_56': 0.010000000000000009, 'measure_75': 0.008299999999999974, 'measure_69': 0.12119999999999997, 'measure_65': 0.013800000000000034, 'measure_92': 0.0121, 'measure_91': 0.0047999999999999154, 'measure_102': 0.007800000000000029, 'measure_103': 0.010699999999999932, 'measure_90': 0.007400000000000073, 'measure_48': 0.006199999999999983, 'measure_19': 0.0030000000000000027, 'measure_64': 0.009399999999999964, 'measure_94': 0.012499999999999956, 'measure_54': 0.027000000000000024, 'measure_35': 0.15159999999999996, 'measure_47': 0.06279999999999997, 'measure_46': 0.005400000000000071, 'measure_98': 0.0036000000000000476, 'measure_86': 0.012399999999999967, 'measure_100': 0.01869999999999994, 'measure_87': 0.031300000000000106, 'measure_101': 0.007900000000000018, 'measure_99': 0.022699999999999942, 'measure_97': 0.006900000000000017, 'measure_28': 0.07040000000000002, 'measure_118': 0.00880000000000003, 'measure_119': 0.0047999999999999154, 'measure_121': 0.012199999999999989, 'measure_117': 0.012199999999999989, 'measure_105': 0.0037000000000000366, 'measure_110': 0.008099999999999996, 'measure_88': 0.009800000000000031, 'measure_89': 0.009199999999999986, 'measure_107': 0.04249999999999998, 'measure_106': 0.017199999999999993, 'measure_96': 0.00770000000000004, 'measure_104': 0.011600000000000055, 'measure_93': 0.021199999999999997, 'measure_27': 0.0019000000000000128, 'measure_111': 0.013600000000000056, 'measure_123': 0.1341, 'measure_31': 0.009099999999999997}","{'rz_24': 76.05921243693929, 'sx_24': 60.444444444444436, 'ecr_34_24': 593.7777777777777, 'rz_34': 72.832563232555, 'sx_34': 60.444444444444436, 'x_24': 60.444444444444436, 'ecr_25_24': 593.7777777777777, 'ecr_24_23': 593.7777777777777, 'rz_25': 92.38829897086359, 'sx_25': 60.444444444444436, 'ecr_26_25': 593.7777777777777, 'rz_26': 82.63443991924917, 'sx_26': 60.444444444444436, 'ecr_16_26': 593.7777777777777, 'x_26': 60.444444444444436, 'ecr_26_27': 593.7777777777777, 'rz_27': 71.36419248919526, 'sx_27': 60.444444444444436, 'ecr_28_27': 593.7777777777777, 'rz_28': 58.3164273675802, 'sx_28': 60.444444444444436, 'ecr_28_35': 593.7777777777777, 'rz_16': 20.212390111606783, 'sx_16': 60.444444444444436, 'ecr_8_16': 593.7777777777777, 'rz_8': 69.51618665596715, 'sx_8': 60.444444444444436, 'x_25': 60.444444444444436, 'x_23': 60.444444444444436, 'rz_23': 24.94389702430182, 'ecr_23_22': 593.7777777777777, 'sx_23': 60.444444444444436, 'x_22': 60.444444444444436, 'rz_22': 83.64532391281996, 'ecr_22_15': 593.7777777777777, 'rz_15': 65.61552014653088, 'sx_15': 60.444444444444436, 'ecr_4_15': 593.7777777777777, 'rz_4': 68.37392341811918, 'sx_4': 60.444444444444436, 'x_4': 60.444444444444436, 'ecr_5_4': 593.7777777777777, 'rz_5': 79.79916865953233, 'sx_5': 60.444444444444436, 'sx_22': 60.444444444444436, 'ecr_21_22': 593.7777777777777, 'rz_21': 33.12025762037952, 'sx_21': 60.444444444444436, 'ecr_21_20': 593.7777777777777, 'rz_20': 26.811594133594085, 'sx_20': 60.444444444444436, 'ecr_19_20': 593.7777777777777, 'ecr_20_33': 593.7777777777777, 'rz_33': 20.952259201998963, 'sx_33': 60.444444444444436, 'rz_19': 72.01214784751147, 'sx_19': 60.444444444444436, 'x_20': 60.444444444444436, 'ecr_39_33': 593.7777777777777, 'x_39': 60.444444444444436, 'rz_39': 63.01399473216913, 'ecr_38_39': 593.7777777777777, 'sx_39': 60.444444444444436, 'ecr_39_40': 593.7777777777777, 'x_40': 60.444444444444436, 'rz_40': 22.77963692834836, 'ecr_40_41': 593.7777777777777, 'sx_40': 60.444444444444436, 'rz_41': 41.058140380760904, 'sx_41': 60.444444444444436, 'ecr_53_41': 593.7777777777777, 'rz_53': 89.27385526156382, 'sx_53': 60.444444444444436, 'ecr_53_60': 593.7777777777777, 'x_60': 60.444444444444436, 'rz_60': 47.41689586114766, 'ecr_60_61': 593.7777777777777, 'rz_61': 80.59919857940413, 'sx_61': 60.444444444444436, 'ecr_62_61': 593.7777777777777, 'rz_62': 32.19901541353525, 'sx_62': 60.444444444444436, 'ecr_62_63': 593.7777777777777, 'ecr_62_72': 593.7777777777777, 'ecr_59_60': 593.7777777777777, 'sx_60': 60.444444444444436, 'x_53': 60.444444444444436, 'rz_59': 62.00285165130959, 'sx_59': 60.444444444444436, 'x_59': 60.444444444444436, 'ecr_58_59': 593.7777777777777, 'rz_58': 54.99536484290676, 'sx_58': 60.444444444444436, 'ecr_71_58': 593.7777777777777, 'rz_71': 46.43584827088208, 'sx_71': 60.444444444444436, 'ecr_71_77': 593.7777777777777, 'rz_77': 94.03795332424443, 'ecr_77_78': 593.7777777777777, 'rz_78': 82.1328326348625, 'sx_78': 60.444444444444436, 'sx_77': 60.444444444444436, 'x_58': 60.444444444444436, 'ecr_58_57': 593.7777777777777, 'x_71': 60.444444444444436, 'x_77': 60.444444444444436, 'ecr_76_77': 593.7777777777777, 'rz_76': 49.58984547239876, 'sx_76': 60.444444444444436, 'ecr_75_76': 593.7777777777777, 'rz_75': 94.88315923113437, 'sx_75': 60.444444444444436, 'x_75': 60.444444444444436, 'ecr_90_75': 593.7777777777777, 'rz_90': 44.05017459380342, 'sx_90': 60.444444444444436, 'x_90': 60.444444444444436, 'ecr_94_90': 593.7777777777777, 'rz_94': 12.718596883057032, 'sx_94': 60.444444444444436, 'ecr_79_78': 593.7777777777777, 'rz_79': 66.52079878663746, 'sx_79': 60.444444444444436, 'ecr_91_79': 593.7777777777777, 'ecr_80_79': 593.7777777777777, 'rz_80': 22.85971933447984, 'sx_80': 60.444444444444436, 'ecr_80_81': 593.7777777777777, 'x_81': 60.444444444444436, 'rz_81': 49.12156496682803, 'ecr_81_72': 593.7777777777777, 'sx_81': 60.444444444444436, 'rz_72': 81.35360658757462, 'sx_72': 60.444444444444436, 'rz_63': 76.54555472311993, 'sx_63': 60.444444444444436, 'ecr_64_63': 593.7777777777777, 'rz_64': 17.962574253294488, 'sx_64': 60.444444444444436, 'ecr_54_64': 593.7777777777777, 'rz_54': 70.18208904671374, 'sx_54': 60.444444444444436, 'ecr_54_45': 593.7777777777777, 'ecr_82_81': 593.7777777777777, 'rz_82': 56.99054339544291, 'sx_82': 60.444444444444436, 'ecr_82_83': 593.7777777777777, 'rz_83': 50.531889838431276, 'sx_83': 60.444444444444436, 'x_83': 60.444444444444436, 'ecr_83_84': 593.7777777777777, 'rz_84': 76.30472150173067, 'sx_84': 60.444444444444436, 'ecr_85_84': 593.7777777777777, 'rz_85': 33.64072792782605, 'sx_85': 60.444444444444436, 'ecr_85_73': 593.7777777777777, 'ecr_92_83': 593.7777777777777, 'rz_92': 89.84281171293604, 'sx_92': 60.444444444444436, 'ecr_102_92': 593.7777777777777, 'rz_102': 13.996503589576228, 'sx_102': 60.444444444444436, 'x_102': 60.444444444444436, 'ecr_101_102': 593.7777777777777, 'rz_101': 68.19615696788489, 'sx_101': 60.444444444444436, 'ecr_101_100': 593.7777777777777, 'rz_100': 32.35461802819053, 'sx_100': 60.444444444444436, 'ecr_100_99': 593.7777777777777, 'x_100': 60.444444444444436, 'ecr_100_110': 593.7777777777777, 'x_110': 60.444444444444436, 'rz_110': 85.10788642900104, 'ecr_110_118': 593.7777777777777, 'sx_110': 60.444444444444436, 'x_101': 60.444444444444436, 'ecr_103_102': 593.7777777777777, 'rz_103': 38.61641873657031, 'sx_103': 60.444444444444436, 'ecr_103_104': 593.7777777777777, 'x_104': 60.444444444444436, 'rz_104': 73.46016552555001, 'ecr_104_105': 593.7777777777777, 'sx_104': 60.444444444444436, 'rz_105': 78.3380337188668, 'sx_105': 60.444444444444436, 'ecr_106_105': 593.7777777777777, 'rz_106': 45.93688579084541, 'sx_106': 60.444444444444436, 'ecr_106_107': 593.7777777777777, 'rz_107': 65.09672584381639, 'sx_107': 60.444444444444436, 'x_106': 60.444444444444436, 'ecr_106_93': 593.7777777777777, 'rz_93': 39.80346306219264, 'sx_93': 60.444444444444436, 'ecr_87_93': 593.7777777777777, 'rz_87': 74.37372202203534, 'sx_87': 60.444444444444436, 'ecr_87_88': 593.7777777777777, 'x_87': 60.444444444444436, 'ecr_86_87': 593.7777777777777, 'rz_86': 87.24882088600333, 'sx_86': 60.444444444444436, 'ecr_111_104': 593.7777777777777, 'rz_111': 89.83813331164876, 'sx_111': 60.444444444444436, 'ecr_122_111': 593.7777777777777, 'rz_122': 69.32017924641019, 'sx_122': 60.444444444444436, 'rz_73': 78.9861474911508, 'sx_73': 60.444444444444436, 'ecr_66_73': 593.7777777777777, 'rz_66': 84.79494536743249, 'sx_66': 60.444444444444436, 'ecr_65_66': 593.7777777777777, 'rz_65': 49.28220139996145, 'sx_65': 60.444444444444436, 'ecr_65_64': 593.7777777777777, 'x_66': 60.444444444444436, 'ecr_66_67': 593.7777777777777, 'rz_67': 82.24619204498761, 'sx_67': 60.444444444444436, 'ecr_68_67': 593.7777777777777, 'rz_68': 62.90297927003145, 'sx_68': 60.444444444444436, 'ecr_69_68': 593.7777777777777, 'rz_69': 19.13438412322754, 'sx_69': 60.444444444444436, 'ecr_70_69': 593.7777777777777, 'rz_70': 44.6613514923699, 'sx_70': 60.444444444444436, 'ecr_70_74': 593.7777777777777, 'ecr_55_68': 593.7777777777777, 'rz_55': 53.64704753543129, 'sx_55': 60.444444444444436, 'x_68': 60.444444444444436, 'ecr_55_49': 593.7777777777777, 'rz_49': 23.839288034121907, 'sx_49': 60.444444444444436, 'x_49': 60.444444444444436, 'ecr_48_49': 593.7777777777777, 'rz_48': 49.6641078957262, 'sx_48': 60.444444444444436, 'ecr_48_47': 593.7777777777777, 'ecr_50_49': 593.7777777777777, 'rz_50': 87.1091905205264, 'sx_50': 60.444444444444436, 'ecr_51_50': 593.7777777777777, 'rz_51': 74.36761255108489, 'ecr_51_36': 593.7777777777777, 'sx_51': 60.444444444444436, 'sx_36': 60.444444444444436, 'ecr_36_32': 593.7777777777777, 'rz_36': 43.23889953591143, 'x_51': 60.444444444444436, 'x_50': 60.444444444444436, 'x_55': 60.444444444444436, 'x_69': 60.444444444444436, 'x_67': 60.444444444444436, 'rz_47': 39.381605089758274, 'sx_47': 60.444444444444436, 'x_48': 60.444444444444436, 'ecr_47_46': 593.7777777777777, 'x_46': 60.444444444444436, 'rz_46': 91.68721488759472, 'ecr_46_45': 593.7777777777777, 'sx_46': 60.444444444444436, 'rz_45': 77.36990529900682, 'sx_45': 60.444444444444436, 'x_64': 60.444444444444436, 'x_65': 60.444444444444436, 'rz_32': 37.96255778893311, 'sx_32': 60.444444444444436, 'x_36': 60.444444444444436, 'ecr_85_86': 593.7777777777777, 'x_85': 60.444444444444436, 'x_92': 60.444444444444436, 'x_47': 60.444444444444436, 'x_73': 60.444444444444436, 'measure_31': 835.5555555555555}","{'4': 0.010800000000000032, '5': 0.05579999999999996, '8': 0.011200000000000099, '9': 0.006299999999999972, '15': 0.4373, '16': 0.014999999999999902, '18': 0.008299999999999974, '19': 0.0030000000000000027, '20': 0.028299999999999992, '21': 0.013600000000000056, '22': 0.025700000000000056, '23': 0.046699999999999964, '24': 0.026499999999999968, '25': 0.004899999999999904, '26': 0.005299999999999971, '27': 0.0019000000000000128, '28': 0.07040000000000002, '29': 0.009700000000000042, '30': 0.007500000000000062, '31': 0.009099999999999997, '32': 0.010199999999999987, '33': 0.06610000000000005, '34': 0.06240000000000001, '35': 0.15159999999999996, '36': 0.011099999999999999, '37': 0.07840000000000003, '38': 0.06929999999999992, '39': 0.012599999999999945, '40': 0.008199999999999985, '41': 0.005600000000000049, '42': 0.02499999999999991, '43': 0.012899999999999912, '44': 0.13650000000000007, '45': 0.013900000000000023, '46': 0.005400000000000071, '47': 0.06279999999999997, '48': 0.006199999999999983, '49': 0.26, '50': 0.32489999999999997, '51': 0.01089999999999991, '53': 0.02180000000000004, '54': 0.027000000000000024, '55': 0.028999999999999915, '56': 0.010000000000000009, '57': 0.014800000000000035, '58': 0.02540000000000009, '59': 0.04279999999999995, '60': 0.039000000000000035, '61': 0.009000000000000008, '62': 0.006700000000000039, '63': 0.006900000000000017, '64': 0.009399999999999964, '65': 0.013800000000000034, '66': 0.0534, '67': 0.014399999999999968, '68': 0.013299999999999979, '69': 0.12119999999999997, '70': 0.010499999999999954, '71': 0.3098000000000001, '72': 0.010700000000000043, '73': 0.013800000000000034, '74': 0.01990000000000003, '75': 0.008299999999999974, '76': 0.008499999999999952, '77': 0.05800000000000005, '78': 0.017100000000000004, '79': 0.011300000000000088, '80': 0.009500000000000064, '81': 0.021700000000000053, '82': 0.007800000000000029, '83': 0.03380000000000005, '84': 0.013700000000000045, '85': 0.010700000000000043, '86': 0.012399999999999967, '87': 0.031300000000000106, '88': 0.009800000000000031, '89': 0.009199999999999986, '90': 0.007400000000000073, '91': 0.0047999999999999154, '92': 0.0121, '93': 0.021199999999999997, '94': 0.012499999999999956, '96': 0.00770000000000004, '97': 0.006900000000000017, '98': 0.0036000000000000476, '99': 0.022699999999999942, '100': 0.01869999999999994, '101': 0.007900000000000018, '102': 0.007800000000000029, '103': 0.010699999999999932, '104': 0.011600000000000055, '105': 0.0037000000000000366, '106': 0.017199999999999993, '107': 0.04249999999999998, '110': 0.008099999999999996, '111': 0.013600000000000056, '117': 0.012199999999999989, '118': 0.00880000000000003, '119': 0.0047999999999999154, '121': 0.012199999999999989, '123': 0.1341}"
3,sherbrooke,127,9139,"{'rz_0': 0.0017025085255632099, 'sx_0': 0.0001593357976350863, 'rz_1': 0.004580611402756462, 'sx_1': 0.00010939725659113188, 'rz_2': 0.004019142339677476, 'sx_2': 0.0002790864552469293, 'rz_3': 0.003152929441771306, 'sx_3': 0.0002023180577900116, 'rz_4': 0.0030605064577240897, 'sx_4': 0.00013715738229674716, 'ecr_4_3': 0.00557272942499204, 'rz_5': 0.0038305965492364045, 'sx_5': 0.00016089224224683928, 'rz_6': 0.002018808881343053, 'sx_6': 0.00010714274513734707, 'rz_7': 0.0026560969191196477, 'sx_7': 0.002222438580026052, 'rz_8': 0.0018762218380307045, 'sx_8': 0.00017210780828481488, 'rz_14': 0.0003129644862933142, 'sx_14': 0.00046223313636438115, 'ecr_14_0': 0.0071767141516469735, 'ecr_1_0': 0.005822316907363928, 'rz_15': 0.0013730595382864504, 'sx_15': 0.0005458561130219916, 'ecr_4_15': 0.012223784427829731, 'rz_16': 0.00451433425634182, 'sx_16': 0.0002077958283551641, 'rz_18': 0.003780921592625744, 'sx_18': 0.0002239059438864381, 'rz_19': 0.004663052778517363, 'sx_19': 0.0009227154030461773, 'rz_20': 0.0016484841930469517, 'sx_20': 0.0006097378952307843, 'rz_21': 0.0006257831385463459, 'sx_21': 0.00043345754774804, 'rz_22': 0.0001410249167624875, 'sx_22': 0.0002202775746891235, 'rz_23': 0.003939902225902711, 'sx_23': 0.0002664937612768794, 'rz_24': 0.004221411110356943, 'sx_24': 0.00016171747805058157, 'ecr_23_24': 0.042996089705787194, 'rz_25': 0.0020110690774758876, 'sx_25': 0.00017016418789301662, 'rz_26': 0.003801938699143588, 'sx_26': 0.00014753975305264067, 'rz_27': 0.004737637205681964, 'sx_27': 0.00015207271807308093, 'rz_28': 0.0005852781915643292, 'sx_28': 0.00028897902661474326, 'rz_29': 0.002981633308786039, 'sx_29': 0.00021677323662329566, 'rz_30': 0.004978617145542997, 'sx_30': 0.00012907643938849073, 'rz_31': 0.0006390313281288907, 'sx_31': 0.0004755114976883224, 'rz_32': 0.003955379374970566, 'sx_32': 0.00018756594465096338, 'rz_33': 0.0025850984765902045, 'sx_33': 0.00016276775584465457, 'rz_34': 0.001522797518207582, 'sx_34': 0.00017501295008806643, 'ecr_34_24': 0.005437596170362491, 'x_34': 0.00017501295008806643, 'rz_35': 0.004555099806131493, 'sx_35': 0.00024184007727317603, 'rz_36': 0.000521081355854325, 'sx_36': 0.0006598979987859023, 'rz_37': 0.004774238379098214, 'sx_37': 0.0003850959542915666, 'rz_38': 0.0019488701402013572, 'sx_38': 0.00018271420737728695, 'rz_39': 0.0023536518874754586, 'sx_39': 0.0003084871608591723, 'ecr_33_39': 0.0038468883782274976, 'ecr_20_33': 0.011742348604193681, 'x_20': 0.0006097378952307843, 'ecr_21_20': 0.01625860864691009, 'ecr_38_39': 0.0053329818917337846, 'x_38': 0.00018271420737728695, 'ecr_37_38': 0.017686632272498726, 'x_37': 0.0003850959542915666, 'x_33': 0.00016276775584465457, 'ecr_19_20': 0.011492516477964898, 'x_19': 0.0009227154030461773, 'ecr_18_19': 0.015639918584492762, 'x_18': 0.0002239059438864381, 'ecr_14_18': 0.012157796867037662, 'rz_40': 0.004759710495100616, 'sx_40': 0.00018197866962387784, 'ecr_40_39': 0.003727257701658382, 'x_40': 0.00018197866962387784, 'rz_41': 0.0019020315437703892, 'sx_41': 0.0003146665631065838, 'ecr_41_40': 0.004485290856198254, 'ecr_21_22': 0.009741391190729254, 'ecr_23_22': 0.010984256575529094, 'rz_42': 0.0038125795593033983, 'sx_42': 0.00020884432513976748, 'rz_43': 0.004666217835216317, 'sx_43': 0.00014794280308028345, 'ecr_43_34': 0.009002641516279969, 'ecr_43_42': 0.00887934504885593, 'rz_44': 0.0009730876633021265, 'sx_44': 0.0004372776297704344, 'rz_45': 0.0036361041912980137, 'sx_45': 0.00020180421337637102, 'rz_46': 0.0020586664209622857, 'sx_46': 0.00019708944670720707, 'rz_47': 0.0037878325513371227, 'sx_47': 0.00018066411220918647, 'ecr_35_47': 0.00842225115106024, 'ecr_35_28': 0.008945038598952154, 'x_28': 0.00028897902661474326, 'ecr_28_27': 0.008716999123280111, 'ecr_26_27': 0.004710737620723687, 'ecr_26_25': 0.004197365277784054, 'ecr_29_28': 0.012152058186652437, 'ecr_47_46': 0.004937649852872594, 'rz_48': 0.002266904994714327, 'sx_48': 0.0007710666897020658, 'rz_49': 0.0021710325192711567, 'sx_49': 0.0004572303176937028, 'rz_50': 0.003475441239314512, 'sx_50': 0.00029635578244281767, 'rz_51': 0.0034196311241099326, 'sx_51': 0.00016098940681926304, 'ecr_36_51': 0.009498599219375375, 'ecr_32_36': 0.018648853525206677, 'x_32': 0.00018756594465096338, 'ecr_31_32': 0.005156237567886718, 'ecr_31_30': 0.009552731358149158, 'ecr_29_30': 0.00633388391485093, 'rz_52': 0.0017094777305538742, 'sx_52': 0.00038750350629177227, 'ecr_52_37': 0.012735216700600432, 'x_52': 0.00038750350629177227, 'rz_53': 0.0011021693935751053, 'sx_53': 0.0001139208696601878, 'ecr_41_53': 0.0040134958755506656, 'x_53': 0.0001139208696601878, 'rz_54': 0.00011846019264271434, 'sx_54': 0.00021248588620402392, 'rz_55': 0.0029005840450965293, 'sx_55': 0.00020250594726934571, 'rz_56': 0.0001244085939479919, 'sx_56': 0.0003251664806220331, 'ecr_56_52': 1, 'rz_57': 0.0015567668435995355, 'sx_57': 0.0008006004402291327, 'ecr_56_57': 1, 'x_57': 0.0008006004402291327, 'rz_58': 0.0018799910969542226, 'sx_58': 0.0004490613845493067, 'ecr_57_58': 0.028037262601923296, 'rz_59': 0.0019305926427101178, 'sx_59': 0.00019646580374097102, 'rz_60': 0.0026515336020072485, 'sx_60': 0.00022685163198226134, 'ecr_53_60': 0.006679740022321468, 'ecr_59_60': 0.008346963376680866, 'rz_61': 0.00044301147832590904, 'rz_62': 0.0005914651539786591, 'sx_62': 0.00011771791138274587, 'rz_63': 0.003226823456573049, 'sx_63': 0.006186606525047403, 'rz_64': 0.00022541707212723133, 'sx_64': 0.0005250583384000526, 'rz_65': 0.002390741368218551, 'sx_65': 0.0001204019373331323, 'rz_66': 0.0015404992425442974, 'sx_66': 0.00031676535898577345, 'rz_67': 0.0020072385308882892, 'sx_67': 0.004480828465033841, 'rz_68': 0.0021931198327201275, 'sx_68': 0.00023640665765555042, 'ecr_68_67': 1, 'x_67': 0.004480828465033841, 'rz_69': 0.004471770920412656, 'sx_69': 0.0003284913098124202, 'rz_70': 0.004012959553634332, 'sx_70': 0.00018233316815140566, 'rz_71': 0.003044236495787333, 'sx_71': 0.0001935480597267955, 'ecr_71_58': 0.00906944148990238, 'ecr_59_58': 0.009754637718325826, 'x_71': 0.0001935480597267955, 'rz_72': 0.0038427431717676414, 'sx_72': 0.00012993714354187722, 'ecr_72_62': 0.0048588148815374155, 'rz_73': 0.0003836974061761786, 'sx_73': 0.000162882115602523, 'rz_74': 0.00226623231422497, 'sx_74': 0.0001943126750591526, 'ecr_74_70': 0.013397590870756648, 'ecr_69_70': 0.013447537911689011, 'ecr_69_68': 0.009250057775549325, 'x_68': 0.00023640665765555042, 'x_74': 0.0001943126750591526, 'rz_75': 0.00417617631906469, 'sx_75': 0.00040513977541258104, 'sx_76': 0.0002543365078111053, 'rz_76': 0.0037047009916768014, 'ecr_75_76': 0.0076482968585636635, 'x_76': 0.0002543365078111053, 'rz_77': 0.004115923177862989, 'sx_77': 0.00013212874335271903, 'rz_78': 0.0009129618914747883, 'sx_78': 0.00014513087015664695, 'rz_79': 0.0035853623008456972, 'sx_79': 0.0003881978897182194, 'rz_80': 0.0007459510653397035, 'sx_80': 0.00023547147966833046, 'rz_81': 0.0046117233970582455, 'sx_81': 0.00019854751273598424, 'ecr_81_72': 0.00657930961306738, 'rz_82': 0.00358707373162087, 'sx_82': 0.0001728233193581389, 'rz_83': 0.0004979560271523604, 'sx_83': 0.00037531675439361333, 'rz_84': 0.0025118299212320764, 'sx_84': 0.0001892241966482602, 'ecr_84_83': 0.008226555162259619, 'rz_85': 0.002082449109219751, 'sx_85': 0.00015237948583505967, 'rz_86': 0.003571770517143807, 'sx_86': 0.0001309182910586387, 'rz_87': 0.004678899109310237, 'sx_87': 0.0001337833525193957, 'rz_88': 0.004727229440883505, 'sx_88': 0.0002506891791061948, 'rz_89': 0.002460078781504307, 'sx_89': 0.00016565481639689353, 'ecr_89_88': 0.009916340036306065, 'rz_90': 0.00023656046447332175, 'sx_90': 0.0004814017334377961, 'ecr_90_75': 0.018390148469095507, 'x_75': 0.00040513977541258104, 'ecr_77_76': 0.00721015784105139, 'ecr_71_77': 0.006030857965682701, 'x_77': 0.00013212874335271903, 'ecr_78_77': 0.00478462985392164, 'x_59': 0.00019646580374097102, 'ecr_78_79': 0.009389818486432527, 'x_79': 0.0003881978897182194, 'rz_91': 0.0049188525946353276, 'sx_91': 0.00012105786412242181, 'ecr_79_91': 0.011193113530157783, 'rz_92': 0.0010834291295365975, 'sx_92': 0.0002542752360463603, 'rz_93': 0.0047450195736318795, 'sx_93': 0.00017753574109493402, 'rz_96': 0.00031363884599973856, 'sx_96': 0.00018424308453189817, 'rz_97': 0.0041332188041999516, 'sx_97': 0.0014562168020011174, 'rz_98': 0.001462912493470435, 'sx_98': 0.0002925348012412926, 'ecr_98_91': 0.005853823421446608, 'ecr_97_98': 0.01177660243552034, 'ecr_97_96': 0.017431047479260192, 'rz_99': 0.002175201246543612, 'sx_99': 0.00020509306724535322, 'ecr_99_98': 0.006884462453278006, 'x_98': 0.0002925348012412926, 'rz_100': 0.003940947519492431, 'rz_101': 0.00224742423991421, 'sx_101': 0.0002691194672227735, 'rz_102': 0.0028066158511996986, 'sx_102': 0.00023161125454665725, 'rz_103': 0.004250090269304227, 'sx_103': 0.00035308301585691525, 'rz_104': 0.0029907027254219656, 'sx_104': 0.0003103089507874081, 'rz_105': 0.0016695087903524557, 'sx_105': 0.00019592418934837865, 'rz_106': 0.002072291499577655, 'sx_106': 0.000313884129207873, 'rz_107': 0.004617732913673129, 'sx_107': 0.00047750588970267577, 'rz_108': 0.0001152914312286035, 'sx_108': 0.0004385630712444437, 'rz_109': 0.0034389923914655202, 'sx_109': 0.00018071507404208385, 'ecr_109_96': 0.008375842760050711, 'ecr_99_100': 0.005663637062323007, 'sx_100': 0.00012826123298267694, 'ecr_101_100': 0.00477205321482671, 'ecr_101_102': 0.005794681682865704, 'x_101': 0.0002691194672227735, 'x_102': 0.00023161125454665725, 'ecr_102_103': 0.007279888733879275, 'x_99': 0.00020509306724535322, 'x_100': 0.00012826123298267694, 'rz_110': 0.0004046560656420962, 'sx_110': 0.0022606558910228257, 'rz_111': 0.0021920674132678954, 'sx_111': 0.003756776348276724, 'rz_112': 0.004614557316484162, 'sx_112': 0.00020075898830856248, 'rz_117': 0.0032179993181235098, 'sx_117': 0.0009489923880114625, 'rz_118': 0.0015203067974953587, 'sx_118': 0.00017237165951166448, 'rz_119': 0.0003216005801047035, 'sx_119': 0.0007017557453789078, 'ecr_119_118': 0.006254263572101598, 'ecr_110_118': 0.015682071291979766, 'ecr_110_100': 0.004742501465771987, 'x_110': 0.0022606558910228257, 'ecr_117_118': 0.00793524964556816, 'ecr_92_102': 0.0056306363939165605, 'ecr_92_83': 0.009199218646186363, 'x_92': 0.0002542752360463603, 'ecr_104_103': 0.006930769941092985, 'x_104': 0.0003103089507874081, 'ecr_105_104': 0.006475685339459247, 'ecr_111_104': 0.07400473642356473, 'x_105': 0.00019592418934837865, 'ecr_106_105': 0.0058577415463551, 'ecr_107_106': 0.009441255697402201, 'ecr_107_108': 0.01580582276735687, 'ecr_112_108': 0.009046178276566869, 'x_111': 0.003756776348276724, 'rz_120': 0.0026435771333764486, 'sx_120': 0.00019201284007446694, 'rz_121': 0.0036110684705910286, 'sx_121': 0.00016722080500278133, 'rz_122': 0.002999832723981748, 'sx_122': 0.0006884064861370782, 'ecr_122_111': 0.05994415052913757, 'x_122': 0.0006884064861370782, 'x_84': 0.0001892241966482602, 'ecr_82_83': 0.008881269900741423, 'x_82': 0.0001728233193581389, 'ecr_81_82': 0.015970606639757606, 'ecr_93_106': 0.005426033278050524, 'ecr_93_87': 0.006783665555230578, 'ecr_87_88': 0.0044628804157967605, 'ecr_86_87': 0.0036253150234672182, 'ecr_89_74': 0.007013958641827245, 'x_87': 0.0001337833525193957, 'ecr_86_85': 0.009883960790425722, 'ecr_73_85': 0.004662016725698492, 'ecr_73_66': 0.007261245738663463, 'ecr_67_66': 1, 'x_66': 0.00031676535898577345, 'ecr_68_55': 0.014524913345284635, 'x_55': 0.00020250594726934571, 'ecr_55_49': 0.016168795578957118, 'x_49': 0.0004572303176937028, 'ecr_49_50': 0.0069349390021389845, 'ecr_49_48': 0.01130662344768349, 'x_73': 0.000162882115602523, 'x_85': 0.00015237948583505967, 'ecr_85_84': 0.006607690904409214, 'ecr_66_65': 0.003873883706470127, 'ecr_64_65': 0.011735010806387391, 'x_64': 0.0005250583384000526, 'ecr_63_64': 1, 'ecr_63_62': 1, 'x_63': 0.006186606525047403, 'x_72': 0.00012993714354187722, 'ecr_64_54': 0.013525838363776577, 'x_54': 0.00021248588620402392, 'ecr_54_45': 0.008963362225487298, 'x_45': 0.00020180421337637102, 'ecr_45_44': 0.013154797519550454, 'x_83': 0.00037531675439361333, 'rz_123': 0.00215943980964364, 'sx_123': 0.0002399531172904986, 'ecr_123_122': 0.006745026851844693, 'ecr_121_122': 0.0059223105765467965, 'x_121': 0.00016722080500278133, 'ecr_120_121': 0.0059466226133605415, 'ecr_61_62': 0.004752270480576998, 'sx_61': 0.000145624078687542, 'ecr_61_60': 0.008770941230756835, 'x_60': 0.00022685163198226134, 'x_61': 0.000145624078687542, 'ecr_42_41': 0.005251155329834667, 'x_41': 0.0003146665631065838, 'x_81': 0.00019854751273598424, 'ecr_80_81': 0.007246150867571299, 'x_42': 0.00020884432513976748, 'ecr_43_44': 0.01202914238959027, 'x_43': 0.00014794280308028345, 'x_24': 0.00016171747805058157, 'ecr_25_24': 0.005919283173501377, 'x_25': 0.00017016418789301662, 'x_44': 0.0004372776297704344, 'ecr_45_46': 0.01693003218967054, 'ecr_22_15': 0.027937503165835598, 'x_22': 0.0002202775746891235, 'x_23': 0.0002664937612768794, 'x_21': 0.00043345754774804, 'x_14': 0.00046223313636438115, 'x_39': 0.0003084871608591723, 'x_3': 0.0002023180577900116, 'ecr_3_2': 0.007601200590157037, 'ecr_1_2': 0.0046780046273544595, 'x_1': 0.00010939725659113188, 'x_0': 0.0001593357976350863, 'x_4': 0.00013715738229674716, 'x_2': 0.0002790864552469293, 'x_47': 0.00018066411220918647, 'x_35': 0.00024184007727317603, 'x_26': 0.00014753975305264067, 'ecr_47_48': 0.004655339321029378, 'ecr_26_16': 0.006388527736716859, 'ecr_16_8': 0.006847023167806582, 'x_15': 0.0005458561130219916, 'ecr_8_7': 0.03781959995713635, 'x_7': 0.002222438580026052, 'ecr_7_6': 0.013364232652209401, 'x_6': 0.00010714274513734707, 'ecr_6_5': 0.0036179591107563247, 'x_5': 0.00016089224224683928, 'ecr_5_4': 0.005617203244507402, 'ecr_80_79': 0.011859720250633948, 'x_62': 0.00011771791138274587, 'measure_39': 0.006299999999999972, 'measure_38': 0.031400000000000095, 'measure_33': 0.007000000000000006, 'measure_37': 0.012900000000000023, 'measure_19': 0.05830000000000002, 'measure_20': 0.35749999999999993, 'measure_14': 0.014699999999999935, 'measure_18': 0.025600000000000067, 'measure_1': 0.016899999999999915, 'measure_0': 0.004899999999999904, 'measure_3': 0.010699999999999932, 'measure_2': 0.020100000000000007, 'measure_15': 0.08630000000000004, 'measure_4': 0.011099999999999999, 'measure_22': 0.017299999999999982, 'measure_24': 0.016100000000000003, 'measure_23': 0.01200000000000001, 'measure_43': 0.010499999999999954, 'measure_34': 0.0766, 'measure_41': 0.0043999999999999595, 'measure_42': 0.03059999999999996, 'measure_60': 0.007199999999999984, 'measure_53': 0.02400000000000002, 'measure_61': 0.005600000000000049, 'measure_59': 0.014499999999999957, 'measure_71': 0.24880000000000002, 'measure_77': 0.015499999999999958, 'measure_58': 0.014000000000000012, 'measure_76': 0.024499999999999966, 'measure_75': 0.04820000000000002, 'measure_57': 0.01980000000000004, 'measure_62': 0.02100000000000002, 'measure_72': 0.04679999999999995, 'measure_80': 0.00990000000000002, 'measure_81': 0.0036000000000000476, 'measure_98': 0.02079999999999993, 'measure_91': 0.0041999999999999815, 'measure_99': 0.011400000000000077, 'measure_79': 0.006900000000000017, 'measure_97': 0.015600000000000058, 'measure_82': 0.006900000000000017, 'measure_96': 0.020499999999999963, 'measure_83': 0.0736, 'measure_102': 0.03820000000000001, 'measure_92': 0.015100000000000002, 'measure_101': 0.0043999999999999595, 'measure_103': 0.006099999999999994, 'measure_109': 0.02839999999999998, 'measure_100': 0.011500000000000066, 'measure_118': 0.0044999999999999485, 'measure_110': 0.006900000000000017, 'measure_63': 0.07666666666666666, 'measure_117': 0.009000000000000008, 'measure_65': 0.02080000000000004, 'measure_64': 0.007500000000000062, 'measure_73': 0.0041999999999999815, 'measure_66': 0.00550000000000006, 'measure_106': 0.0052000000000000934, 'measure_67': 0.2683333333333333, 'measure_87': 0.007600000000000051, 'measure_86': 0.0042999999999999705, 'measure_68': 0.007500000000000062, 'measure_54': 0.0050000000000000044, 'measure_45': 0.007200000000000095, 'measure_93': 0.007099999999999995, 'measure_108': 0.009800000000000031, 'measure_104': 0.0033000000000000806, 'measure_84': 0.0048000000000000265, 'measure_107': 0.005800000000000027, 'measure_88': 0.008599999999999941, 'measure_46': 0.008000000000000007, 'measure_70': 0.03833333333333333, 'measure_69': 0.05666666666666664, 'measure_74': 0.010000000000000009, 'measure_55': 0.01629999999999998, 'measure_112': 0.011600000000000055, 'measure_123': 0.0041999999999999815, 'measure_105': 0.010599999999999943, 'measure_121': 0.005900000000000016, 'measure_120': 0.022800000000000042, 'measure_122': 0.00869999999999993, 'measure_85': 0.016100000000000003, 'measure_111': 0.020199999999999996, 'measure_119': 0.008499999999999952, 'measure_90': 0.009400000000000075, 'measure_40': 0.014599999999999946, 'measure_44': 0.005400000000000071, 'measure_25': 0.02429999999999999, 'measure_48': 0.016599999999999948, 'measure_52': 0.015800000000000036, 'measure_21': 0.34219999999999995, 'measure_27': 0.009199999999999986, 'measure_56': 0.03333333333333344, 'measure_49': 0.005600000000000049, 'measure_35': 0.012199999999999989, 'measure_28': 0.05020000000000002, 'measure_47': 0.010099999999999998, 'measure_30': 0.01100000000000001, 'measure_29': 0.009099999999999997, 'measure_50': 0.011700000000000044, 'measure_78': 0.018000000000000016}","{'rz_39': 66.080930918805, 'sx_39': 56.888888888888886, 'ecr_33_39': 533.3333333333333, 'rz_33': 85.50038518527572, 'sx_33': 56.888888888888886, 'ecr_20_33': 533.3333333333333, 'rz_20': 78.87927382608586, 'sx_20': 56.888888888888886, 'ecr_40_39': 590.2222222222222, 'rz_40': 71.86241420286699, 'sx_40': 56.888888888888886, 'x_40': 56.888888888888886, 'ecr_41_40': 533.3333333333333, 'rz_41': 40.51052402067598, 'sx_41': 56.888888888888886, 'ecr_41_53': 533.3333333333333, 'x_53': 56.888888888888886, 'rz_53': 39.01849579095523, 'ecr_53_60': 533.3333333333333, 'sx_53': 56.888888888888886, 'rz_60': 81.14704370721385, 'sx_60': 56.888888888888886, 'ecr_59_60': 533.3333333333333, 'rz_59': 63.600791081960566, 'sx_59': 56.888888888888886, 'ecr_59_58': 533.3333333333333, 'rz_58': 53.460940762638096, 'sx_58': 56.888888888888886, 'ecr_71_58': 533.3333333333333, 'rz_71': 92.1938823835353, 'sx_71': 56.888888888888886, 'ecr_57_58': 533.3333333333333, 'rz_57': 27.276158403156103, 'sx_57': 56.888888888888886, 'x_71': 56.888888888888886, 'ecr_71_77': 533.3333333333333, 'rz_77': 99.89971998007798, 'sx_77': 56.888888888888886, 'ecr_78_77': 533.3333333333333, 'rz_78': 94.09092695239067, 'sx_78': 56.888888888888886, 'ecr_78_79': 533.3333333333333, 'x_79': 56.888888888888886, 'rz_79': 93.01621520322497, 'ecr_79_91': 533.3333333333333, 'sx_79': 56.888888888888886, 'rz_91': 99.59653490111164, 'sx_91': 56.888888888888886, 'ecr_98_91': 533.3333333333333, 'rz_98': 89.24436981550024, 'sx_98': 56.888888888888886, 'ecr_97_98': 533.3333333333333, 'rz_97': 28.480944969548634, 'sx_97': 56.888888888888886, 'ecr_97_96': 533.3333333333333, 'rz_96': 87.18599883305373, 'sx_96': 56.888888888888886, 'ecr_109_96': 533.3333333333333, 'rz_109': 63.26127904701019, 'sx_109': 56.888888888888886, 'ecr_99_98': 533.3333333333333, 'rz_99': 90.5501669036029, 'sx_99': 56.888888888888886, 'ecr_99_100': 533.3333333333333, 'x_99': 56.888888888888886, 'rz_100': 27.947732595700042, 'sx_100': 56.888888888888886, 'x_100': 56.888888888888886, 'ecr_101_100': 533.3333333333333, 'rz_101': 60.25635646777344, 'sx_101': 56.888888888888886, 'ecr_101_102': 533.3333333333333, 'x_101': 56.888888888888886, 'ecr_110_100': 533.3333333333333, 'rz_110': 16.00288739755785, 'sx_110': 56.888888888888886, 'ecr_110_118': 533.3333333333333, 'rz_118': 99.47818598093248, 'sx_118': 56.888888888888886, 'ecr_119_118': 533.3333333333333, 'rz_119': 78.31700105232986, 'sx_119': 56.888888888888886, 'ecr_117_118': 533.3333333333333, 'rz_117': 93.10850854414963, 'sx_117': 56.888888888888886, 'x_110': 56.888888888888886, 'rz_102': 79.02915638799414, 'sx_102': 56.888888888888886, 'x_102': 56.888888888888886, 'ecr_92_102': 533.3333333333333, 'ecr_102_103': 533.3333333333333, 'rz_103': 19.744193729913995, 'sx_103': 56.888888888888886, 'ecr_104_103': 533.3333333333333, 'rz_104': 14.134576372617408, 'sx_104': 56.888888888888886, 'x_104': 56.888888888888886, 'ecr_105_104': 533.3333333333333, 'rz_105': 96.13343008325691, 'sx_105': 56.888888888888886, 'ecr_111_104': 533.3333333333333, 'rz_111': 71.07739432816827, 'sx_111': 56.888888888888886, 'x_111': 56.888888888888886, 'ecr_122_111': 533.3333333333333, 'rz_122': 52.7354679612121, 'sx_122': 56.888888888888886, 'x_105': 56.888888888888886, 'ecr_106_105': 533.3333333333333, 'rz_106': 15.773382004065741, 'ecr_107_106': 533.3333333333333, 'sx_106': 56.888888888888886, 'ecr_93_106': 533.3333333333333, 'rz_93': 84.60813964567656, 'sx_93': 56.888888888888886, 'rz_107': 45.79210340294882, 'sx_107': 56.888888888888886, 'ecr_93_87': 533.3333333333333, 'rz_87': 74.56505554686545, 'sx_87': 56.888888888888886, 'ecr_86_87': 533.3333333333333, 'rz_86': 65.09121657356604, 'sx_86': 56.888888888888886, 'ecr_86_85': 533.3333333333333, 'rz_85': 46.5440176422751, 'sx_85': 56.888888888888886, 'ecr_73_85': 533.3333333333333, 'rz_73': 87.32275377235742, 'sx_73': 56.888888888888886, 'ecr_73_66': 533.3333333333333, 'ecr_67_66': 533.3333333333333, 'rz_66': 97.63815398364699, 'sx_66': 56.888888888888886, 'rz_67': 41.88755530553537, 'sx_67': 56.888888888888886, 'ecr_68_67': 533.3333333333333, 'rz_68': 89.92773576666137, 'sx_68': 56.888888888888886, 'ecr_68_55': 775.1111111111111, 'x_68': 56.888888888888886, 'ecr_69_68': 533.3333333333333, 'rz_69': 68.82203156510755, 'sx_69': 56.888888888888886, 'x_66': 56.888888888888886, 'x_85': 56.888888888888886, 'ecr_85_84': 533.3333333333333, 'x_73': 56.888888888888886, 'ecr_66_65': 533.3333333333333, 'rz_65': 37.35899153904955, 'sx_65': 56.888888888888886, 'ecr_64_65': 590.2222222222222, 'rz_64': 66.42442748692005, 'sx_64': 56.888888888888886, 'x_64': 56.888888888888886, 'ecr_63_64': 533.3333333333333, 'rz_63': 97.25618401867492, 'sx_63': 56.888888888888886, 'ecr_63_62': 533.3333333333333, 'rz_62': 17.79248405453881, 'sx_62': 56.888888888888886, 'ecr_72_62': 533.3333333333333, 'rz_72': 62.572429223161, 'sx_72': 56.888888888888886, 'x_72': 56.888888888888886, 'ecr_81_72': 533.3333333333333, 'rz_81': 68.15143253628978, 'sx_81': 56.888888888888886, 'x_63': 56.888888888888886, 'x_67': 56.888888888888886, 'x_84': 56.888888888888886, 'rz_84': 62.59922470251722, 'ecr_84_83': 448.0, 'sx_84': 56.888888888888886, 'ecr_82_83': 533.3333333333333, 'rz_83': 33.99483864380015, 'sx_83': 56.888888888888886, 'rz_82': 96.93096766001209, 'sx_82': 56.888888888888886, 'ecr_81_82': 533.3333333333333, 'x_83': 56.888888888888886, 'ecr_92_83': 533.3333333333333, 'rz_92': 58.83591177935854, 'sx_92': 56.888888888888886, 'x_82': 56.888888888888886, 'ecr_61_62': 533.3333333333333, 'rz_61': 96.43887487220917, 'sx_61': 56.888888888888886, 'x_61': 56.888888888888886, 'ecr_61_60': 533.3333333333333, 'ecr_42_41': 533.3333333333333, 'x_41': 56.888888888888886, 'rz_42': 88.81898952965963, 'sx_42': 56.888888888888886, 'x_42': 56.888888888888886, 'ecr_43_42': 533.3333333333333, 'rz_43': 25.80231870349483, 'sx_43': 56.888888888888886, 'ecr_43_44': 533.3333333333333, 'rz_44': 43.27238375552802, 'sx_44': 56.888888888888886, 'x_43': 56.888888888888886, 'ecr_43_34': 533.3333333333333, 'x_34': 56.888888888888886, 'rz_34': 60.80960050491091, 'ecr_34_24': 533.3333333333333, 'sx_34': 56.888888888888886, 'rz_24': 76.0144036499049, 'x_24': 56.888888888888886, 'ecr_23_24': 533.3333333333333, 'sx_24': 56.888888888888886, 'ecr_25_24': 533.3333333333333, 'rz_25': 33.16967804201266, 'sx_25': 56.888888888888886, 'ecr_26_25': 533.3333333333333, 'rz_26': 57.73656497724893, 'sx_26': 56.888888888888886, 'ecr_26_27': 533.3333333333333, 'ecr_45_44': 533.3333333333333, 'rz_45': 20.473138934640296, 'sx_45': 56.888888888888886, 'ecr_45_46': 533.3333333333333, 'rz_46': 75.7923601516813, 'sx_46': 56.888888888888886, 'ecr_47_46': 533.3333333333333, 'rz_47': 75.7540155811579, 'sx_47': 56.888888888888886, 'rz_23': 40.057642563563306, 'sx_23': 56.888888888888886, 'ecr_23_22': 533.3333333333333, 'rz_22': 28.83094166043952, 'ecr_22_15': 590.2222222222222, 'rz_15': 18.136333044774943, 'sx_15': 56.888888888888886, 'x_22': 56.888888888888886, 'ecr_21_22': 803.5555555555555, 'sx_22': 56.888888888888886, 'rz_21': 68.67885858968589, 'sx_21': 56.888888888888886, 'x_21': 56.888888888888886, 'ecr_21_20': 533.3333333333333, 'ecr_19_20': 533.3333333333333, 'rz_19': 93.2897722413653, 'sx_19': 56.888888888888886, 'ecr_18_19': 533.3333333333333, 'rz_18': 45.43447752632174, 'sx_18': 56.888888888888886, 'x_33': 56.888888888888886, 'ecr_38_39': 533.3333333333333, 'rz_38': 42.30647698698748, 'sx_38': 56.888888888888886, 'x_20': 56.888888888888886, 'x_19': 56.888888888888886, 'x_18': 56.888888888888886, 'ecr_14_18': 533.3333333333333, 'rz_14': 77.02842557030722, 'sx_14': 56.888888888888886, 'ecr_14_0': 533.3333333333333, 'rz_0': 91.10116424590413, 'sx_0': 56.888888888888886, 'ecr_1_0': 533.3333333333333, 'rz_1': 51.16154057484051, 'sx_1': 56.888888888888886, 'x_39': 56.888888888888886, 'ecr_37_38': 533.3333333333333, 'rz_37': 77.83099083954653, 'sx_37': 56.888888888888886, 'x_38': 56.888888888888886, 'x_14': 56.888888888888886, 'x_0': 56.888888888888886, 'ecr_4_15': 533.3333333333333, 'sx_4': 56.888888888888886, 'rz_4': 83.19295339167834, 'ecr_4_3': 533.3333333333333, 'x_3': 56.888888888888886, 'rz_3': 79.23429169594759, 'ecr_3_2': 533.3333333333333, 'sx_3': 56.888888888888886, 'rz_2': 50.67890440309139, 'sx_2': 56.888888888888886, 'ecr_1_2': 533.3333333333333, 'x_1': 56.888888888888886, 'x_2': 56.888888888888886, 'ecr_5_4': 533.3333333333333, 'x_4': 56.888888888888886, 'rz_5': 92.51829865830756, 'sx_5': 56.888888888888886, 'x_15': 56.888888888888886, 'measure_78': 1244.4444444444443}","{'0': 0.004899999999999904, '1': 0.016899999999999915, '2': 0.020100000000000007, '3': 0.010699999999999932, '4': 0.011099999999999999, '14': 0.014699999999999935, '15': 0.08630000000000004, '18': 0.025600000000000067, '19': 0.05830000000000002, '20': 0.35749999999999993, '21': 0.34219999999999995, '22': 0.017299999999999982, '23': 0.01200000000000001, '24': 0.016100000000000003, '25': 0.02429999999999999, '27': 0.009199999999999986, '28': 0.05020000000000002, '29': 0.009099999999999997, '30': 0.01100000000000001, '33': 0.007000000000000006, '34': 0.0766, '35': 0.012199999999999989, '37': 0.012900000000000023, '38': 0.031400000000000095, '39': 0.006299999999999972, '40': 0.014599999999999946, '41': 0.0043999999999999595, '42': 0.03059999999999996, '43': 0.010499999999999954, '44': 0.005400000000000071, '45': 0.007200000000000095, '46': 0.008000000000000007, '47': 0.010099999999999998, '48': 0.016599999999999948, '49': 0.005600000000000049, '50': 0.011700000000000044, '52': 0.015800000000000036, '53': 0.02400000000000002, '54': 0.0050000000000000044, '55': 0.01629999999999998, '56': 0.03333333333333344, '57': 0.01980000000000004, '58': 0.014000000000000012, '59': 0.014499999999999957, '60': 0.007199999999999984, '61': 0.005600000000000049, '62': 0.02100000000000002, '63': 0.07666666666666666, '64': 0.007500000000000062, '65': 0.02080000000000004, '66': 0.00550000000000006, '67': 0.2683333333333333, '68': 0.007500000000000062, '69': 0.05666666666666664, '70': 0.03833333333333333, '71': 0.24880000000000002, '72': 0.04679999999999995, '73': 0.0041999999999999815, '74': 0.010000000000000009, '75': 0.04820000000000002, '76': 0.024499999999999966, '77': 0.015499999999999958, '78': 0.018000000000000016, '79': 0.006900000000000017, '80': 0.00990000000000002, '81': 0.0036000000000000476, '82': 0.006900000000000017, '83': 0.0736, '84': 0.0048000000000000265, '85': 0.016100000000000003, '86': 0.0042999999999999705, '87': 0.007600000000000051, '88': 0.008599999999999941, '90': 0.009400000000000075, '91': 0.0041999999999999815, '92': 0.015100000000000002, '93': 0.007099999999999995, '96': 0.020499999999999963, '97': 0.015600000000000058, '98': 0.02079999999999993, '99': 0.011400000000000077, '100': 0.011500000000000066, '101': 0.0043999999999999595, '102': 0.03820000000000001, '103': 0.006099999999999994, '104': 0.0033000000000000806, '105': 0.010599999999999943, '106': 0.0052000000000000934, '107': 0.005800000000000027, '108': 0.009800000000000031, '109': 0.02839999999999998, '110': 0.006900000000000017, '111': 0.020199999999999996, '112': 0.011600000000000055, '117': 0.009000000000000008, '118': 0.0044999999999999485, '119': 0.008499999999999952, '120': 0.022800000000000042, '121': 0.005900000000000016, '122': 0.00869999999999993, '123': 0.0041999999999999815}"
3,torino,133,9080,"{'rz_3': 0.003202133555279664, 'sx_3': 0.0001684175410398892, 'rz_4': 0.0023426917105055143, 'sx_4': 0.00020553951091112555, 'rz_5': 0.001765270860238153, 'sx_5': 0.00019092283544700324, 'rz_8': 0.0014904354427468902, 'sx_8': 0.0002803011785395288, 'rz_15': 0.0027119348213003646, 'sx_15': 0.0007754208906845722, 'rz_16': 0.0027005442358212944, 'sx_16': 0.00027105960044679074, 'cz_4_16': 0.0027691082085795904, 'rz_17': 0.0009537566258877951, 'sx_17': 0.0011704699841403958, 'rz_19': 0.004473826691755407, 'sx_19': 0.0003773847908129542, 'rz_20': 0.0033076307319943733, 'sx_20': 0.0002788132380078865, 'rz_21': 0.002819041121660839, 'sx_21': 0.00041060491741957966, 'rz_22': 0.0034898055110924187, 'sx_22': 0.00035702574089681576, 'rz_23': 0.004721893323701848, 'sx_23': 0.0002186736746390846, 'cz_16_23': 0.0038634817182164882, 'rz_24': 0.0025648247187350084, 'sx_24': 0.0010697447752799206, 'cz_23_24': 0.007208196356259078, 'cz_5_4': 0.003065510965352236, 'rz_25': 0.004453899412132789, 'sx_25': 0.00033401935298556717, 'rz_26': 0.002102656423446754, 'sx_26': 0.00030609253136123295, 'rz_27': 0.0016621613878012075, 'sx_27': 0.0002667385259036211, 'sx_28': 0.00035323772262536667, 'rz_28': 0.003739573276462971, 'rz_29': 0.003868934479552401, 'sx_29': 0.00036526812089163587, 'rz_30': 0.0013630000477016693, 'sx_30': 0.00027204808777855737, 'rz_31': 0.0026682550774432606, 'sx_31': 0.0002273219408589783, 'rz_32': 0.0018661429081593007, 'sx_32': 0.00034078289245385694, 'cz_32_31': 0.003987698250389887, 'cz_31_30': 0.0021454249636467804, 'rz_33': 0.0014164718024014253, 'sx_33': 0.0004272767859018856, 'rz_34': 0.0030204875725644573, 'sx_34': 0.0002617990131463471, 'rz_35': 0.0029543527208035127, 'sx_35': 0.00031782037194173155, 'rz_36': 0.0031508323670428437, 'sx_36': 0.0004744234620910133, 'sx_38': 0.00023624055996023045, 'rz_39': 0.0037861719237976318, 'sx_39': 0.0003350872755839602, 'rz_40': 0.004876987681139927, 'sx_40': 0.00020450974600735609, 'rz_41': 0.0030018001205466245, 'sx_41': 0.005205956390881583, 'rz_42': 0.003974602855305131, 'sx_42': 0.00019919646543851367, 'rz_43': 0.0008283171745091288, 'sx_43': 0.0002057653759001534, 'rz_44': 0.002367983466115631, 'sx_44': 0.00017329303819008077, 'rz_45': 0.003595548678423087, 'sx_45': 0.0017831230181486336, 'rz_46': 0.0028207695231797516, 'sx_46': 0.00036258603927239575, 'rz_47': 0.0012535752520527739, 'sx_47': 0.00035345437463973, 'rz_48': 0.002418319061334367, 'sx_48': 0.00011068877290635674, 'rz_49': 0.002346958490221156, 'sx_49': 0.00032136227632420224, 'rz_50': 0.003952660619532627, 'sx_50': 0.0003466840961198124, 'rz_51': 0.004745061169851391, 'sx_51': 0.0003727708171329064, 'rz_52': 0.0035441146264755326, 'sx_52': 0.00013690514696411147, 'rz_53': 0.003105570256338332, 'rz_54': 0.0018313139487783502, 'sx_54': 0.00019861099255817212, 'rz_55': 0.003249064773073514, 'sx_55': 0.00016325524599975164, 'rz_56': 0.0029811952527165476, 'sx_56': 0.0002539801795061896, 'cz_50_56': 0.002720646478507227, 'x_50': 0.0003466840961198124, 'cz_50_51': 0.0028250451505051066, 'cz_52_51': 0.0023489539850914953, 'cz_49_50': 0.002344291177346969, 'rz_57': 0.004067594377795482, 'sx_57': 0.0006061992296193305, 'rz_58': 0.004847096230927694, 'sx_58': 0.0002638407536693598, 'rz_59': 0.001292186730979704, 'rz_60': 0.0007239755205769637, 'sx_60': 0.0023136573420382053, 'rz_61': 0.002609977966332804, 'sx_61': 0.0005400504792173795, 'rz_62': 0.0015038210757819185, 'sx_62': 0.0005169281132486898, 'rz_63': 0.003783731523496169, 'sx_63': 0.0005772681335079142, 'rz_64': 0.0006751479597937205, 'sx_64': 0.00022822696709106876, 'rz_65': 0.0040379173987525364, 'sx_65': 0.00025331306936095623, 'rz_66': 0.0015946737160484786, 'sx_66': 0.00034551492299659566, 'rz_67': 0.0007671074008825459, 'rz_68': 0.004724670701408541, 'sx_68': 0.0003132083283654205, 'rz_69': 0.0004859511472586412, 'sx_69': 0.0005859576479768825, 'cz_56_69': 0.004195315659418664, 'rz_70': 0.0004492468338563597, 'sx_70': 0.0005186270076904963, 'cz_69_70': 0.010041201224200103, 'x_69': 0.0005859576479768825, 'x_56': 0.0002539801795061896, 'cz_68_69': 0.005407560548219559, 'x_68': 0.0003132083283654205, 'cz_69_68': 0.005407560548219559, 'cz_67_68': 0.0031328498192085275, 'sx_67': 0.0003410302389163461, 'rz_71': 0.0031446018164298095, 'sx_71': 0.00040180618382850564, 'cz_71_70': 0.007221192546415123, 'cz_70_69': 0.010041201224200103, 'rz_72': 0.001159124693874728, 'sx_72': 0.0005938348525037677, 'rz_73': 0.000971135786090985, 'sx_73': 0.0006001513539519401, 'cz_73_63': 0.003048608571789707, 'cz_63_62': 0.004622297589194357, 'cz_62_61': 0.005278584245645007, 'cz_61_60': 0.01582066170249724, 'sx_74': 0.0004247040204539749, 'rz_74': 0.004071538943156745, 'cz_67_74': 0.0019450697081849766, 'cz_68_67': 0.0031328498192085275, 'x_67': 0.0003410302389163461, 'x_74': 0.0004247040204539749, 'rz_75': 0.0011716648162385145, 'sx_75': 0.0020816993097907063, 'rz_76': 0.003053180309216194, 'sx_76': 0.0002691887201546626, 'rz_77': 0.004170308917709769, 'sx_77': 0.00025046025845527767, 'rz_78': 0.0009382391307476074, 'sx_78': 0.00039586970463896634, 'cz_72_78': 0.0034306863193948323, 'rz_79': 0.0007127138937097956, 'sx_79': 0.003159397252051998, 'cz_78_79': 0.031089063829266517, 'rz_80': 0.000279556604389986, 'sx_80': 0.0002941751900649393, 'rz_81': 0.0018272492692651104, 'sx_81': 0.0003046006941524106, 'cz_81_80': 0.011153672552937005, 'rz_82': 0.0005954566741344207, 'sx_82': 0.00042908383484880795, 'rz_83': 0.0008118069841938369, 'sx_83': 0.0004944730668223047, 'rz_84': 0.004864121409740147, 'sx_84': 0.0005664249946443387, 'rz_85': 0.0032491082642688435, 'sx_85': 0.0015188108577179119, 'rz_86': 0.002498442381522642, 'sx_86': 0.00017049158763045072, 'cz_74_86': 0.002357292471096173, 'cz_86_85': 0.007233349883537965, 'cz_85_84': 0.009759978074712156, 'rz_87': 0.004824695336988445, 'sx_87': 0.00026907597203813295, 'cz_87_86': 0.0027756031386550473, 'rz_88': 0.0007486914231239605, 'sx_88': 0.00022772561430723192, 'rz_89': 0.004900557280109851, 'sx_89': 0.0007592597443985899, 'rz_90': 0.0014630413566813303, 'sx_90': 0.000256941859326309, 'sx_91': 0.00042812086699439884, 'rz_92': 0.003397006538142737, 'sx_92': 0.0005740161888012132, 'cz_80_92': 0.0019921819711647692, 'cz_79_80': 0.021833632455957597, 'rz_93': 0.004269152344019552, 'sx_93': 0.00016555850781057842, 'cz_84_93': 0.0024820075992892654, 'rz_94': 0.004648877683275786, 'sx_94': 0.0003971591604120722, 'sx_95': 0.0003244394773336572, 'rz_96': 0.00025730869287185335, 'sx_96': 0.00024866831610460393, 'rz_97': 0.00044300725231165284, 'sx_97': 0.0002022122252154387, 'cz_96_97': 0.002512669598753181, 'rz_98': 0.002310730786137586, 'sx_98': 0.0003434297619226737, 'cz_97_98': 0.002133654332461432, 'rz_99': 0.0004179413598448584, 'sx_99': 0.0002653458852688573, 'rz_100': 0.0008577855168385441, 'sx_100': 0.0013536152998374718, 'rz_101': 0.004093552418921844, 'sx_101': 0.00013879115388061426, 'rz_102': 0.004385966679908153, 'sx_102': 0.0003681280031902938, 'rz_103': 0.004678611040686976, 'sx_103': 0.00014866428763862718, 'cz_93_103': 0.002238445543357087, 'cz_103_102': 0.003865149747523, 'cz_83_84': 0.003700359414464005, 'cz_82_83': 0.012161648151098159, 'cz_82_73': 0.0024768881969011725, 'cz_64_63': 0.005259992455552948, 'cz_101_102': 0.0025093269736080337, 'x_101': 0.00013879115388061426, 'cz_102_103': 0.003865149747523, 'x_102': 0.0003681280031902938, 'cz_102_101': 0.0025093269736080337, 'rz_104': 0.004121505472456769, 'sx_104': 0.00032972774541761965, 'cz_104_103': 0.002544914086194866, 'rz_105': 0.0018808393027600486, 'sx_105': 0.0005733346830884135, 'rz_106': 0.0031736177598549868, 'sx_106': 0.0007600304885342135, 'rz_107': 0.004345288299039951, 'sx_107': 0.00023702609674777528, 'rz_108': 0.0028713950322074616, 'sx_108': 0.00025916852936559855, 'rz_109': 0.00029413794028404174, 'sx_109': 0.00043150814746920144, 'rz_110': 0.0028787813767247477, 'sx_110': 0.0001250709090217621, 'cz_110_97': 0.0016779902763694454, 'rz_111': 0.0041314649876770205, 'sx_111': 0.00024081523784914833, 'cz_101_111': 0.0020803133653848893, 'cz_101_100': 0.006127603567205986, 'cz_100_99': 0.010854388328868453, 'cz_92_99': 0.0020737980572468617, 'x_92': 0.0005740161888012132, 'cz_99_100': 0.010854388328868453, 'cz_100_101': 0.006127603567205986, 'rz_112': 0.003941003899540752, 'sx_112': 0.000332288494423851, 'cz_112_105': 0.007157273436243727, 'cz_105_104': 0.004264753315633002, 'rz_113': 0.0005332311097119133, 'sx_113': 0.0011715716932289154, 'rz_119': 0.004711936874930247, 'sx_119': 0.00015318290240263737, 'rz_120': 0.003241460260660092, 'sx_120': 0.00017235990578135625, 'cz_120_111': 0.0024208103789095936, 'cz_119_120': 0.002232908522018018, 'cz_103_93': 0.002238445543357087, 'cz_93_84': 0.0024820075992892654, 'cz_84_85': 0.009759978074712156, 'cz_85_86': 0.007233349883537965, 'cz_86_74': 0.002357292471096173, 'cz_74_67': 0.0019450697081849766, 'cz_67_66': 0.003664192165900748, 'cz_98_99': 0.006193639690124958, 'x_98': 0.0003434297619226737, 'cz_96_95': 0.0065409214776413205, 'cz_95_91': 0.0040686640783869354, 'x_99': 0.0002653458852688573, 'rz_121': 0.003627750005890237, 'sx_121': 0.0014103827212980074, 'cz_121_120': 0.002963640907565346, 'cz_111_101': 0.0020803133653848893, 'cz_99_92': 0.0020737980572468617, 'cz_92_80': 0.0019921819711647692, 'cz_80_79': 0.021833632455957597, 'cz_79_78': 0.031089063829266517, 'x_72': 0.0005938348525037677, 'x_78': 0.00039586970463896634, 'cz_77_78': 0.004027721371655996, 'x_77': 0.00025046025845527767, 'cz_76_77': 0.004460998356739243, 'cz_78_72': 0.0034306863193948323, 'cz_59_72': 0.0023867405349450033, 'sx_59': 0.00038846806882328886, 'cz_58_59': 0.0028015735037109912, 'x_58': 0.0002638407536693598, 'cz_59_60': 0.032354182471738324, 'x_59': 0.00038846806882328886, 'cz_81_82': 0.0045616721542275085, 'cz_59_58': 0.0028015735037109912, 'cz_57_58': 0.0027719587325972794, 'x_57': 0.0006061992296193305, 'cz_72_59': 0.0023867405349450033, 'cz_60_59': 0.032354182471738324, 'cz_58_57': 0.0027719587325972794, 'cz_53_57': 0.003315216797775772, 'sx_53': 0.00024478570710084236, 'cz_53_38': 0.002812211874760717, 'cz_38_39': 0.003952786502263245, 'cz_39_40': 0.0024677709484476062, 'cz_34_40': 0.002485900111421885, 'x_34': 0.0002617990131463471, 'cz_21_34': 0.004946194099055584, 'cz_20_21': 0.005629492739872344, 'cz_19_20': 0.009085816847130779, 'cz_15_19': 0.004965508215897307, 'x_39': 0.0003350872755839602, 'cz_40_41': 0.009655487920317729, 'x_40': 0.00020450974600735609, 'cz_41_42': 0.01370166292167771, 'x_41': 0.005205956390881583, 'cz_54_42': 0.003668892306083388, 'cz_61_54': 0.006437641674161998, 'cz_63_64': 0.005259992455552948, 'cz_64_65': 0.0054114842804937335, 'cz_22_21': 0.003940089041905043, 'cz_42_54': 0.003668892306083388, 'x_42': 0.00019919646543851367, 'cz_42_43': 0.0036190805189835196, 'cz_43_44': 0.003494622402191949, 'cz_44_35': 0.0041469117640828, 'cz_35_25': 0.0024891552733805333, 'cz_25_26': 0.002871200186135292, 'cz_26_27': 0.0031992697761896727, 'cz_27_28': 0.002274852591676979, 'cz_17_27': 0.004459868880477252, 'cz_8_17': 0.004779365098478677, 'x_17': 0.0011704699841403958, 'cz_28_29': 0.006056459751767218, 'x_28': 0.00035323772262536667, 'cz_29_36': 0.0029318979663828515, 'x_29': 0.00036526812089163587, 'cz_29_30': 0.0018368085301027903, 'cz_33_32': 0.002684304310249769, 'cz_48_36': 0.002546231488078615, 'cz_29_28': 0.006056459751767218, 'cz_28_27': 0.002274852591676979, 'cz_27_26': 0.0031992697761896727, 'x_25': 0.00033401935298556717, 'x_26': 0.00030609253136123295, 'cz_26_25': 0.002871200186135292, 'cz_25_35': 0.0024891552733805333, 'cz_30_29': 0.0018368085301027903, 'cz_24_25': 0.006506944375047452, 'cz_3_4': 0.022252123404383817, 'x_35': 0.00031782037194173155, 'cz_35_44': 0.0041469117640828, 'cz_44_45': 0.014286868138863096, 'cz_45_46': 0.014328681425020251, 'cz_46_47': 0.0034598050506204903, 'x_46': 0.00036258603927239575, 'x_45': 0.0017831230181486336, 'cz_46_55': 0.005040618156919557, 'cz_57_53': 0.003315216797775772, 'cz_55_65': 0.003704061465073377, 'x_55': 0.00016325524599975164, 'x_65': 0.00025331306936095623, 'cz_65_66': 0.008826026920004393, 'x_66': 0.00034551492299659566, 'cz_66_67': 0.003664192165900748, 'cz_86_87': 0.0027756031386550473, 'x_86': 0.00017049158763045072, 'x_85': 0.0015188108577179119, 'cz_87_88': 0.0015488982694174536, 'cz_88_89': 0.007019804169260041, 'x_88': 0.00022772561430723192, 'cz_90_89': 0.0041567962129495095, 'cz_75_90': 0.004371643670131625, 'x_87': 0.00026907597203813295, 'x_89': 0.0007592597443985899, 'cz_88_94': 0.0021844190689495613, 'cz_94_107': 0.00325844074601897, 'cz_107_108': 0.002120709263298326, 'x_107': 0.00023702609674777528, 'cz_109_108': 0.004259640404209147, 'cz_113_109': 0.0037194211917691844, 'x_94': 0.0003971591604120722, 'cz_106_107': 0.00641272308557439, 'x_106': 0.0007600304885342135, 'cz_108_109': 0.004259640404209147, 'cz_108_107': 0.002120709263298326, 'x_109': 0.00043150814746920144, 'cz_107_106': 0.00641272308557439, 'cz_89_88': 0.007019804169260041, 'cz_88_87': 0.0015488982694174536, 'cz_89_90': 0.0041567962129495095, 'cz_107_94': 0.00325844074601897, 'cz_94_88': 0.0021844190689495613, 'cz_83_82': 0.012161648151098159, 'cz_66_65': 0.008826026920004393, 'cz_46_45': 0.014328681425020251, 'cz_45_44': 0.014286868138863096, 'cz_55_46': 0.005040618156919557, 'cz_84_83': 0.003700359414464005, 'cz_65_55': 0.003704061465073377, 'x_90': 0.000256941859326309, 'cz_90_75': 0.004371643670131625, 'x_108': 0.00025916852936559855, 'cz_75_71': 0.004617370191729475, 'cz_44_43': 0.003494622402191949, 'cz_25_24': 0.006506944375047452, 'cz_47_46': 0.0034598050506204903, 'cz_24_23': 0.007208196356259078, 'cz_23_16': 0.0038634817182164882, 'cz_16_4': 0.0027691082085795904, 'cz_4_5': 0.003065510965352236, 'cz_47_48': 0.00279277003504827, 'cz_36_29': 0.0029318979663828515, 'cz_54_61': 0.006437641674161998, 'cz_61_62': 0.005278584245645007, 'cz_62_63': 0.004622297589194357, 'cz_30_31': 0.0021454249636467804, 'cz_31_32': 0.003987698250389887, 'cz_36_48': 0.002546231488078615, 'cz_48_47': 0.00279277003504827, 'cz_69_56': 0.004195315659418664, 'cz_56_50': 0.002720646478507227, 'cz_50_49': 0.002344291177346969, 'cz_49_48': 0.004642877423855246, 'cz_43_42': 0.0036190805189835196, 'cz_42_41': 0.01370166292167771, 'cz_41_40': 0.009655487920317729, 'cz_48_49': 0.004642877423855246, 'cz_40_34': 0.002485900111421885, 'cz_60_61': 0.01582066170249724, 'cz_91_76': 0.01197593726018828, 'rz_38': 0.001101745598875795, 'cz_34_21': 0.004946194099055584, 'cz_40_39': 0.0024677709484476062, 'cz_39_38': 0.003952786502263245, 'cz_38_53': 0.002812211874760717, 'cz_80_81': 0.011153672552937005, 'cz_63_73': 0.003048608571789707, 'cz_73_82': 0.0024768881969011725, 'x_48': 0.00011068877290635674, 'cz_103_104': 0.002544914086194866, 'cz_104_105': 0.004264753315633002, 'cz_65_64': 0.0054114842804937335, 'cz_51_50': 0.0028250451505051066, 'cz_70_71': 0.007221192546415123, 'cz_106_105': 0.008226764356233235, 'cz_71_75': 0.004617370191729475, 'x_70': 0.0005186270076904963, 'measure_75': 0.06679999999999997, 'measure_90': 0.03390000000000004, 'measure_71': 0.03600000000000003, 'measure_89': 0.010699999999999932, 'measure_70': 0.043300000000000005, 'measure_69': 0.03720000000000001, 'measure_56': 0.01090000000000002, 'measure_68': 0.02639999999999998, 'measure_50': 0.03620000000000001, 'measure_49': 0.007800000000000029, 'measure_51': 0.007099999999999995, 'measure_52': 0.009000000000000008, 'measure_48': 0.05590000000000006, 'measure_47': 0.01550000000000007, 'measure_46': 0.034599999999999964, 'measure_65': 0.01539999999999997, 'measure_64': 0.01629999999999998, 'measure_55': 0.011199999999999988, 'measure_63': 0.021199999999999997, 'measure_73': 0.00869999999999993, 'measure_82': 0.05800000000000005, 'measure_83': 0.010499999999999954, 'measure_85': 0.025399999999999978, 'measure_84': 0.06340000000000001, 'measure_86': 0.09360000000000002, 'measure_74': 0.006900000000000017, 'measure_88': 0.042100000000000026, 'measure_94': 0.012199999999999989, 'measure_67': 0.058499999999999996, 'measure_109': 0.0413, 'measure_106': 0.026799999999999935, 'measure_93': 0.008700000000000041, 'measure_103': 0.01990000000000003, 'measure_107': 0.03069999999999995, 'measure_87': 0.005400000000000071, 'measure_102': 0.007900000000000018, 'measure_62': 0.015600000000000058, 'measure_105': 0.02210000000000001, 'measure_81': 0.02400000000000002, 'measure_61': 0.02069999999999994, 'measure_43': 0.012199999999999989, 'measure_35': 0.011199999999999988, 'measure_42': 0.025700000000000056, 'measure_80': 0.023500000000000076, 'measure_92': 0.005600000000000049, 'measure_99': 0.015900000000000025, 'measure_100': 0.018000000000000016, 'measure_60': 0.018100000000000005, 'measure_54': 0.007200000000000095, 'measure_120': 0.01629999999999998, 'measure_72': 0.014399999999999968, 'measure_25': 0.020399999999999974, 'measure_98': 0.01529999999999998, 'measure_121': 0.03639999999999999, 'measure_59': 0.023600000000000065, 'measure_77': 0.012699999999999934, 'measure_41': 0.03400000000000003, 'measure_78': 0.0363, 'measure_40': 0.023399999999999976, 'measure_58': 0.009500000000000064, 'measure_79': 0.03370000000000006, 'measure_34': 0.013800000000000034, 'measure_39': 0.010499999999999954, 'measure_21': 0.04069999999999996, 'measure_38': 0.1099, 'measure_97': 0.03170000000000006, 'measure_53': 0.011299999999999977, 'measure_19': 0.035800000000000054, 'measure_20': 0.008499999999999952, 'measure_57': 0.015800000000000036, 'measure_104': 0.011800000000000033, 'measure_110': 0.006599999999999939, 'measure_15': 0.013600000000000056, 'measure_76': 0.0343, 'measure_44': 0.021600000000000064, 'measure_111': 0.01539999999999997, 'measure_22': 0.011800000000000033, 'measure_45': 0.028899999999999926, 'measure_36': 0.010399999999999965, 'measure_66': 0.01090000000000002, 'measure_26': 0.005099999999999993, 'measure_108': 0.006299999999999972, 'measure_29': 0.025700000000000056, 'measure_17': 0.016699999999999937, 'measure_119': 0.026000000000000023, 'measure_32': 0.022499999999999964, 'measure_31': 0.07220000000000004, 'measure_112': 0.009600000000000053, 'measure_28': 0.0129999999999999, 'measure_33': 0.05249999999999999, 'measure_27': 0.02849999999999997, 'measure_24': 0.007199999999999984, 'measure_23': 0.017199999999999993, 'measure_8': 0.025700000000000056, 'measure_5': 0.03539999999999999, 'measure_3': 0.013700000000000045, 'measure_16': 0.010399999999999965, 'measure_4': 0.015700000000000047, 'measure_101': 0.04380000000000006, 'measure_30': 0.00990000000000002, 'measure_113': 0.1896}","{'rz_56': 17.60359321284976, 'sx_56': 32.0, 'cz_50_56': 100.0, 'cz_50_51': 84.0, 'sx_51': 32.0, 'rz_51': 25.598658896381224, 'cz_52_51': 124.0, 'sx_52': 32.0, 'x_50': 32.0, 'rz_50': 22.327407921780214, 'sx_50': 32.0, 'cz_56_69': 152.0, 'sx_69': 32.0, 'rz_69': 13.560954941601905, 'cz_69_70': 84.0, 'sx_70': 32.0, 'rz_70': 28.092036658750345, 'cz_68_69': 124.0, 'cz_69_68': 124.0, 'rz_68': 84.68200968860785, 'x_68': 32.0, 'cz_67_68': 104.0, 'sx_68': 32.0, 'rz_67': 55.72338670706801, 'sx_67': 32.0, 'cz_67_74': 88.0, 'cz_68_67': 104.0, 'x_67': 32.0, 'sx_74': 32.0, 'rz_74': 54.81563746342733, 'cz_74_86': 124.0, 'sx_86': 32.0, 'cz_86_85': 84.0, 'sx_85': 32.0, 'cz_85_84': 104.0, 'sx_84': 32.0, 'cz_84_93': 84.0, 'sx_93': 32.0, 'cz_93_103': 124.0, 'sx_103': 32.0, 'cz_103_102': 84.0, 'rz_102': 49.453507879225235, 'sx_102': 32.0, 'cz_101_102': 84.0, 'cz_102_103': 84.0, 'rz_103': 79.92797951820192, 'x_102': 32.0, 'cz_102_101': 84.0, 'sx_101': 32.0, 'rz_101': 19.100623346765808, 'cz_101_111': 124.0, 'sx_111': 32.0, 'rz_111': 80.50049909927584, 'x_101': 32.0, 'cz_101_100': 84.0, 'sx_100': 32.0, 'cz_100_99': 84.0, 'rz_99': 79.46181942050731, 'sx_99': 32.0, 'cz_92_99': 84.0, 'cz_99_100': 84.0, 'rz_100': 39.31042758516797, 'cz_100_101': 84.0, 'cz_120_111': 144.0, 'sx_120': 32.0, 'cz_98_99': 84.0, 'sx_98': 32.0, 'rz_98': 41.95748232185445, 'cz_97_98': 124.0, 'sx_97': 32.0, 'cz_99_92': 84.0, 'sx_92': 32.0, 'cz_92_80': 100.0, 'sx_80': 32.0, 'cz_80_79': 84.0, 'sx_79': 32.0, 'cz_79_78': 104.0, 'rz_78': 81.6757572608131, 'sx_78': 32.0, 'cz_72_78': 124.0, 'cz_78_79': 104.0, 'rz_79': 30.423687849729127, 'cz_77_78': 84.0, 'cz_78_72': 124.0, 'rz_72': 96.40260215385335, 'x_72': 32.0, 'cz_59_72': 84.0, 'sx_72': 32.0, 'rz_59': 87.84023494598684, 'sx_59': 32.0, 'cz_58_59': 84.0, 'cz_59_60': 84.0, 'sx_60': 32.0, 'rz_60': 60.5367536058826, 'x_59': 32.0, 'cz_59_58': 84.0, 'rz_58': 74.94599173329011, 'sx_58': 32.0, 'cz_57_58': 84.0, 'cz_60_59': 84.0, 'x_58': 32.0, 'cz_58_57': 84.0, 'rz_57': 36.29191306052704, 'x_57': 32.0, 'cz_53_57': 124.0, 'sx_57': 32.0, 'rz_53': 27.9684935455958, 'sx_53': 32.0, 'cz_53_38': 124.0, 'sx_38': 32.0, 'cz_38_39': 84.0, 'sx_39': 32.0, 'cz_39_40': 100.0, 'rz_40': 59.2228836568325, 'sx_40': 32.0, 'cz_34_40': 104.0, 'sx_34': 32.0, 'cz_21_34': 84.0, 'sx_21': 32.0, 'x_34': 32.0, 'rz_34': 80.1154348188898, 'cz_40_41': 124.0, 'sx_41': 32.0, 'rz_41': 38.29436453815278, 'cz_41_42': 124.0, 'sx_42': 32.0, 'rz_42': 56.38674286095767, 'cz_54_42': 84.0, 'sx_54': 32.0, 'x_41': 32.0, 'cz_42_54': 84.0, 'rz_54': 81.53750133772378, 'cz_61_54': 168.0, 'sx_61': 32.0, 'x_42': 32.0, 'cz_42_43': 84.0, 'sx_43': 32.0, 'cz_43_44': 84.0, 'sx_44': 32.0, 'cz_44_35': 124.0, 'sx_35': 32.0, 'cz_35_25': 124.0, 'sx_25': 32.0, 'cz_25_26': 100.0, 'sx_26': 32.0, 'cz_26_27': 84.0, 'rz_27': 58.306857299537434, 'sx_27': 32.0, 'cz_27_28': 100.0, 'rz_28': 21.201297043513765, 'sx_28': 32.0, 'cz_28_29': 132.0, 'x_28': 32.0, 'sx_29': 32.0, 'rz_29': 29.226623756481022, 'cz_29_30': 84.0, 'sx_30': 32.0, 'rz_30': 29.824307545570175, 'cz_31_30': 124.0, 'sx_31': 32.0, 'x_29': 32.0, 'cz_29_28': 132.0, 'cz_28_27': 100.0, 'cz_17_27': 160.0, 'cz_27_26': 84.0, 'rz_26': 90.09513026016619, 'cz_26_25': 100.0, 'rz_25': 17.785209391840517, 'cz_25_35': 124.0, 'cz_24_25': 84.0, 'sx_24': 32.0, 'rz_35': 21.28863024252309, 'x_25': 32.0, 'cz_35_44': 124.0, 'cz_44_45': 84.0, 'sx_45': 32.0, 'cz_45_46': 124.0, 'rz_46': 40.39582197642939, 'sx_46': 32.0, 'cz_46_47': 84.0, 'sx_47': 32.0, 'rz_47': 22.00089732996591, 'rz_45': 12.21838983674122, 'cz_46_55': 100.0, 'sx_55': 32.0, 'rz_55': 14.432207625867886, 'cz_55_65': 124.0, 'sx_65': 32.0, 'rz_65': 52.3831156436095, 'x_65': 32.0, 'cz_64_65': 84.0, 'sx_64': 32.0, 'cz_65_66': 84.0, 'sx_66': 32.0, 'rz_66': 86.72214007316872, 'x_66': 32.0, 'cz_67_66': 84.0, 'x_55': 32.0, 'cz_66_67': 84.0, 'rz_86': 42.35721294565732, 'cz_86_87': 84.0, 'sx_87': 32.0, 'rz_87': 87.51423769223986, 'cz_85_86': 84.0, 'cz_87_88': 84.0, 'rz_88': 43.894844069643376, 'cz_88_89': 84.0, 'sx_89': 32.0, 'rz_89': 92.44566981127214, 'cz_90_89': 100.0, 'sx_90': 32.0, 'sx_88': 32.0, 'cz_88_94': 92.0, 'rz_94': 93.45564747410262, 'sx_94': 32.0, 'cz_94_107': 104.0, 'sx_107': 32.0, 'rz_107': 13.025175143740704, 'cz_107_108': 84.0, 'sx_108': 32.0, 'rz_108': 78.93792130951046, 'cz_106_107': 84.0, 'cz_108_109': 124.0, 'cz_108_107': 84.0, 'cz_109_108': 124.0, 'cz_107_106': 84.0, 'sx_106': 32.0, 'rz_106': 88.48393921044187, 'cz_107_94': 104.0, 'cz_94_88': 92.0, 'cz_89_88': 84.0, 'cz_88_87': 84.0, 'cz_89_90': 100.0, 'rz_90': 96.63558247301286, 'cz_90_75': 104.0, 'sx_75': 32.0, 'rz_75': 40.74934369457082, 'cz_75_71': 119.99999999999999, 'sx_71': 32.0, 'cz_71_70': 84.0, 'cz_70_69': 84.0, 'cz_74_67': 88.0, 'cz_66_65': 84.0, 'cz_55_46': 100.0, 'cz_45_44': 84.0, 'rz_44': 86.99664278176284, 'rz_43': 64.22321225988293, 'cz_44_43': 84.0, 'rz_24': 71.82816817431848, 'cz_24_23': 84.0, 'rz_23': 85.77285937744472, 'sx_23': 32.0, 'cz_16_23': 184.0, 'sx_16': 32.0, 'cz_23_24': 84.0, 'cz_47_46': 84.0, 'cz_46_45': 124.0, 'cz_65_55': 124.0, 'cz_86_74': 124.0, 'cz_87_86': 84.0, 'cz_48_47': 84.0, 'sx_48': 32.0, 'cz_47_48': 84.0, 'rz_48': 16.880454585292977, 'cz_36_48': 84.0, 'sx_36': 32.0, 'cz_36_29': 84.0, 'cz_48_36': 84.0, 'cz_30_29': 84.0, 'cz_29_36': 84.0, 'rz_36': 70.9603592417895, 'cz_49_48': 84.0, 'cz_48_49': 84.0, 'rz_49': 67.11172506314495, 'sx_49': 32.0, 'cz_50_49': 84.0, 'cz_49_50': 84.0, 'cz_56_50': 100.0, 'cz_43_42': 84.0, 'cz_69_56': 152.0, 'rz_84': 24.507796632931438, 'rz_93': 64.97397625510732, 'cz_84_85': 104.0, 'rz_85': 95.52919597948475, 'cz_106_105': 84.0, 'sx_105': 32.0, 'cz_105_104': 104.0, 'sx_104': 32.0, 'cz_104_103': 100.0, 'cz_103_93': 124.0, 'cz_93_84': 84.0, 'cz_84_83': 124.0, 'sx_83': 32.0, 'rz_83': 96.15546515192032, 'cz_71_75': 119.99999999999999, 'cz_75_90': 104.0, 'cz_51_50': 84.0, 'cz_70_71': 84.0, 'rz_71': 46.146426678973434, 'measure_113': 1560.0}","{'3': 0.013700000000000045, '4': 0.015700000000000047, '5': 0.03539999999999999, '8': 0.025700000000000056, '15': 0.013600000000000056, '16': 0.010399999999999965, '17': 0.016699999999999937, '19': 0.035800000000000054, '20': 0.008499999999999952, '21': 0.04069999999999996, '22': 0.011800000000000033, '23': 0.017199999999999993, '24': 0.007199999999999984, '25': 0.020399999999999974, '26': 0.005099999999999993, '27': 0.02849999999999997, '28': 0.0129999999999999, '29': 0.025700000000000056, '30': 0.00990000000000002, '31': 0.07220000000000004, '32': 0.022499999999999964, '33': 0.05249999999999999, '34': 0.013800000000000034, '35': 0.011199999999999988, '36': 0.010399999999999965, '38': 0.1099, '39': 0.010499999999999954, '40': 0.023399999999999976, '41': 0.03400000000000003, '42': 0.025700000000000056, '43': 0.012199999999999989, '44': 0.021600000000000064, '45': 0.028899999999999926, '46': 0.034599999999999964, '47': 0.01550000000000007, '48': 0.05590000000000006, '49': 0.007800000000000029, '50': 0.03620000000000001, '51': 0.007099999999999995, '52': 0.009000000000000008, '53': 0.011299999999999977, '54': 0.007200000000000095, '55': 0.011199999999999988, '56': 0.01090000000000002, '57': 0.015800000000000036, '58': 0.009500000000000064, '59': 0.023600000000000065, '60': 0.018100000000000005, '61': 0.02069999999999994, '62': 0.015600000000000058, '63': 0.021199999999999997, '64': 0.01629999999999998, '65': 0.01539999999999997, '66': 0.01090000000000002, '67': 0.058499999999999996, '68': 0.02639999999999998, '69': 0.03720000000000001, '70': 0.043300000000000005, '71': 0.03600000000000003, '72': 0.014399999999999968, '73': 0.00869999999999993, '74': 0.006900000000000017, '75': 0.06679999999999997, '76': 0.0343, '77': 0.012699999999999934, '78': 0.0363, '79': 0.03370000000000006, '80': 0.023500000000000076, '81': 0.02400000000000002, '82': 0.05800000000000005, '83': 0.010499999999999954, '84': 0.06340000000000001, '85': 0.025399999999999978, '86': 0.09360000000000002, '87': 0.005400000000000071, '88': 0.042100000000000026, '89': 0.010699999999999932, '90': 0.03390000000000004, '92': 0.005600000000000049, '93': 0.008700000000000041, '94': 0.012199999999999989, '97': 0.03170000000000006, '98': 0.01529999999999998, '99': 0.015900000000000025, '100': 0.018000000000000016, '101': 0.04380000000000006, '102': 0.007900000000000018, '103': 0.01990000000000003, '104': 0.011800000000000033, '105': 0.02210000000000001, '106': 0.026799999999999935, '107': 0.03069999999999995, '108': 0.006299999999999972, '109': 0.0413, '110': 0.006599999999999939, '111': 0.01539999999999997, '112': 0.009600000000000053, '113': 0.1896, '119': 0.026000000000000023, '120': 0.01629999999999998, '121': 0.03639999999999999}"
3,washington,127,4145,"{'rz_8': 0.004386965295477118, 'sx_8': 0.00028143735341571216, 'rz_11': 0.0023009849094687363, 'sx_11': 0.0017280054683283049, 'rz_12': 0.002170782236087785, 'sx_12': 0.0022850311836014265, 'rz_15': 0.002417087572445217, 'sx_15': 0.0006223242690627873, 'rz_16': 0.0020114321329470757, 'sx_16': 0.00016680739769151217, 'rz_17': 0.004911364181800401, 'sx_17': 0.0013367139510720677, 'rz_19': 0.004404827518106409, 'sx_19': 0.00023402151647978933, 'rz_20': 0.001041774257526859, 'sx_20': 0.00022673788656796164, 'cx_19_20': 0.00593891532992627, 'cx_20_19': 0.00593891532992627, 'rz_21': 0.0035454887634952677, 'sx_21': 0.0012399243539880386, 'rz_22': 0.004320866443911495, 'sx_22': 0.005549107536984753, 'cx_15_22': 0.022981073988750933, 'cx_22_15': 0.022981073988750933, 'rz_23': 0.00013764592405989722, 'sx_23': 0.0005620849291805753, 'cx_22_23': 0.016587630192480468, 'cx_23_22': 0.016587630192480468, 'rz_24': 0.0008592771755605269, 'sx_24': 0.003247782588873444, 'rz_25': 0.0018182476093042458, 'sx_25': 0.00020862166188869824, 'rz_26': 0.0004508257276628858, 'sx_26': 0.00019009996039390646, 'rz_27': 0.003947080792341222, 'sx_27': 0.00018922760131097482, 'rz_28': 0.0027344073261244732, 'sx_28': 0.00018817528719210788, 'rz_29': 0.0034413722636215866, 'sx_29': 0.0005014842579937383, 'rz_30': 0.002517568762582975, 'sx_30': 0.00027640535019682414, 'rz_31': 0.00021877865882166054, 'sx_31': 0.0002235525874842101, 'rz_32': 0.003932588876935494, 'sx_32': 0.00030130410867712206, 'rz_33': 0.0011602737850451988, 'sx_33': 0.0002731345351732058, 'cx_20_33': 0.010963720688284884, 'cx_33_20': 0.010963720688284884, 'rz_34': 0.0016806124591041327, 'sx_34': 0.00022821541531042598, 'rz_35': 0.00033125278341023385, 'sx_35': 0.00022748659413939496, 'rz_36': 0.004931055975028822, 'sx_36': 0.00019594719570676273, 'cx_32_36': 0.007651699209072826, 'cx_36_32': 0.007651699209072826, 'cx_31_32': 0.00775449476600204, 'cx_32_31': 0.00775449476600204, 'rz_37': 0.003146994907102519, 'sx_37': 0.026508955627887475, 'rz_38': 0.0014685580744767924, 'sx_38': 0.0002556326781022323, 'rz_39': 0.002353406661068214, 'sx_39': 0.00023979541761294545, 'cx_33_39': 0.011134445165424223, 'cx_39_33': 0.011134445165424223, 'rz_40': 0.0009258336461359026, 'sx_40': 0.0003148765569451491, 'cx_39_40': 0.01094422626010047, 'cx_40_39': 0.01094422626010047, 'cx_21_20': 0.012578526907353033, 'cx_20_21': 0.012578526907353033, 'x_40': 0.0003148765569451491, 'sx_41': 0.00029530006776756784, 'rz_42': 0.0009033236647150324, 'sx_42': 0.00023790739529699393, 'rz_43': 0.0007836926207308312, 'sx_43': 0.0021774261165083937, 'rz_44': 0.0006121526290387159, 'sx_44': 0.000659764026431041, 'rz_45': 0.00040552492936607784, 'sx_45': 0.0003360255136615447, 'rz_46': 0.00255610466533483, 'sx_46': 0.00019619260943853933, 'rz_47': 0.0032353150479557933, 'sx_47': 0.0001791802568091974, 'rz_48': 0.0022260688010437325, 'sx_48': 0.00017297606043704345, 'rz_49': 0.0035159063615031695, 'sx_49': 0.0002173218692820851, 'rz_50': 0.004188543461879724, 'sx_50': 0.00021153370014956267, 'rz_51': 0.003657619381166672, 'sx_51': 0.0002444945920081518, 'cx_51_50': 0.006639250269048214, 'cx_50_51': 0.006639250269048214, 'x_50': 0.00021153370014956267, 'cx_36_51': 0.006078482865652268, 'cx_51_36': 0.006078482865652268, 'rz_52': 0.002315730162501284, 'sx_52': 0.0002742198673087046, 'rz_53': 0.00038128612730259646, 'sx_53': 0.0013284292425785587, 'rz_54': 0.002723718319556564, 'sx_54': 0.00023416196012732493, 'rz_55': 0.004962515961881673, 'sx_55': 0.00023664022750477222, 'rz_56': 0.001565521534256315, 'sx_56': 0.0002778784235550578, 'rz_57': 0.0035302928988730814, 'sx_57': 0.00020693392484422973, 'rz_58': 0.0042527965732744415, 'sx_58': 0.0001949906648918238, 'rz_59': 0.0017427776028445215, 'sx_59': 0.0002634422279662771, 'rz_60': 0.0016351686142460607, 'sx_60': 0.00033241423866811403, 'rz_61': 0.004007668632093117, 'sx_61': 0.00018666988741812088, 'rz_62': 0.0003616608106557722, 'sx_62': 0.00018361435549580296, 'rz_63': 0.0017291929783662659, 'sx_63': 0.00020760888441626111, 'rz_64': 0.0005955811036992174, 'sx_64': 0.00035602128769237723, 'rz_65': 0.003490017360280958, 'sx_65': 0.00020152042464912365, 'cx_64_65': 0.016980746871341212, 'cx_65_64': 0.016980746871341212, 'rz_66': 0.004028795996259341, 'sx_66': 0.001864203001593195, 'rz_67': 0.0026506778073235324, 'sx_67': 0.0009710554143420611, 'rz_68': 0.0026242534211992604, 'sx_68': 0.0005081911199032902, 'rz_69': 0.0024528229256852285, 'sx_69': 0.00018840957495220106, 'rz_71': 0.00021434777181088163, 'sx_71': 0.0005759248975743239, 'rz_72': 0.0021112991622973098, 'sx_72': 0.0002205843509027754, 'rz_73': 0.002823541482257346, 'sx_73': 0.00019212741503611832, 'rz_74': 0.0007655483921819624, 'sx_74': 0.00021317804880845441, 'rz_75': 0.0028791719669784177, 'sx_75': 0.0002733078588386084, 'rz_76': 0.001325763083918696, 'sx_76': 0.00018791073493388562, 'rz_77': 0.0017844497885418516, 'sx_77': 0.000288990576630191, 'cx_76_77': 0.00883758510202845, 'cx_77_76': 0.00883758510202845, 'cx_75_76': 0.015006395015834173, 'cx_77_71': 0.010370853210407566, 'cx_76_75': 0.015006395015834173, 'x_76': 0.00018791073493388562, 'cx_71_77': 0.010370853210407566, 'cx_71_58': 0.04162172154030255, 'cx_58_71': 0.04162172154030255, 'cx_58_59': 0.009652091426844783, 'cx_59_58': 0.009652091426844783, 'x_59': 0.0002634422279662771, 'rz_78': 0.004157414214733099, 'sx_78': 0.00022906535750387365, 'rz_79': 0.0032543256637843614, 'sx_79': 0.00038470611636902446, 'rz_80': 0.004409160288886538, 'sx_80': 0.00029597534063057987, 'rz_81': 0.0041938122324728, 'sx_81': 0.00034713409964470967, 'rz_82': 0.0005889659400920638, 'sx_82': 0.0005153245594350099, 'rz_83': 0.00043781158234072786, 'sx_83': 0.00045435629531546544, 'rz_84': 0.004856743640854026, 'sx_84': 0.00018670295571013786, 'rz_85': 0.0003739712590882497, 'sx_85': 0.0002045310642847741, 'rz_86': 0.004806986471534948, 'sx_86': 0.00022824005621498522, 'rz_87': 0.0012459229542770931, 'sx_87': 0.0002726137761691845, 'rz_88': 0.0027854346959533195, 'sx_88': 0.00017235582919403582, 'rz_89': 0.002930591162728827, 'sx_89': 0.0002811181702834337, 'rz_90': 0.001515294483061858, 'sx_90': 0.0003070049728538139, 'cx_90_75': 0.010962788972746551, 'cx_75_90': 0.010962788972746551, 'sx_91': 0.00048275665765505106, 'rz_92': 0.003561254705486779, 'sx_92': 0.0002374360699710165, 'rz_93': 0.00277352863268677, 'sx_93': 0.0002458984291050947, 'rz_96': 0.001621514506182334, 'sx_96': 0.00022023377643090345, 'rz_97': 0.0007059187888060308, 'sx_97': 0.00024709835884755444, 'rz_98': 0.0011566925493104215, 'sx_98': 0.010938101207084622, 'rz_99': 0.0026032445616345733, 'sx_99': 0.0018532976394111627, 'sx_100': 0.00018651414368773533, 'rz_100': 0.0018173946027644696, 'rz_101': 0.0018534482169405395, 'sx_101': 0.00022571486196316058, 'rz_102': 0.001119483235765872, 'sx_102': 0.00020950082450013965, 'rz_103': 0.0012330209233438962, 'sx_103': 0.00024367494537131334, 'rz_104': 0.004127096425641831, 'sx_104': 0.0005337845142513803, 'sx_105': 0.0003165102379703597, 'rz_105': 0.002410592824290936, 'sx_106': 0.00047217004842268573, 'rz_110': 0.0025970466022715963, 'sx_110': 0.0004245530998019005, 'cx_110_100': 0.018591220261317043, 'x_110': 0.0004245530998019005, 'cx_100_101': 0.005238984378845846, 'cx_101_100': 0.005238984378845846, 'cx_101_102': 0.006842537573095192, 'cx_102_101': 0.006842537573095192, 'cx_92_102': 0.011055785126207335, 'x_92': 0.0002374360699710165, 'cx_103_102': 0.011216522209842095, 'x_103': 0.00024367494537131334, 'cx_104_103': 0.01594529348476517, 'cx_103_104': 0.01594529348476517, 'cx_102_92': 0.011055785126207335, 'cx_92_83': 0.00911551224299148, 'cx_102_103': 0.011216522209842095, 'cx_83_92': 0.00911551224299148, 'cx_83_84': 0.03312961865065403, 'cx_84_83': 0.03312961865065403, 'cx_82_83': 0.045700549059452755, 'cx_84_85': 0.006380398341743226, 'cx_83_82': 0.045700549059452755, 'cx_85_84': 0.006380398341743226, 'cx_85_86': 0.04212422986864292, 'x_85': 0.0002045310642847741, 'cx_85_73': 0.006508920251338202, 'cx_73_85': 0.006508920251338202, 'cx_66_73': 0.034764761777276304, 'x_73': 0.00019212741503611832, 'x_66': 0.001864203001593195, 'cx_66_67': 0.055888700792184776, 'x_67': 0.0009710554143420611, 'cx_67_66': 0.055888700792184776, 'cx_67_68': 0.022292686901866504, 'cx_68_67': 0.022292686901866504, 'cx_68_55': 0.016592654354733838, 'cx_55_68': 0.016592654354733838, 'cx_55_49': 0.007712955370482694, 'cx_69_68': 0.010702883934146645, 'cx_49_55': 0.007712955370482694, 'cx_50_49': 0.008561635602283069, 'cx_68_69': 0.010702883934146645, 'x_49': 0.0002173218692820851, 'cx_49_48': 0.0071978789364175455, 'cx_48_49': 0.0071978789364175455, 'cx_48_47': 0.006446000766308552, 'cx_47_48': 0.006446000766308552, 'cx_47_35': 0.006683052735475509, 'cx_35_47': 0.006683052735475509, 'cx_35_28': 0.014753779487339913, 'cx_28_35': 0.014753779487339913, 'cx_28_29': 0.008795123256846088, 'x_28': 0.00018817528719210788, 'x_29': 0.0005014842579937383, 'cx_30_29': 0.01081407291175393, 'cx_29_30': 0.01081407291175393, 'cx_17_30': 0.020235013502087174, 'cx_30_17': 0.020235013502087174, 'cx_12_17': 1, 'cx_17_12': 1, 'cx_11_12': 0.0699974021373728, 'cx_12_11': 0.0699974021373728, 'x_35': 0.00022748659413939496, 'cx_27_28': 0.01664480421757908, 'cx_29_28': 0.008795123256846088, 'x_27': 0.00018922760131097482, 'cx_27_26': 0.008295960254763535, 'x_26': 0.00019009996039390646, 'cx_26_27': 0.008295960254763535, 'cx_26_16': 0.008296034505854921, 'x_16': 0.00016680739769151217, 'cx_8_16': 0.02383618076201502, 'cx_16_8': 0.02383618076201502, 'cx_28_27': 0.01664480421757908, 'cx_26_25': 0.01763908114990373, 'cx_25_26': 0.01763908114990373, 'cx_16_26': 0.008296034505854921, 'cx_25_24': 0.010299452940393583, 'cx_24_25': 0.010299452940393583, 'cx_24_34': 0.017413336038008376, 'cx_34_24': 0.017413336038008376, 'cx_23_24': 0.015710465825038017, 'cx_34_43': 0.020356664523594664, 'cx_24_23': 0.015710465825038017, 'cx_43_34': 0.020356664523594664, 'cx_43_42': 0.010941572691143653, 'cx_42_43': 0.010941572691143653, 'cx_41_42': 0.009032877640917758, 'cx_44_43': 0.012952292119351533, 'cx_43_44': 0.012952292119351533, 'rz_41': 0.0015115414736708802, 'cx_41_53': 0.023204755958385365, 'cx_42_41': 0.009032877640917758, 'x_41': 0.00029530006776756784, 'cx_53_60': 0.01788280355556557, 'x_53': 0.0013284292425785587, 'x_55': 0.00023664022750477222, 'cx_60_53': 0.01788280355556557, 'cx_60_59': 0.00969850218483187, 'x_60': 0.00033241423866811403, 'cx_60_61': 0.015283721633168323, 'x_61': 0.00018666988741812088, 'cx_62_61': 0.00756058381593927, 'cx_61_62': 0.00756058381593927, 'cx_72_62': 0.016496669018957383, 'cx_62_72': 0.016496669018957383, 'cx_63_62': 0.00850162154805345, 'cx_62_63': 0.00850162154805345, 'cx_53_41': 0.023204755958385365, 'cx_59_60': 0.00969850218483187, 'cx_40_41': 0.007566658475245264, 'x_33': 0.0002731345351732058, 'x_34': 0.00022821541531042598, 'x_24': 0.003247782588873444, 'x_43': 0.0021774261165083937, 'cx_44_45': 0.03977152632000272, 'cx_45_44': 0.03977152632000272, 'cx_46_45': 0.0247251394498193, 'x_44': 0.000659764026431041, 'x_46': 0.00019619260943853933, 'cx_47_46': 0.014749336550677838, 'cx_46_47': 0.014749336550677838, 'cx_49_50': 0.008561635602283069, 'cx_54_45': 0.03644077078410296, 'x_54': 0.00023416196012732493, 'x_45': 0.0003360255136615447, 'cx_45_46': 0.0247251394498193, 'cx_45_54': 0.03644077078410296, 'cx_41_40': 0.007566658475245264, 'cx_38_39': 0.007517381387438654, 'x_38': 0.0002556326781022323, 'x_39': 0.00023979541761294545, 'cx_39_38': 0.007517381387438654, 'cx_38_37': 0.013208998638099156, 'x_37': 0.026508955627887475, 'cx_37_38': 0.013208998638099156, 'cx_37_52': 0.028642897630428127, 'cx_52_37': 0.028642897630428127, 'cx_52_56': 0.010262809926112004, 'cx_56_52': 0.010262809926112004, 'cx_56_57': 0.009607814036028284, 'cx_57_56': 0.009607814036028284, 'cx_57_58': 0.006206735534687952, 'cx_58_57': 0.006206735534687952, 'x_71': 0.0005759248975743239, 'x_77': 0.000288990576630191, 'cx_77_78': 0.015290566830804764, 'cx_78_77': 0.015290566830804764, 'cx_78_79': 0.011147056429749391, 'cx_79_78': 0.011147056429749391, 'cx_80_79': 0.00826681150929115, 'cx_61_60': 0.015283721633168323, 'x_80': 0.00029597534063057987, 'x_78': 0.00022906535750387365, 'cx_79_80': 0.00826681150929115, 'cx_80_81': 0.01157627028274541, 'x_79': 0.00038470611636902446, 'x_81': 0.00034713409964470967, 'cx_81_80': 0.01157627028274541, 'cx_81_82': 0.01050016631568984, 'cx_82_81': 0.01050016631568984, 'x_82': 0.0005153245594350099, 'cx_73_66': 0.034764761777276304, 'cx_65_66': 0.021816684464622343, 'cx_66_65': 0.021816684464622343, 'cx_64_63': 0.012348826723895645, 'cx_63_64': 0.012348826723895645, 'cx_72_81': 0.009654559853420785, 'cx_81_72': 0.009654559853420785, 'cx_91_79': 0.010278216419295383, 'rz_91': 0.003895745032701835, 'cx_91_98': 0.01751411644106307, 'cx_97_98': 0.020838011850274563, 'cx_96_97': 0.0072616994392877, 'cx_97_96': 0.0072616994392877, 'cx_99_98': 0.0923325890222163, 'cx_98_99': 0.0923325890222163, 'cx_99_100': 0.03837412704325838, 'cx_100_99': 0.03837412704325838, 'cx_100_110': 0.018591220261317043, 'sx_111': 0.0003481671543681323, 'rz_115': 0.0016700363276394047, 'sx_115': 0.0002954927903082008, 'rz_116': 0.0018483804082245945, 'sx_116': 0.0002592406359852642, 'rz_117': 0.004464516889619302, 'sx_117': 0.00030592486645954117, 'rz_118': 0.0010886521295892277, 'sx_118': 0.0002110212855896815, 'cx_110_118': 0.013230284238192697, 'cx_117_118': 0.008229782604835006, 'cx_116_117': 0.008247154584408334, 'cx_117_116': 0.008247154584408334, 'cx_115_116': 0.010250972263910196, 'cx_116_115': 0.010250972263910196, 'rz_119': 0.0010112997101159402, 'sx_119': 0.014816578600154806, 'cx_119_118': 0.0340057382567944, 'cx_118_119': 0.0340057382567944, 'rz_120': 0.003538706562140199, 'sx_120': 0.0002333507192308401, 'cx_119_120': 0.033249221735297096, 'cx_120_119': 0.033249221735297096, 'rz_121': 0.0008810431616100436, 'sx_121': 0.00019631639115780348, 'cx_120_121': 0.010683407129547795, 'cx_121_120': 0.010683407129547795, 'rz_122': 0.00025256684838707134, 'sx_122': 0.0002874225643324545, 'cx_122_121': 0.019419358354763577, 'cx_121_122': 0.019419358354763577, 'cx_111_122': 0.012330563187112425, 'rz_111': 0.0037651485200565025, 'cx_111_104': 0.016866414618899567, 'cx_104_111': 0.016866414618899567, 'cx_104_105': 0.04192405799171986, 'cx_106_105': 0.011728694028317221, 'rz_106': 0.0007425074704333784, 'cx_106_93': 0.0076474571835702665, 'cx_93_106': 0.0076474571835702665, 'cx_93_87': 0.009154628763937467, 'cx_87_93': 0.009154628763937467, 'cx_88_87': 0.006500725114853806, 'cx_89_88': 0.010956591616390482, 'cx_88_89': 0.010956591616390482, 'cx_74_89': 0.01022553867562842, 'cx_89_74': 0.01022553867562842, 'cx_87_88': 0.006500725114853806, 'x_87': 0.0002726137761691845, 'x_93': 0.0002458984291050947, 'x_104': 0.0005337845142513803, 'x_121': 0.00019631639115780348, 'cx_118_110': 0.013230284238192697, 'cx_98_97': 0.020838011850274563, 'x_68': 0.0005081911199032902, 'x_105': 0.0003165102379703597, 'cx_105_104': 0.04192405799171986, 'cx_105_106': 0.011728694028317221, 'x_111': 0.0003481671543681323, 'cx_118_117': 0.008229782604835006, 'cx_122_111': 0.012330563187112425, 'x_117': 0.00030592486645954117, 'x_91': 0.00048275665765505106, 'cx_79_91': 0.010278216419295383, 'x_118': 0.0002110212855896815, 'x_65': 0.00020152042464912365, 'x_96': 0.00022023377643090345, 'cx_98_91': 0.01751411644106307, 'x_97': 0.00024709835884755444, 'x_99': 0.0018532976394111627, 'cx_54_64': 0.008709530010367561, 'cx_64_54': 0.008709530010367561, 'x_72': 0.0002205843509027754, 'cx_22_21': 0.019904300501000005, 'cx_21_22': 0.019904300501000005, 'x_90': 0.0003070049728538139, 'x_62': 0.00018361435549580296, 'x_119': 0.014816578600154806, 'x_64': 0.00035602128769237723, 'x_57': 0.00020693392484422973, 'cx_31_30': 0.008019235031203359, 'cx_30_31': 0.008019235031203359, 'x_120': 0.0002333507192308401, 'cx_86_85': 0.04212422986864292, 'x_115': 0.0002954927903082008, 'x_100': 0.00018651414368773533, 'x_101': 0.00022571486196316058, 'x_122': 0.0002874225643324545, 'measure_106': 0.015000000000000013, 'measure_93': 0.07729999999999992, 'measure_105': 0.01429999999999998, 'measure_88': 0.01429999999999998, 'measure_87': 0.04469999999999996, 'measure_89': 0.01100000000000001, 'measure_104': 0.01089999999999991, 'measure_103': 0.0131, 'measure_102': 0.007900000000000018, 'measure_101': 0.02859999999999996, 'measure_111': 0.0121, 'measure_118': 0.011300000000000088, 'measure_119': 0.01770000000000005, 'measure_120': 0.010299999999999976, 'measure_99': 0.0686, 'measure_98': 0.01849999999999996, 'measure_97': 0.0050000000000000044, 'measure_91': 0.028699999999999948, 'measure_79': 0.01539999999999997, 'measure_96': 0.012199999999999989, 'measure_110': 0.016599999999999948, 'measure_92': 0.00770000000000004, 'measure_121': 0.01770000000000005, 'measure_100': 0.03299999999999992, 'measure_117': 0.006900000000000017, 'measure_116': 0.008099999999999996, 'measure_115': 0.01529999999999998, 'measure_122': 0.05130000000000001, 'measure_82': 0.0373, 'measure_85': 0.010199999999999987, 'measure_80': 0.07740000000000002, 'measure_84': 0.005600000000000049, 'measure_86': 0.008599999999999941, 'measure_72': 0.008499999999999952, 'measure_62': 0.005400000000000071, 'measure_63': 0.0041999999999999815, 'measure_45': 0.0353, 'measure_54': 0.012399999999999967, 'measure_64': 0.012399999999999967, 'measure_47': 0.016100000000000003, 'measure_35': 0.006700000000000039, 'measure_48': 0.005900000000000016, 'measure_46': 0.07420000000000004, 'measure_30': 0.009600000000000053, 'measure_44': 0.026699999999999946, 'measure_28': 0.009700000000000042, 'measure_29': 0.007600000000000051, 'measure_59': 0.006699999999999928, 'measure_61': 0.02970000000000006, 'measure_60': 0.055400000000000005, 'measure_53': 0.045600000000000085, 'measure_58': 0.01959999999999995, 'measure_57': 0.01529999999999998, 'measure_41': 0.02859999999999996, 'measure_42': 0.006299999999999972, 'measure_31': 0.014499999999999957, 'measure_27': 0.03200000000000003, 'measure_78': 0.024399999999999977, 'measure_65': 0.0033000000000000806, 'measure_39': 0.015700000000000047, 'measure_20': 0.007000000000000006, 'measure_33': 0.009600000000000053, 'measure_43': 0.02059999999999995, 'measure_16': 0.006000000000000005, 'measure_21': 0.03980000000000006, 'measure_67': 0.04610000000000003, 'measure_38': 0.00990000000000002, 'measure_24': 0.024499999999999966, 'measure_34': 0.020100000000000007, 'measure_25': 0.014699999999999935, 'measure_17': 0.050000000000000044, 'measure_19': 0.017900000000000027, 'measure_77': 0.017100000000000004, 'measure_71': 0.014699999999999935, 'measure_40': 0.009600000000000053, 'measure_26': 0.008499999999999952, 'measure_12': 0.245, 'measure_23': 0.11809999999999998, 'measure_8': 0.013700000000000045, 'measure_56': 0.007000000000000006, 'measure_11': 0.13190000000000002, 'measure_90': 0.026699999999999946, 'measure_76': 0.008299999999999974, 'measure_15': 0.035700000000000065, 'measure_52': 0.00550000000000006, 'measure_81': 0.04800000000000004, 'measure_22': 0.023499999999999965, 'measure_37': 0.02180000000000004, 'measure_75': 0.011400000000000077, 'measure_83': 0.034499999999999975, 'measure_49': 0.009000000000000008, 'measure_50': 0.014100000000000001, 'measure_66': 0.02410000000000001, 'measure_55': 0.00990000000000002, 'measure_51': 0.005900000000000016, 'measure_68': 0.007299999999999973, 'measure_73': 0.006799999999999917, 'measure_36': 0.0044999999999999485, 'measure_69': 0.043300000000000005, 'measure_32': 0.010399999999999965, 'measure_74': 0.023500000000000076}","{'rz_110': 10.926513300915623, 'sx_110': 35.55555555555556, 'cx_110_100': 796.4444444444443, 'x_110': 35.55555555555556, 'rz_100': 83.27315916212065, 'sx_100': 35.55555555555556, 'cx_100_101': 419.55555555555554, 'cx_101_100': 384.0, 'cx_101_102': 362.66666666666663, 'cx_102_101': 398.2222222222222, 'rz_102': 76.3256237462576, 'sx_102': 35.55555555555556, 'cx_92_102': 540.4444444444445, 'x_92': 35.55555555555556, 'cx_103_102': 355.55555555555554, 'x_103': 35.55555555555556, 'cx_102_92': 576.0, 'cx_92_83': 405.3333333333333, 'cx_83_92': 440.88888888888886, 'cx_83_84': 490.66666666666663, 'cx_84_83': 526.2222222222222, 'cx_84_85': 433.77777777777777, 'cx_85_84': 398.2222222222222, 'sx_85': 35.55555555555556, 'rz_85': 43.85069852302319, 'cx_85_86': 433.77777777777777, 'x_85': 35.55555555555556, 'cx_85_73': 426.66666666666663, 'cx_73_85': 462.2222222222222, 'rz_73': 60.41795959584138, 'sx_73': 35.55555555555556, 'cx_66_73': 405.3333333333333, 'sx_66': 35.55555555555556, 'x_66': 35.55555555555556, 'rz_66': 78.15914569658865, 'cx_66_67': 888.8888888888888, 'x_73': 35.55555555555556, 'cx_67_66': 924.4444444444443, 'cx_67_68': 433.77777777777777, 'cx_68_67': 398.2222222222222, 'cx_68_55': 433.77777777777777, 'cx_55_68': 469.3333333333333, 'cx_55_49': 483.5555555555555, 'cx_49_55': 448.0, 'sx_49': 35.55555555555556, 'rz_49': 15.100727979122482, 'cx_50_49': 462.2222222222222, 'x_50': 35.55555555555556, 'x_49': 35.55555555555556, 'cx_49_48': 405.3333333333333, 'cx_48_49': 440.88888888888886, 'cx_48_47': 376.88888888888886, 'cx_47_48': 341.3333333333333, 'cx_47_35': 412.4444444444444, 'cx_35_47': 376.88888888888886, 'cx_35_28': 1088.0, 'cx_28_35': 1123.5555555555554, 'sx_28': 35.55555555555556, 'rz_28': 15.042707030822537, 'cx_28_29': 412.4444444444444, 'x_28': 35.55555555555556, 'x_29': 35.55555555555556, 'rz_29': 76.4968278095627, 'cx_30_29': 604.4444444444445, 'cx_29_30': 568.8888888888889, 'x_35': 35.55555555555556, 'cx_27_28': 1009.7777777777776, 'sx_27': 35.55555555555556, 'x_27': 35.55555555555556, 'rz_27': 34.6672337441565, 'cx_27_26': 348.4444444444444, 'cx_26_27': 384.0, 'rz_26': 50.21208489389043, 'sx_26': 35.55555555555556, 'cx_26_16': 312.88888888888886, 'x_26': 35.55555555555556, 'cx_28_27': 1045.3333333333333, 'cx_26_25': 426.66666666666663, 'cx_25_26': 462.2222222222222, 'cx_25_24': 419.55555555555554, 'cx_24_25': 455.1111111111111, 'cx_24_34': 952.8888888888888, 'cx_34_24': 917.3333333333333, 'cx_34_43': 1144.888888888889, 'cx_43_34': 1180.4444444444443, 'cx_43_42': 839.1111111111111, 'cx_42_43': 803.5555555555555, 'rz_42': 64.8720733019542, 'sx_42': 35.55555555555556, 'cx_41_42': 583.1111111111111, 'sx_41': 35.55555555555556, 'rz_41': 72.81332992791476, 'cx_41_53': 355.55555555555554, 'cx_42_41': 618.6666666666666, 'x_41': 35.55555555555556, 'rz_53': 44.51991581157841, 'sx_53': 35.55555555555556, 'cx_53_60': 384.0, 'cx_60_53': 419.55555555555554, 'rz_60': 75.67117448438837, 'sx_60': 35.55555555555556, 'cx_60_59': 405.3333333333333, 'x_60': 35.55555555555556, 'rz_59': 19.901367090785794, 'cx_58_59': 462.2222222222222, 'cx_59_58': 426.66666666666663, 'x_59': 35.55555555555556, 'cx_60_61': 426.66666666666663, 'x_61': 35.55555555555556, 'rz_61': 69.4465490172633, 'cx_62_61': 561.7777777777777, 'cx_61_62': 526.2222222222222, 'cx_53_41': 391.1111111111111, 'cx_40_41': 320.0, 'x_40': 35.55555555555556, 'rz_40': 15.556019007760742, 'cx_39_40': 647.1111111111111, 'cx_40_39': 611.5555555555555, 'rz_34': 35.02759634268997, 'sx_34': 35.55555555555556, 'x_34': 35.55555555555556, 'x_24': 35.55555555555556, 'rz_24': 42.1084514533324, 'cx_23_24': 846.2222222222222, 'cx_24_23': 881.7777777777777, 'rz_43': 95.70632689127171, 'sx_43': 35.55555555555556, 'cx_44_43': 391.1111111111111, 'sx_44': 35.55555555555556, 'rz_44': 60.64675979401263, 'cx_44_45': 1073.7777777777778, 'cx_45_44': 1109.3333333333333, 'rz_45': 16.068704156682447, 'sx_45': 35.55555555555556, 'cx_46_45': 832.0, 'x_46': 35.55555555555556, 'rz_46': 50.88773972403161, 'cx_47_46': 945.7777777777777, 'cx_46_47': 910.2222222222222, 'cx_43_44': 426.66666666666663, 'cx_41_40': 355.55555555555554, 'sx_39': 35.55555555555556, 'rz_39': 43.884382389052, 'cx_38_39': 440.88888888888886, 'x_38': 35.55555555555556, 'cx_39_33': 348.4444444444444, 'x_39': 35.55555555555556, 'cx_39_38': 476.4444444444444, 'sx_38': 35.55555555555556, 'rz_38': 25.638562128765408, 'cx_38_37': 426.66666666666663, 'cx_33_39': 384.0, 'cx_37_38': 462.2222222222222, 'cx_37_52': 1016.8888888888888, 'cx_52_37': 981.3333333333333, 'cx_52_56': 561.7777777777777, 'cx_56_52': 526.2222222222222, 'cx_56_57': 419.55555555555554, 'cx_57_56': 384.0, 'cx_57_58': 412.4444444444444, 'cx_58_57': 448.0, 'cx_58_71': 490.66666666666663, 'cx_71_58': 455.1111111111111, 'cx_71_77': 462.2222222222222, 'cx_77_71': 426.66666666666663, 'rz_77': 50.34538257196768, 'sx_77': 35.55555555555556, 'cx_77_76': 369.77777777777777, 'x_77': 35.55555555555556, 'cx_77_78': 917.3333333333333, 'cx_78_77': 881.7777777777777, 'cx_78_79': 640.0, 'cx_79_78': 675.5555555555555, 'sx_79': 35.55555555555556, 'rz_79': 51.119228873545254, 'cx_80_79': 312.88888888888886, 'x_80': 35.55555555555556, 'x_78': 35.55555555555556, 'rz_78': 52.150750202849956, 'cx_79_80': 348.4444444444444, 'rz_80': 44.670929119379096, 'sx_80': 35.55555555555556, 'cx_80_81': 540.4444444444445, 'cx_81_80': 576.0, 'cx_81_82': 533.3333333333333, 'cx_82_81': 497.7777777777778, 'cx_82_83': 433.77777777777777, 'cx_83_82': 469.3333333333333, 'sx_83': 35.55555555555556, 'rz_83': 18.23199803990846, 'x_82': 35.55555555555556, 'cx_73_66': 440.88888888888886, 'cx_65_66': 398.2222222222222, 'rz_68': 90.11618666648609, 'sx_68': 35.55555555555556, 'rz_55': 71.4665620052717, 'cx_69_68': 476.4444444444444, 'sx_67': 35.55555555555556, 'rz_67': 49.168751882928234, 'cx_66_65': 433.77777777777777, 'cx_64_65': 853.3333333333333, 'rz_65': 89.28426566610766, 'sx_65': 35.55555555555556, 'cx_65_64': 817.7777777777777, 'cx_64_63': 405.3333333333333, 'cx_63_64': 440.88888888888886, 'cx_63_62': 547.5555555555555, 'cx_62_63': 512.0, 'sx_62': 35.55555555555556, 'rz_62': 32.25879407973028, 'cx_62_72': 305.77777777777777, 'cx_72_62': 270.22222222222223, 'cx_72_81': 369.77777777777777, 'cx_81_72': 405.3333333333333, 'cx_91_79': 405.3333333333333, 'sx_91': 35.55555555555556, 'rz_91': 34.76353337458812, 'cx_91_98': 419.55555555555554, 'rz_98': 47.59035534614007, 'sx_98': 35.55555555555556, 'cx_97_98': 917.3333333333333, 'cx_99_98': 369.77777777777777, 'cx_98_99': 405.3333333333333, 'cx_99_100': 732.4444444444445, 'cx_100_99': 768.0, 'cx_100_110': 832.0, 'cx_110_118': 405.3333333333333, 'rz_118': 69.35860822342428, 'sx_118': 35.55555555555556, 'cx_117_118': 433.77777777777777, 'cx_119_118': 846.2222222222222, 'cx_118_119': 881.7777777777777, 'cx_119_120': 1130.6666666666665, 'cx_120_119': 1166.2222222222222, 'cx_120_121': 476.4444444444444, 'cx_121_120': 440.88888888888886, 'cx_122_121': 810.6666666666666, 'rz_121': 44.4008351409124, 'sx_121': 35.55555555555556, 'cx_121_122': 846.2222222222222, 'rz_122': 40.73455200120628, 'sx_122': 35.55555555555556, 'cx_111_122': 426.66666666666663, 'sx_111': 35.55555555555556, 'rz_111': 25.034490656129666, 'cx_111_104': 448.0, 'cx_104_111': 483.5555555555555, 'rz_104': 31.7921826468615, 'sx_104': 35.55555555555556, 'cx_104_105': 654.2222222222222, 'rz_105': 51.1028575191479, 'sx_105': 35.55555555555556, 'cx_106_105': 369.77777777777777, 'sx_106': 35.55555555555556, 'rz_106': 56.168656081315866, 'cx_106_93': 476.4444444444444, 'cx_93_106': 440.88888888888886, 'cx_93_87': 440.88888888888886, 'cx_87_93': 476.4444444444444, 'cx_88_87': 462.2222222222222, 'sx_87': 35.55555555555556, 'rz_87': 16.0118610344348, 'rz_93': 20.91454707094997, 'sx_93': 35.55555555555556, 'cx_87_88': 426.66666666666663, 'x_87': 35.55555555555556, 'x_104': 35.55555555555556, 'x_121': 35.55555555555556, 'rz_120': 10.10940943923707, 'cx_116_117': 348.4444444444444, 'cx_117_116': 312.88888888888886, 'rz_117': 58.37775042283845, 'cx_118_110': 440.88888888888886, 'rz_119': 57.32277687996776, 'cx_118_117': 469.3333333333333, 'cx_122_111': 462.2222222222222, 'rz_99': 21.586755887002234, 'sx_117': 35.55555555555556, 'x_118': 35.55555555555556, 'cx_98_97': 952.8888888888888, 'cx_96_97': 362.66666666666663, 'cx_97_96': 398.2222222222222, 'rz_97': 46.6349773087963, 'sx_97': 35.55555555555556, 'x_97': 35.55555555555556, 'rz_96': 42.63687810248357, 'sx_99': 35.55555555555556, 'cx_98_91': 455.1111111111111, 'cx_79_91': 440.88888888888886, 'x_91': 35.55555555555556, 'x_99': 35.55555555555556, 'sx_119': 35.55555555555556, 'sx_81': 35.55555555555556, 'sx_72': 35.55555555555556, 'rz_81': 73.41401393601556, 'rz_82': 41.944574569452904, 'sx_82': 35.55555555555556, 'cx_102_103': 391.1111111111111, 'rz_101': 14.028560638489683, 'sx_101': 35.55555555555556, 'cx_103_104': 476.4444444444444, 'cx_104_103': 512.0, 'x_119': 35.55555555555556, 'rz_103': 90.42387307598773, 'cx_105_104': 689.7777777777777, 'cx_105_106': 405.3333333333333, 'rz_88': 36.98642545035281, 'cx_88_89': 533.3333333333333, 'rz_89': 63.356232176679576, 'cx_89_88': 568.8888888888889, 'measure_74': 864.0}","{'8': 0.013700000000000045, '11': 0.13190000000000002, '12': 0.245, '15': 0.035700000000000065, '16': 0.006000000000000005, '17': 0.050000000000000044, '19': 0.017900000000000027, '20': 0.007000000000000006, '21': 0.03980000000000006, '22': 0.023499999999999965, '23': 0.11809999999999998, '24': 0.024499999999999966, '25': 0.014699999999999935, '26': 0.008499999999999952, '27': 0.03200000000000003, '28': 0.009700000000000042, '29': 0.007600000000000051, '30': 0.009600000000000053, '31': 0.014499999999999957, '32': 0.010399999999999965, '33': 0.009600000000000053, '34': 0.020100000000000007, '35': 0.006700000000000039, '36': 0.0044999999999999485, '37': 0.02180000000000004, '38': 0.00990000000000002, '39': 0.015700000000000047, '40': 0.009600000000000053, '41': 0.02859999999999996, '42': 0.006299999999999972, '43': 0.02059999999999995, '44': 0.026699999999999946, '45': 0.0353, '46': 0.07420000000000004, '47': 0.016100000000000003, '48': 0.005900000000000016, '49': 0.009000000000000008, '50': 0.014100000000000001, '51': 0.005900000000000016, '52': 0.00550000000000006, '53': 0.045600000000000085, '54': 0.012399999999999967, '55': 0.00990000000000002, '56': 0.007000000000000006, '57': 0.01529999999999998, '58': 0.01959999999999995, '59': 0.006699999999999928, '60': 0.055400000000000005, '61': 0.02970000000000006, '62': 0.005400000000000071, '63': 0.0041999999999999815, '64': 0.012399999999999967, '65': 0.0033000000000000806, '66': 0.02410000000000001, '67': 0.04610000000000003, '68': 0.007299999999999973, '69': 0.043300000000000005, '71': 0.014699999999999935, '72': 0.008499999999999952, '73': 0.006799999999999917, '74': 0.023500000000000076, '75': 0.011400000000000077, '76': 0.008299999999999974, '77': 0.017100000000000004, '78': 0.024399999999999977, '79': 0.01539999999999997, '80': 0.07740000000000002, '81': 0.04800000000000004, '82': 0.0373, '83': 0.034499999999999975, '84': 0.005600000000000049, '85': 0.010199999999999987, '86': 0.008599999999999941, '87': 0.04469999999999996, '88': 0.01429999999999998, '89': 0.01100000000000001, '90': 0.026699999999999946, '91': 0.028699999999999948, '92': 0.00770000000000004, '93': 0.07729999999999992, '96': 0.012199999999999989, '97': 0.0050000000000000044, '98': 0.01849999999999996, '99': 0.0686, '100': 0.03299999999999992, '101': 0.02859999999999996, '102': 0.007900000000000018, '103': 0.0131, '104': 0.01089999999999991, '105': 0.01429999999999998, '106': 0.015000000000000013, '110': 0.016599999999999948, '111': 0.0121, '115': 0.01529999999999998, '116': 0.008099999999999996, '117': 0.006900000000000017, '118': 0.011300000000000088, '119': 0.01770000000000005, '120': 0.010299999999999976, '121': 0.01770000000000005, '122': 0.05130000000000001}"
